2.049000000000000057e+02,1.648000000000000114e+02,2.263000000000000114e+02
1.780000000000000000e+02,1.813000000000000114e+02,1.925999999999999943e+02
1.791999999999999886e+02,1.866999999999999886e+02,2.520000000000000000e+02
1.635000000000000000e+02,2.015000000000000000e+02,1.979000000000000057e+02
1.834000000000000057e+02,1.976999999999999886e+02,1.956999999999999886e+02
1.899000000000000057e+02,1.775000000000000000e+02,1.986999999999999886e+02
1.926999999999999886e+02,1.740999999999999943e+02,2.279000000000000057e+02
1.840999999999999943e+02,1.750999999999999943e+02,1.946999999999999886e+02
1.845000000000000000e+02,1.495000000000000000e+02,1.770999999999999943e+02
1.693000000000000114e+02,1.323000000000000114e+02,2.085000000000000000e+02
1.803000000000000114e+02,1.394000000000000057e+02,2.081999999999999886e+02
2.130999999999999943e+02,1.265999999999999943e+02,2.150000000000000000e+02
1.620000000000000000e+02,1.515999999999999943e+02,2.606999999999999886e+02
1.526999999999999886e+02,1.401999999999999886e+02,2.438000000000000114e+02
1.548000000000000114e+02,1.428000000000000114e+02,2.334000000000000057e+02
1.511999999999999886e+02,1.510999999999999943e+02,2.770000000000000000e+02
1.721999999999999886e+02,1.508000000000000114e+02,2.491999999999999886e+02
1.878000000000000114e+02,1.476999999999999886e+02,2.808999999999999773e+02
1.819000000000000057e+02,1.500000000000000000e+02,2.653999999999999773e+02
1.841999999999999886e+02,1.363000000000000114e+02,2.520000000000000000e+02
2.044000000000000057e+02,1.803000000000000114e+02,2.760000000000000000e+02
1.955000000000000000e+02,2.103000000000000114e+02,2.918000000000000114e+02
1.865000000000000000e+02,1.941999999999999886e+02,2.821999999999999886e+02
1.808000000000000114e+02,1.769000000000000057e+02,2.738999999999999773e+02
1.826999999999999886e+02,1.723000000000000114e+02,2.946000000000000227e+02
2.056999999999999886e+02,1.788000000000000114e+02,3.001000000000000227e+02
2.573999999999999773e+02,1.670999999999999943e+02,2.643000000000000114e+02
2.179000000000000057e+02,1.850999999999999943e+02,2.573999999999999773e+02
2.648999999999999773e+02,1.485999999999999943e+02,2.853999999999999773e+02
2.591000000000000227e+02,2.250999999999999943e+02,3.386000000000000227e+02
2.791999999999999886e+02,2.033000000000000114e+02,2.996999999999999886e+02
2.454000000000000057e+02,2.345000000000000000e+02,2.573999999999999773e+02
2.303000000000000114e+02,2.045000000000000000e+02,2.850000000000000000e+02
2.596999999999999886e+02,2.085999999999999943e+02,2.808000000000000114e+02
2.936999999999999886e+02,2.420999999999999943e+02,3.486000000000000227e+02
3.083000000000000114e+02,2.080000000000000000e+02,3.785000000000000000e+02
2.960000000000000000e+02,1.978000000000000114e+02,3.521999999999999886e+02
3.173000000000000114e+02,2.216999999999999886e+02,3.201000000000000227e+02
2.618999999999999773e+02,2.148000000000000114e+02,3.126999999999999886e+02
2.396999999999999886e+02,1.985999999999999943e+02,3.425000000000000000e+02
2.235000000000000000e+02,2.189000000000000057e+02,3.486999999999999886e+02
2.370000000000000000e+02,2.125999999999999943e+02,3.426000000000000227e+02
2.125000000000000000e+02,2.063000000000000114e+02,3.098000000000000114e+02
2.234000000000000057e+02,1.953000000000000114e+02,3.138999999999999773e+02
2.215000000000000000e+02,1.821999999999999886e+02,3.693999999999999773e+02
2.269000000000000057e+02,1.894000000000000057e+02,2.966999999999999886e+02
2.219000000000000057e+02,1.974000000000000057e+02,3.078000000000000114e+02
2.420999999999999943e+02,1.871999999999999886e+02,2.770000000000000000e+02
2.133000000000000114e+02,1.790000000000000000e+02,2.816999999999999886e+02
1.853000000000000114e+02,1.645000000000000000e+02,2.648999999999999773e+02
1.944000000000000057e+02,1.694000000000000057e+02,2.856000000000000227e+02
1.945000000000000000e+02,1.775999999999999943e+02,2.696000000000000227e+02
1.800000000000000000e+02,1.744000000000000057e+02,2.641999999999999886e+02
2.013000000000000114e+02,1.665999999999999943e+02,2.416999999999999886e+02
1.771999999999999886e+02,1.645999999999999943e+02,2.505999999999999943e+02
1.914000000000000057e+02,1.748000000000000114e+02,2.460000000000000000e+02
1.693000000000000114e+02,1.735999999999999943e+02,2.240999999999999943e+02
1.905999999999999943e+02,1.495999999999999943e+02,2.216999999999999886e+02
1.664000000000000057e+02,1.385999999999999943e+02,2.169000000000000057e+02
1.555999999999999943e+02,1.358000000000000114e+02,1.971999999999999886e+02
1.550999999999999943e+02,1.107000000000000028e+02,1.835000000000000000e+02
1.569000000000000057e+02,1.270000000000000000e+02,1.749000000000000057e+02
1.515999999999999943e+02,1.202999999999999972e+02,1.818000000000000114e+02
1.418000000000000114e+02,1.425000000000000000e+02,1.824000000000000057e+02
1.413000000000000114e+02,1.065999999999999943e+02,1.579000000000000057e+02
1.434000000000000057e+02,1.040000000000000000e+02,1.440999999999999943e+02
1.298000000000000114e+02,9.020000000000000284e+01,1.359000000000000057e+02
1.175999999999999943e+02,1.050999999999999943e+02,1.309000000000000057e+02
1.155000000000000000e+02,8.979999999999999716e+01,1.394000000000000057e+02
1.155000000000000000e+02,9.929999999999999716e+01,1.315999999999999943e+02
1.085999999999999943e+02,1.052000000000000028e+02,1.376999999999999886e+02
1.065000000000000000e+02,1.114000000000000057e+02,1.408000000000000114e+02
1.062000000000000028e+02,1.042000000000000028e+02,1.638000000000000114e+02
1.017000000000000028e+02,1.052000000000000028e+02,1.580999999999999943e+02
9.909999999999999432e+01,1.085999999999999943e+02,1.579000000000000057e+02
9.890000000000000568e+01,1.114000000000000057e+02,1.670000000000000000e+02
9.929999999999999716e+01,1.147999999999999972e+02,1.490999999999999943e+02
9.820000000000000284e+01,9.229999999999999716e+01,1.461999999999999886e+02
9.979999999999999716e+01,8.690000000000000568e+01,1.423000000000000114e+02
1.005999999999999943e+02,8.490000000000000568e+01,1.200000000000000000e+02
1.015999999999999943e+02,8.650000000000000000e+01,1.237999999999999972e+02
1.002000000000000028e+02,8.820000000000000284e+01,1.346999999999999886e+02
1.009000000000000057e+02,8.800000000000000000e+01,1.200999999999999943e+02
9.790000000000000568e+01,8.590000000000000568e+01,1.167000000000000028e+02
9.859999999999999432e+01,8.970000000000000284e+01,1.127999999999999972e+02
9.870000000000000284e+01,7.700000000000000000e+01,1.281999999999999886e+02
9.650000000000000000e+01,1.027999999999999972e+02,1.346999999999999886e+02
1.012999999999999972e+02,8.379999999999999716e+01,1.182999999999999972e+02
9.359999999999999432e+01,8.870000000000000284e+01,1.227000000000000028e+02
9.850000000000000000e+01,7.900000000000000000e+01,1.300999999999999943e+02
1.037000000000000028e+02,9.340000000000000568e+01,1.215000000000000000e+02
1.002999999999999972e+02,8.070000000000000284e+01,1.225000000000000000e+02
1.074000000000000057e+02,9.370000000000000284e+01,1.197999999999999972e+02
1.089000000000000057e+02,9.579999999999999716e+01,1.301999999999999886e+02
1.020000000000000000e+02,8.400000000000000000e+01,1.144000000000000057e+02
9.950000000000000000e+01,8.159999999999999432e+01,1.184000000000000057e+02
1.065000000000000000e+02,8.500000000000000000e+01,1.244000000000000057e+02
1.217000000000000028e+02,9.000000000000000000e+01,1.503000000000000114e+02
1.399000000000000057e+02,1.240000000000000000e+02,1.300000000000000000e+02
1.340000000000000000e+02,1.007000000000000028e+02,1.384000000000000057e+02
1.295000000000000000e+02,9.229999999999999716e+01,1.324000000000000057e+02
1.195000000000000000e+02,9.320000000000000284e+01,1.185999999999999943e+02
1.130000000000000000e+02,8.750000000000000000e+01,1.195999999999999943e+02
1.157000000000000028e+02,1.127999999999999972e+02,1.369000000000000057e+02
1.404000000000000057e+02,1.097999999999999972e+02,1.461999999999999886e+02
1.576999999999999886e+02,1.252999999999999972e+02,1.490000000000000000e+02
1.575999999999999943e+02,1.363000000000000114e+02,1.485000000000000000e+02
1.593000000000000114e+02,1.603000000000000114e+02,1.545000000000000000e+02
1.353000000000000114e+02,1.410999999999999943e+02,2.081999999999999886e+02
1.453000000000000114e+02,1.839000000000000057e+02,2.270000000000000000e+02
1.330000000000000000e+02,1.970000000000000000e+02,1.556999999999999886e+02
1.575999999999999943e+02,1.400000000000000000e+02,1.964000000000000057e+02
1.366999999999999886e+02,1.668000000000000114e+02,1.984000000000000057e+02
1.435000000000000000e+02,1.159000000000000057e+02,1.550999999999999943e+02
2.004000000000000057e+02,1.459000000000000057e+02,1.616999999999999886e+02
2.401999999999999886e+02,1.781999999999999886e+02,1.660000000000000000e+02
1.560000000000000000e+02,1.388000000000000114e+02,2.014000000000000057e+02
2.053000000000000114e+02,1.521999999999999886e+02,2.311999999999999886e+02
2.123000000000000114e+02,1.483000000000000114e+02,2.486999999999999886e+02
1.950999999999999943e+02,1.690000000000000000e+02,2.503000000000000114e+02
2.030000000000000000e+02,1.944000000000000057e+02,2.703000000000000114e+02
1.916999999999999886e+02,1.659000000000000057e+02,2.711999999999999886e+02
1.990999999999999943e+02,1.725000000000000000e+02,2.530999999999999943e+02
1.824000000000000057e+02,1.681999999999999886e+02,2.676999999999999886e+02
1.760000000000000000e+02,1.535000000000000000e+02,2.315999999999999943e+02
1.590000000000000000e+02,1.920999999999999943e+02,2.314000000000000057e+02
1.618000000000000114e+02,1.690000000000000000e+02,2.670000000000000000e+02
1.790000000000000000e+02,1.600999999999999943e+02,2.470000000000000000e+02
2.285999999999999943e+02,1.325000000000000000e+02,2.356999999999999886e+02
2.101999999999999886e+02,1.450999999999999943e+02,2.671999999999999886e+02
2.105999999999999943e+02,1.591999999999999886e+02,2.430000000000000000e+02
2.095999999999999943e+02,1.496999999999999886e+02,2.645000000000000000e+02
1.955000000000000000e+02,1.470000000000000000e+02,2.485999999999999943e+02
1.970999999999999943e+02,1.470000000000000000e+02,2.249000000000000057e+02
1.928000000000000114e+02,1.543000000000000114e+02,2.065999999999999943e+02
1.994000000000000057e+02,1.483000000000000114e+02,2.315000000000000000e+02
1.874000000000000057e+02,1.594000000000000057e+02,2.566000000000000227e+02
1.735999999999999943e+02,1.749000000000000057e+02,2.658999999999999773e+02
1.786999999999999886e+02,1.810999999999999943e+02,2.555000000000000000e+02
1.633000000000000114e+02,1.878000000000000114e+02,2.115000000000000000e+02
2.169000000000000057e+02,1.880000000000000000e+02,2.269000000000000057e+02
1.836999999999999886e+02,1.596999999999999886e+02,2.044000000000000057e+02
1.720000000000000000e+02,1.704000000000000057e+02,2.234000000000000057e+02
1.685999999999999943e+02,1.325999999999999943e+02,2.015000000000000000e+02
1.728000000000000114e+02,1.665000000000000000e+02,2.060999999999999943e+02
1.794000000000000057e+02,1.525999999999999943e+02,1.860999999999999943e+02
1.789000000000000057e+02,1.555000000000000000e+02,2.339000000000000057e+02
1.925000000000000000e+02,1.395000000000000000e+02,2.455999999999999943e+02
1.903000000000000114e+02,1.415999999999999943e+02,2.075000000000000000e+02
1.824000000000000057e+02,1.420000000000000000e+02,2.106999999999999886e+02
1.770999999999999943e+02,1.605000000000000000e+02,2.103000000000000114e+02
1.640000000000000000e+02,1.449000000000000057e+02,2.079000000000000057e+02
1.863000000000000114e+02,1.331999999999999886e+02,2.091999999999999886e+02
1.660000000000000000e+02,1.291999999999999886e+02,2.325999999999999943e+02
1.798000000000000114e+02,1.475000000000000000e+02,2.065000000000000000e+02
2.195999999999999943e+02,1.341999999999999886e+02,2.185999999999999943e+02
2.068000000000000114e+02,1.454000000000000057e+02,2.618000000000000114e+02
2.060000000000000000e+02,1.531999999999999886e+02,2.345000000000000000e+02
1.778000000000000114e+02,1.360000000000000000e+02,2.305000000000000000e+02
1.996999999999999886e+02,1.340999999999999943e+02,2.315999999999999943e+02
2.028000000000000114e+02,1.310000000000000000e+02,2.431999999999999886e+02
1.804000000000000057e+02,1.430000000000000000e+02,2.996000000000000227e+02
1.855000000000000000e+02,1.460999999999999943e+02,2.856999999999999886e+02
1.700999999999999943e+02,1.491999999999999886e+02,2.420000000000000000e+02
1.850000000000000000e+02,1.556999999999999886e+02,2.444000000000000057e+02
2.311999999999999886e+02,1.709000000000000057e+02,2.480999999999999943e+02
2.150999999999999943e+02,1.585000000000000000e+02,2.636999999999999886e+02
2.278000000000000114e+02,1.711999999999999886e+02,2.743000000000000114e+02
2.464000000000000057e+02,1.705999999999999943e+02,2.715000000000000000e+02
2.651000000000000227e+02,2.084000000000000057e+02,2.958999999999999773e+02
3.001999999999999886e+02,1.955999999999999943e+02,3.006999999999999886e+02
2.935000000000000000e+02,2.203000000000000114e+02,3.003000000000000114e+02
3.328000000000000114e+02,2.196999999999999886e+02,3.275000000000000000e+02
2.773999999999999773e+02,2.038000000000000114e+02,2.973999999999999773e+02
2.350000000000000000e+02,1.968000000000000114e+02,2.998999999999999773e+02
2.573999999999999773e+02,1.978000000000000114e+02,2.856999999999999886e+02
2.623000000000000114e+02,1.838000000000000114e+02,2.855000000000000000e+02
2.406999999999999886e+02,2.148000000000000114e+02,3.083000000000000114e+02
2.091999999999999886e+02,2.309000000000000057e+02,3.418000000000000114e+02
2.525000000000000000e+02,2.504000000000000057e+02,3.676000000000000227e+02
2.950000000000000000e+02,2.295999999999999943e+02,3.276999999999999886e+02
2.540999999999999943e+02,2.059000000000000057e+02,3.288999999999999773e+02
2.691000000000000227e+02,2.074000000000000057e+02,2.866000000000000227e+02
2.993000000000000114e+02,2.329000000000000057e+02,2.998999999999999773e+02
2.515000000000000000e+02,2.410000000000000000e+02,2.693999999999999773e+02
2.576000000000000227e+02,2.433000000000000114e+02,3.306999999999999886e+02
2.583999999999999773e+02,1.935999999999999943e+02,2.965000000000000000e+02
2.468000000000000114e+02,1.973000000000000114e+02,3.483999999999999773e+02
2.274000000000000057e+02,1.919000000000000057e+02,3.536999999999999886e+02
2.206999999999999886e+02,1.955000000000000000e+02,2.973000000000000114e+02
2.409000000000000057e+02,1.939000000000000057e+02,3.025000000000000000e+02
2.668000000000000114e+02,1.950000000000000000e+02,2.958000000000000114e+02
2.160000000000000000e+02,1.796999999999999886e+02,2.966000000000000227e+02
2.040999999999999943e+02,1.819000000000000057e+02,3.078999999999999773e+02
2.058000000000000114e+02,1.513000000000000114e+02,2.463000000000000114e+02
2.030999999999999943e+02,1.329000000000000057e+02,2.668000000000000114e+02
2.409000000000000057e+02,1.388000000000000114e+02,3.146999999999999886e+02
2.134000000000000057e+02,1.580999999999999943e+02,2.800000000000000000e+02
2.073000000000000114e+02,1.640999999999999943e+02,2.611999999999999886e+02
1.711999999999999886e+02,1.453000000000000114e+02,2.573000000000000114e+02
1.696999999999999886e+02,1.646999999999999886e+02,2.305000000000000000e+02
1.985000000000000000e+02,1.600999999999999943e+02,2.111999999999999886e+02
1.749000000000000057e+02,1.361999999999999886e+02,2.390000000000000000e+02
1.885000000000000000e+02,1.335000000000000000e+02,1.879000000000000057e+02
1.851999999999999886e+02,1.431999999999999886e+02,2.080999999999999943e+02
1.664000000000000057e+02,1.410999999999999943e+02,1.996999999999999886e+02
1.324000000000000057e+02,1.430000000000000000e+02,2.301999999999999886e+02
1.355000000000000000e+02,1.199000000000000057e+02,2.023000000000000114e+02
1.179000000000000057e+02,1.152000000000000028e+02,1.860000000000000000e+02
1.224000000000000057e+02,9.170000000000000284e+01,1.751999999999999886e+02
1.785000000000000000e+02,1.077000000000000028e+02,1.500999999999999943e+02
1.754000000000000057e+02,1.062999999999999972e+02,1.505999999999999943e+02
1.495000000000000000e+02,1.100999999999999943e+02,1.594000000000000057e+02
1.441999999999999886e+02,1.361999999999999886e+02,1.493000000000000114e+02
1.394000000000000057e+02,1.560999999999999943e+02,1.438000000000000114e+02
1.393000000000000114e+02,1.548000000000000114e+02,1.355000000000000000e+02
1.435999999999999943e+02,1.460000000000000000e+02,1.396999999999999886e+02
1.366999999999999886e+02,1.436999999999999886e+02,1.500000000000000000e+02
1.301999999999999886e+02,1.328000000000000114e+02,1.756999999999999886e+02
1.339000000000000057e+02,1.496999999999999886e+02,1.636999999999999886e+02
1.295999999999999943e+02,1.406999999999999886e+02,1.525000000000000000e+02
1.321999999999999886e+02,1.383000000000000114e+02,1.383000000000000114e+02
1.306999999999999886e+02,1.311999999999999886e+02,1.475999999999999943e+02
1.338000000000000114e+02,1.309000000000000057e+02,1.435999999999999943e+02
1.290999999999999943e+02,1.325000000000000000e+02,1.490000000000000000e+02
1.235000000000000000e+02,1.239000000000000057e+02,1.474000000000000057e+02
1.275000000000000000e+02,1.225999999999999943e+02,1.398000000000000114e+02
1.247999999999999972e+02,1.200999999999999943e+02,1.375000000000000000e+02
1.269000000000000057e+02,1.192000000000000028e+02,1.298000000000000114e+02
1.380000000000000000e+02,1.102999999999999972e+02,1.350000000000000000e+02
1.280999999999999943e+02,1.275000000000000000e+02,1.345999999999999943e+02
1.175000000000000000e+02,8.570000000000000284e+01,1.325000000000000000e+02
9.679999999999999716e+01,8.929999999999999716e+01,1.257999999999999972e+02
9.779999999999999716e+01,8.400000000000000000e+01,1.300000000000000000e+02
1.010000000000000000e+02,1.032000000000000028e+02,1.285999999999999943e+02
9.520000000000000284e+01,8.420000000000000284e+01,1.222000000000000028e+02
1.002000000000000028e+02,8.700000000000000000e+01,1.105999999999999943e+02
9.640000000000000568e+01,8.590000000000000568e+01,1.130999999999999943e+02
9.770000000000000284e+01,8.879999999999999716e+01,1.132000000000000028e+02
1.055000000000000000e+02,9.829999999999999716e+01,1.194000000000000057e+02
9.870000000000000284e+01,1.020999999999999943e+02,1.137000000000000028e+02
9.709999999999999432e+01,1.037999999999999972e+02,1.102999999999999972e+02
9.679999999999999716e+01,8.559999999999999432e+01,1.202999999999999972e+02
1.157999999999999972e+02,9.940000000000000568e+01,1.408000000000000114e+02
1.175000000000000000e+02,8.820000000000000284e+01,1.384000000000000057e+02
1.505000000000000000e+02,9.729999999999999716e+01,1.272999999999999972e+02
1.430999999999999943e+02,9.520000000000000284e+01,1.366999999999999886e+02
1.172000000000000028e+02,1.172000000000000028e+02,1.301999999999999886e+02
1.210000000000000000e+02,1.494000000000000057e+02,1.360999999999999943e+02
1.167999999999999972e+02,1.112999999999999972e+02,1.514000000000000057e+02
1.275000000000000000e+02,1.346999999999999886e+02,1.695000000000000000e+02
1.644000000000000057e+02,1.535000000000000000e+02,1.591999999999999886e+02
1.610999999999999943e+02,1.490000000000000000e+02,2.011999999999999886e+02
1.940999999999999943e+02,1.536999999999999886e+02,2.165000000000000000e+02
1.853000000000000114e+02,2.188000000000000114e+02,2.109000000000000057e+02
1.559000000000000057e+02,1.489000000000000057e+02,2.200999999999999943e+02
1.474000000000000057e+02,1.959000000000000057e+02,2.295999999999999943e+02
1.461999999999999886e+02,1.756999999999999886e+02,2.335000000000000000e+02
1.805000000000000000e+02,1.646999999999999886e+02,2.170999999999999943e+02
1.440999999999999943e+02,1.548000000000000114e+02,2.005000000000000000e+02
1.755000000000000000e+02,1.891999999999999886e+02,2.189000000000000057e+02
1.976999999999999886e+02,2.003000000000000114e+02,2.308000000000000114e+02
2.324000000000000057e+02,1.695000000000000000e+02,2.051999999999999886e+02
2.214000000000000057e+02,1.740000000000000000e+02,2.279000000000000057e+02
1.796999999999999886e+02,1.525999999999999943e+02,1.855000000000000000e+02
1.665999999999999943e+02,1.525000000000000000e+02,1.746999999999999886e+02
1.500000000000000000e+02,1.846999999999999886e+02,2.105000000000000000e+02
1.789000000000000057e+02,1.975000000000000000e+02,2.016999999999999886e+02
1.791999999999999886e+02,1.691999999999999886e+02,1.945000000000000000e+02
2.038000000000000114e+02,1.704000000000000057e+02,2.025999999999999943e+02
1.850999999999999943e+02,1.875000000000000000e+02,1.676999999999999886e+02
1.650999999999999943e+02,1.755000000000000000e+02,1.875999999999999943e+02
1.670000000000000000e+02,1.854000000000000057e+02,2.095000000000000000e+02
1.798000000000000114e+02,1.773000000000000114e+02,2.043000000000000114e+02
2.200000000000000000e+02,1.580000000000000000e+02,2.338000000000000114e+02
1.923000000000000114e+02,1.469000000000000057e+02,2.543000000000000114e+02
1.521999999999999886e+02,1.946999999999999886e+02,2.191999999999999886e+02
1.970000000000000000e+02,2.110999999999999943e+02,2.290999999999999943e+02
1.956999999999999886e+02,1.929000000000000057e+02,2.293000000000000114e+02
1.734000000000000057e+02,1.633000000000000114e+02,2.058000000000000114e+02
1.916999999999999886e+02,1.651999999999999886e+02,2.298000000000000114e+02
2.139000000000000057e+02,1.553000000000000114e+02,2.478000000000000114e+02
1.736999999999999886e+02,1.633000000000000114e+02,2.224000000000000057e+02
1.705999999999999943e+02,1.893000000000000114e+02,2.145000000000000000e+02
1.825999999999999943e+02,2.056999999999999886e+02,2.323000000000000114e+02
1.791999999999999886e+02,2.050999999999999943e+02,2.733999999999999773e+02
1.903000000000000114e+02,2.230999999999999943e+02,2.855000000000000000e+02
1.998000000000000114e+02,2.228000000000000114e+02,2.628000000000000114e+02
2.258000000000000114e+02,2.389000000000000057e+02,2.606000000000000227e+02
2.130000000000000000e+02,2.288000000000000114e+02,2.908999999999999773e+02
2.165000000000000000e+02,2.041999999999999886e+02,2.718999999999999773e+02
1.980999999999999943e+02,2.214000000000000057e+02,2.656999999999999886e+02
2.003000000000000114e+02,2.105000000000000000e+02,2.716000000000000227e+02
1.785000000000000000e+02,1.611999999999999886e+02,2.458000000000000114e+02
1.809000000000000057e+02,1.765999999999999943e+02,1.945000000000000000e+02
1.880000000000000000e+02,1.868000000000000114e+02,1.990000000000000000e+02
1.738000000000000114e+02,1.669000000000000057e+02,2.060999999999999943e+02
2.169000000000000057e+02,1.435999999999999943e+02,2.198000000000000114e+02
1.851999999999999886e+02,1.639000000000000057e+02,2.075999999999999943e+02
1.806999999999999886e+02,1.486999999999999886e+02,2.771999999999999886e+02
2.050999999999999943e+02,1.403000000000000114e+02,2.618999999999999773e+02
2.304000000000000057e+02,1.300999999999999943e+02,2.075999999999999943e+02
2.383000000000000114e+02,1.272999999999999972e+02,1.955999999999999943e+02
2.351999999999999886e+02,1.569000000000000057e+02,2.160000000000000000e+02
2.388000000000000114e+02,1.563000000000000114e+02,2.134000000000000057e+02
2.198000000000000114e+02,1.404000000000000057e+02,2.429000000000000057e+02
1.775000000000000000e+02,1.485999999999999943e+02,2.168000000000000114e+02
1.831999999999999886e+02,1.826999999999999886e+02,2.329000000000000057e+02
2.284000000000000057e+02,1.666999999999999886e+02,2.435000000000000000e+02
2.250000000000000000e+02,1.410000000000000000e+02,2.055000000000000000e+02
1.904000000000000057e+02,1.398000000000000114e+02,2.236999999999999886e+02
2.163000000000000114e+02,1.535000000000000000e+02,2.453000000000000114e+02
2.241999999999999886e+02,1.665000000000000000e+02,2.791000000000000227e+02
2.079000000000000057e+02,1.874000000000000057e+02,2.813999999999999773e+02
1.996999999999999886e+02,1.825000000000000000e+02,2.663000000000000114e+02
2.368000000000000114e+02,1.870999999999999943e+02,2.550999999999999943e+02
2.608999999999999773e+02,1.668000000000000114e+02,2.255999999999999943e+02
2.671999999999999886e+02,1.575999999999999943e+02,2.395999999999999943e+02
2.636000000000000227e+02,1.553000000000000114e+02,3.053000000000000114e+02
2.240999999999999943e+02,1.640000000000000000e+02,2.618999999999999773e+02
2.286999999999999886e+02,2.141999999999999886e+02,2.653000000000000114e+02
2.425999999999999943e+02,2.399000000000000057e+02,2.718999999999999773e+02
2.324000000000000057e+02,2.109000000000000057e+02,3.026000000000000227e+02
2.573000000000000114e+02,2.190000000000000000e+02,3.048000000000000114e+02
2.608999999999999773e+02,2.293000000000000114e+02,2.713000000000000114e+02
2.796000000000000227e+02,2.540999999999999943e+02,2.946999999999999886e+02
2.235999999999999943e+02,2.676999999999999886e+02,2.931000000000000227e+02
2.084000000000000057e+02,2.583000000000000114e+02,2.963999999999999773e+02
2.244000000000000057e+02,2.330000000000000000e+02,3.466999999999999886e+02
2.520000000000000000e+02,2.616000000000000227e+02,3.033000000000000114e+02
2.559000000000000057e+02,2.369000000000000057e+02,2.840000000000000000e+02
2.440999999999999943e+02,2.424000000000000057e+02,2.978000000000000114e+02
2.381999999999999886e+02,2.226999999999999886e+02,3.023999999999999773e+02
2.730000000000000000e+02,2.415000000000000000e+02,3.066000000000000227e+02
2.836999999999999886e+02,2.101999999999999886e+02,2.981000000000000227e+02
2.936000000000000227e+02,1.849000000000000057e+02,2.858999999999999773e+02
2.801999999999999886e+02,1.840000000000000000e+02,2.885000000000000000e+02
2.591000000000000227e+02,1.435000000000000000e+02,2.713000000000000114e+02
2.343000000000000114e+02,1.444000000000000057e+02,2.851999999999999886e+02
2.414000000000000057e+02,1.775000000000000000e+02,2.429000000000000057e+02
1.863000000000000114e+02,1.818000000000000114e+02,2.554000000000000057e+02
1.789000000000000057e+02,1.488000000000000114e+02,2.788000000000000114e+02
2.041999999999999886e+02,1.481999999999999886e+02,2.626000000000000227e+02
1.970999999999999943e+02,1.443000000000000114e+02,2.863000000000000114e+02
1.960999999999999943e+02,1.450999999999999943e+02,2.366999999999999886e+02
1.971999999999999886e+02,1.340999999999999943e+02,2.078000000000000114e+02
2.070000000000000000e+02,1.544000000000000057e+02,2.180999999999999943e+02
1.834000000000000057e+02,1.296999999999999886e+02,2.280999999999999943e+02
1.889000000000000057e+02,1.364000000000000057e+02,2.226999999999999886e+02
1.569000000000000057e+02,1.117999999999999972e+02,1.980000000000000000e+02
1.445000000000000000e+02,1.272999999999999972e+02,2.069000000000000057e+02
1.569000000000000057e+02,1.167999999999999972e+02,1.965000000000000000e+02
1.719000000000000057e+02,1.390000000000000000e+02,1.751999999999999886e+02
1.461999999999999886e+02,1.189000000000000057e+02,1.705999999999999943e+02
1.354000000000000057e+02,1.135000000000000000e+02,1.615999999999999943e+02
1.303000000000000114e+02,1.147999999999999972e+02,1.494000000000000057e+02
1.189000000000000057e+02,1.259000000000000057e+02,1.525999999999999943e+02
1.195999999999999943e+02,1.484000000000000057e+02,1.350000000000000000e+02
1.082000000000000028e+02,1.520999999999999943e+02,1.451999999999999886e+02
1.310000000000000000e+02,1.493000000000000114e+02,1.395999999999999943e+02
1.080999999999999943e+02,1.025000000000000000e+02,1.508000000000000114e+02
1.112999999999999972e+02,1.114000000000000057e+02,1.588000000000000114e+02
1.117000000000000028e+02,1.050999999999999943e+02,1.690999999999999943e+02
1.032000000000000028e+02,1.220999999999999943e+02,1.653000000000000114e+02
1.127000000000000028e+02,1.204000000000000057e+02,1.655000000000000000e+02
1.085999999999999943e+02,1.140000000000000000e+02,1.430000000000000000e+02
9.990000000000000568e+01,1.040000000000000000e+02,1.460999999999999943e+02
1.065000000000000000e+02,9.329999999999999716e+01,1.309000000000000057e+02
1.124000000000000057e+02,1.090999999999999943e+02,1.409000000000000057e+02
1.030999999999999943e+02,9.509999999999999432e+01,1.242999999999999972e+02
9.909999999999999432e+01,9.690000000000000568e+01,1.265000000000000000e+02
1.007000000000000028e+02,1.020999999999999943e+02,1.220000000000000000e+02
1.024000000000000057e+02,1.070000000000000000e+02,1.270999999999999943e+02
1.102000000000000028e+02,8.620000000000000284e+01,1.303000000000000114e+02
1.065000000000000000e+02,8.550000000000000000e+01,1.234000000000000057e+02
1.132000000000000028e+02,7.659999999999999432e+01,1.333000000000000114e+02
1.067999999999999972e+02,8.250000000000000000e+01,1.418000000000000114e+02
9.670000000000000284e+01,7.979999999999999716e+01,1.262000000000000028e+02
1.044000000000000057e+02,9.700000000000000000e+01,1.285000000000000000e+02
1.072000000000000028e+02,8.940000000000000568e+01,1.356999999999999886e+02
1.055000000000000000e+02,7.750000000000000000e+01,1.283000000000000114e+02
9.720000000000000284e+01,8.309999999999999432e+01,1.350000000000000000e+02
1.009000000000000057e+02,7.359999999999999432e+01,1.375999999999999943e+02
9.859999999999999432e+01,8.570000000000000284e+01,1.394000000000000057e+02
1.027000000000000028e+02,7.090000000000000568e+01,1.279000000000000057e+02
9.609999999999999432e+01,8.350000000000000000e+01,1.212000000000000028e+02
9.859999999999999432e+01,7.540000000000000568e+01,1.175000000000000000e+02
1.092000000000000028e+02,9.179999999999999716e+01,1.455000000000000000e+02
1.082000000000000028e+02,7.529999999999999716e+01,1.426999999999999886e+02
1.115999999999999943e+02,9.459999999999999432e+01,1.170000000000000000e+02
1.167999999999999972e+02,9.079999999999999716e+01,1.182000000000000028e+02
1.112000000000000028e+02,9.240000000000000568e+01,1.097000000000000028e+02
1.115999999999999943e+02,8.700000000000000000e+01,1.260000000000000000e+02
1.182999999999999972e+02,8.309999999999999432e+01,1.505000000000000000e+02
1.300999999999999943e+02,1.047000000000000028e+02,1.354000000000000057e+02
1.478000000000000114e+02,1.122000000000000028e+02,1.375999999999999943e+02
1.581999999999999886e+02,1.285000000000000000e+02,1.399000000000000057e+02
1.489000000000000057e+02,1.235000000000000000e+02,1.504000000000000057e+02
1.751999999999999886e+02,1.551999999999999886e+02,1.688000000000000114e+02
1.520000000000000000e+02,1.291999999999999886e+02,1.778000000000000114e+02
1.533000000000000114e+02,1.283000000000000114e+02,1.713000000000000114e+02
1.531999999999999886e+02,1.270999999999999943e+02,1.705999999999999943e+02
1.768000000000000114e+02,1.252000000000000028e+02,1.506999999999999886e+02
1.940000000000000000e+02,1.558000000000000114e+02,2.071999999999999886e+02
1.944000000000000057e+02,1.500999999999999943e+02,2.260999999999999943e+02
1.949000000000000057e+02,1.735999999999999943e+02,2.170000000000000000e+02
1.945999999999999943e+02,1.930999999999999943e+02,2.195000000000000000e+02
1.943000000000000114e+02,1.784000000000000057e+02,2.390999999999999943e+02
1.854000000000000057e+02,2.416999999999999886e+02,2.490999999999999943e+02
2.223000000000000114e+02,1.944000000000000057e+02,2.665000000000000000e+02
2.910000000000000000e+02,1.854000000000000057e+02,1.890000000000000000e+02
2.715000000000000000e+02,1.596999999999999886e+02,1.855000000000000000e+02
2.596000000000000227e+02,2.110999999999999943e+02,2.310000000000000000e+02
2.561000000000000227e+02,2.016999999999999886e+02,2.666000000000000227e+02
2.640000000000000000e+02,1.991999999999999886e+02,2.375999999999999943e+02
2.330999999999999943e+02,1.833000000000000114e+02,2.310000000000000000e+02
2.563000000000000114e+02,2.138000000000000114e+02,2.283000000000000114e+02
2.033000000000000114e+02,2.088000000000000114e+02,2.390999999999999943e+02
1.905000000000000000e+02,1.594000000000000057e+02,2.116999999999999886e+02
1.861999999999999886e+02,1.656999999999999886e+02,1.706999999999999886e+02
1.933000000000000114e+02,1.568000000000000114e+02,1.955000000000000000e+02
2.285999999999999943e+02,1.790000000000000000e+02,2.396999999999999886e+02
2.121999999999999886e+02,1.734000000000000057e+02,1.894000000000000057e+02
1.703000000000000114e+02,2.035000000000000000e+02,1.849000000000000057e+02
1.750000000000000000e+02,1.795999999999999943e+02,2.060000000000000000e+02
1.718000000000000114e+02,1.718000000000000114e+02,2.114000000000000057e+02
2.141999999999999886e+02,1.705000000000000000e+02,2.811000000000000227e+02
1.600999999999999943e+02,1.450000000000000000e+02,2.688000000000000114e+02
1.629000000000000057e+02,1.277999999999999972e+02,1.985000000000000000e+02
1.399000000000000057e+02,1.259000000000000057e+02,1.684000000000000057e+02
1.446999999999999886e+02,1.485999999999999943e+02,1.799000000000000057e+02
1.776999999999999886e+02,1.469000000000000057e+02,1.808000000000000114e+02
1.949000000000000057e+02,1.845999999999999943e+02,2.183000000000000114e+02
2.081999999999999886e+02,1.560999999999999943e+02,2.015000000000000000e+02
1.950000000000000000e+02,1.526999999999999886e+02,1.755999999999999943e+02
1.656999999999999886e+02,1.481999999999999886e+02,1.944000000000000057e+02
1.680999999999999943e+02,1.650999999999999943e+02,1.960999999999999943e+02
1.688000000000000114e+02,1.846999999999999886e+02,2.098000000000000114e+02
2.093000000000000114e+02,1.780999999999999943e+02,2.596999999999999886e+02
1.608000000000000114e+02,2.065999999999999943e+02,1.901999999999999886e+02
1.505999999999999943e+02,1.425000000000000000e+02,1.868000000000000114e+02
1.771999999999999886e+02,1.511999999999999886e+02,1.974000000000000057e+02
2.164000000000000057e+02,1.581999999999999886e+02,1.916999999999999886e+02
2.098000000000000114e+02,1.690000000000000000e+02,2.073000000000000114e+02
1.958000000000000114e+02,1.730000000000000000e+02,2.165000000000000000e+02
1.785000000000000000e+02,1.400999999999999943e+02,1.915999999999999943e+02
1.796999999999999886e+02,1.515999999999999943e+02,1.944000000000000057e+02
1.844000000000000057e+02,1.420000000000000000e+02,2.233000000000000114e+02
1.618000000000000114e+02,1.641999999999999886e+02,2.121999999999999886e+02
2.186999999999999886e+02,1.630000000000000000e+02,2.023000000000000114e+02
2.008000000000000114e+02,1.415999999999999943e+02,1.941999999999999886e+02
1.668000000000000114e+02,1.605999999999999943e+02,1.825000000000000000e+02
2.158000000000000114e+02,1.804000000000000057e+02,2.313000000000000114e+02
2.009000000000000057e+02,1.869000000000000057e+02,2.250000000000000000e+02
2.026999999999999886e+02,1.715999999999999943e+02,2.244000000000000057e+02
2.020999999999999943e+02,1.803000000000000114e+02,2.409000000000000057e+02
2.263000000000000114e+02,1.810999999999999943e+02,2.466999999999999886e+02
2.494000000000000057e+02,2.289000000000000057e+02,2.570000000000000000e+02
2.356999999999999886e+02,2.265000000000000000e+02,2.815000000000000000e+02
2.348000000000000114e+02,2.090000000000000000e+02,2.498000000000000114e+02
2.120999999999999943e+02,1.984000000000000057e+02,2.413000000000000114e+02
2.356999999999999886e+02,1.841999999999999886e+02,2.641999999999999886e+02
2.731999999999999886e+02,2.003000000000000114e+02,2.735000000000000000e+02
2.113000000000000114e+02,1.805000000000000000e+02,2.616999999999999886e+02
2.091999999999999886e+02,1.865000000000000000e+02,2.496999999999999886e+02
2.230000000000000000e+02,1.755000000000000000e+02,2.636000000000000227e+02
2.100000000000000000e+02,1.753000000000000114e+02,2.601999999999999886e+02
2.235999999999999943e+02,2.171999999999999886e+02,2.948999999999999773e+02
2.010999999999999943e+02,2.215000000000000000e+02,3.470000000000000000e+02
2.320000000000000000e+02,2.084000000000000057e+02,3.316999999999999886e+02
2.146999999999999886e+02,1.650000000000000000e+02,3.111000000000000227e+02
2.041999999999999886e+02,1.920999999999999943e+02,2.571000000000000227e+02
1.951999999999999886e+02,1.965000000000000000e+02,2.961999999999999886e+02
2.070000000000000000e+02,1.863000000000000114e+02,2.856000000000000227e+02
2.155999999999999943e+02,1.984000000000000057e+02,3.181999999999999886e+02
2.741999999999999886e+02,2.058000000000000114e+02,3.233000000000000114e+02
2.120999999999999943e+02,2.094000000000000057e+02,2.923999999999999773e+02
1.996999999999999886e+02,2.055000000000000000e+02,2.995000000000000000e+02
2.236999999999999886e+02,1.628000000000000114e+02,2.731999999999999886e+02
2.010000000000000000e+02,1.836999999999999886e+02,2.973999999999999773e+02
2.139000000000000057e+02,1.758000000000000114e+02,2.470999999999999943e+02
2.196999999999999886e+02,1.816999999999999886e+02,2.871999999999999886e+02
1.983000000000000114e+02,1.826999999999999886e+02,2.558000000000000114e+02
1.889000000000000057e+02,1.651999999999999886e+02,2.683999999999999773e+02
1.640000000000000000e+02,1.515000000000000000e+02,2.448000000000000114e+02
1.594000000000000057e+02,1.465000000000000000e+02,2.320999999999999943e+02
1.593000000000000114e+02,1.644000000000000057e+02,2.065999999999999943e+02
1.524000000000000057e+02,1.490999999999999943e+02,2.225999999999999943e+02
1.631999999999999886e+02,1.455000000000000000e+02,2.430999999999999943e+02
1.566999999999999886e+02,1.255000000000000000e+02,2.706999999999999886e+02
1.605000000000000000e+02,1.478000000000000114e+02,2.298000000000000114e+02
1.765000000000000000e+02,1.423000000000000114e+02,2.426999999999999886e+02
1.660000000000000000e+02,1.570999999999999943e+02,2.245999999999999943e+02
1.418000000000000114e+02,1.424000000000000057e+02,2.230999999999999943e+02
1.393000000000000114e+02,1.280000000000000000e+02,2.098000000000000114e+02
1.535000000000000000e+02,1.167999999999999972e+02,1.930000000000000000e+02
1.420000000000000000e+02,9.800000000000000000e+01,1.863000000000000114e+02
1.210000000000000000e+02,9.770000000000000284e+01,1.935000000000000000e+02
1.245999999999999943e+02,9.440000000000000568e+01,1.975000000000000000e+02
1.334000000000000057e+02,9.850000000000000000e+01,1.894000000000000057e+02
2.065999999999999943e+02,8.320000000000000284e+01,1.708000000000000114e+02
1.624000000000000057e+02,1.124000000000000057e+02,1.826999999999999886e+02
1.549000000000000057e+02,1.042999999999999972e+02,1.695000000000000000e+02
1.858000000000000114e+02,1.100000000000000000e+02,1.706999999999999886e+02
1.235000000000000000e+02,9.120000000000000284e+01,1.785000000000000000e+02
1.190000000000000000e+02,1.039000000000000057e+02,1.629000000000000057e+02
1.104000000000000057e+02,9.609999999999999432e+01,1.670000000000000000e+02
1.157999999999999972e+02,1.030999999999999943e+02,1.790000000000000000e+02
1.055000000000000000e+02,9.600000000000000000e+01,1.689000000000000057e+02
1.281999999999999886e+02,9.840000000000000568e+01,1.573000000000000114e+02
1.435000000000000000e+02,8.900000000000000000e+01,1.625000000000000000e+02
1.385000000000000000e+02,8.670000000000000284e+01,1.458000000000000114e+02
1.227000000000000028e+02,8.979999999999999716e+01,1.478000000000000114e+02
1.015999999999999943e+02,8.329999999999999716e+01,1.396999999999999886e+02
1.062999999999999972e+02,1.040000000000000000e+02,1.435000000000000000e+02
1.012999999999999972e+02,8.659999999999999432e+01,1.389000000000000057e+02
1.328000000000000114e+02,9.379999999999999716e+01,1.320999999999999943e+02
1.319000000000000057e+02,8.629999999999999716e+01,1.262000000000000028e+02
1.289000000000000057e+02,8.640000000000000568e+01,1.212999999999999972e+02
1.324000000000000057e+02,8.509999999999999432e+01,1.478000000000000114e+02
1.100999999999999943e+02,8.579999999999999716e+01,1.363000000000000114e+02
1.010999999999999943e+02,9.640000000000000568e+01,1.149000000000000057e+02
1.289000000000000057e+02,9.990000000000000568e+01,1.185000000000000000e+02
1.272999999999999972e+02,9.409999999999999432e+01,1.170999999999999943e+02
9.429999999999999716e+01,8.200000000000000000e+01,1.157000000000000028e+02
9.220000000000000284e+01,8.779999999999999716e+01,1.097000000000000028e+02
9.659999999999999432e+01,8.600000000000000000e+01,1.244000000000000057e+02
9.729999999999999716e+01,9.929999999999999716e+01,1.375000000000000000e+02
1.015000000000000000e+02,8.309999999999999432e+01,1.321999999999999886e+02
9.590000000000000568e+01,7.420000000000000284e+01,1.180000000000000000e+02
9.190000000000000568e+01,8.520000000000000284e+01,1.117000000000000028e+02
1.037000000000000028e+02,8.329999999999999716e+01,1.172000000000000028e+02
1.150999999999999943e+02,9.540000000000000568e+01,1.309000000000000057e+02
1.052000000000000028e+02,7.800000000000000000e+01,1.321999999999999886e+02
9.779999999999999716e+01,8.850000000000000000e+01,1.255000000000000000e+02
9.740000000000000568e+01,8.679999999999999716e+01,1.225999999999999943e+02
1.050000000000000000e+02,8.320000000000000284e+01,1.242999999999999972e+02
1.067000000000000028e+02,9.200000000000000000e+01,1.185999999999999943e+02
1.125999999999999943e+02,9.159999999999999432e+01,1.340000000000000000e+02
1.105000000000000000e+02,1.157999999999999972e+02,1.395000000000000000e+02
1.411999999999999886e+02,1.002000000000000028e+02,1.528000000000000114e+02
1.277000000000000028e+02,9.820000000000000284e+01,1.414000000000000057e+02
1.396999999999999886e+02,8.490000000000000568e+01,1.483000000000000114e+02
1.369000000000000057e+02,1.286999999999999886e+02,1.518000000000000114e+02
1.204000000000000057e+02,9.459999999999999432e+01,1.581999999999999886e+02
1.192000000000000028e+02,1.461999999999999886e+02,1.470999999999999943e+02
1.272000000000000028e+02,1.080000000000000000e+02,1.541999999999999886e+02
1.410000000000000000e+02,1.275000000000000000e+02,1.683000000000000114e+02
1.741999999999999886e+02,1.646999999999999886e+02,2.145000000000000000e+02
1.626999999999999886e+02,1.890999999999999943e+02,2.121999999999999886e+02
1.941999999999999886e+02,1.669000000000000057e+02,2.561999999999999886e+02
1.875000000000000000e+02,1.855999999999999943e+02,2.489000000000000057e+02
2.124000000000000057e+02,1.760999999999999943e+02,2.765000000000000000e+02
2.404000000000000057e+02,1.955000000000000000e+02,2.159000000000000057e+02
2.636999999999999886e+02,2.225000000000000000e+02,2.254000000000000057e+02
2.300000000000000000e+02,2.455000000000000000e+02,2.701999999999999886e+02
2.566999999999999886e+02,1.904000000000000057e+02,2.166999999999999886e+02
2.956000000000000227e+02,2.195999999999999943e+02,2.160999999999999943e+02
2.405999999999999943e+02,1.835000000000000000e+02,2.245000000000000000e+02
2.520999999999999943e+02,1.520999999999999943e+02,1.720999999999999943e+02
2.071999999999999886e+02,1.704000000000000057e+02,1.720999999999999943e+02
2.398000000000000114e+02,1.650999999999999943e+02,1.698000000000000114e+02
2.243000000000000114e+02,1.836999999999999886e+02,1.669000000000000057e+02
2.456999999999999886e+02,2.140999999999999943e+02,1.833000000000000114e+02
2.330000000000000000e+02,1.988000000000000114e+02,1.655999999999999943e+02
2.066999999999999886e+02,2.115999999999999943e+02,2.140000000000000000e+02
1.984000000000000057e+02,1.700999999999999943e+02,2.323000000000000114e+02
2.559000000000000057e+02,1.808000000000000114e+02,2.958999999999999773e+02
2.394000000000000057e+02,1.959000000000000057e+02,2.179000000000000057e+02
2.638000000000000114e+02,2.235000000000000000e+02,2.071999999999999886e+02
2.871999999999999886e+02,2.270999999999999943e+02,2.429000000000000057e+02
2.626000000000000227e+02,2.064000000000000057e+02,3.135000000000000000e+02
2.443000000000000114e+02,2.300000000000000000e+02,2.721999999999999886e+02
2.638000000000000114e+02,2.368000000000000114e+02,2.621000000000000227e+02
2.685000000000000000e+02,2.823000000000000114e+02,2.515000000000000000e+02
2.808000000000000114e+02,2.230999999999999943e+02,2.650000000000000000e+02
2.296999999999999886e+02,2.290000000000000000e+02,2.653000000000000114e+02
2.288000000000000114e+02,2.440000000000000000e+02,2.450000000000000000e+02
2.873000000000000114e+02,2.544000000000000057e+02,2.371999999999999886e+02
2.329000000000000057e+02,2.306999999999999886e+02,2.658999999999999773e+02
2.254000000000000057e+02,1.950000000000000000e+02,2.220000000000000000e+02
2.405000000000000000e+02,1.648000000000000114e+02,2.275000000000000000e+02
2.233000000000000114e+02,1.613000000000000114e+02,2.219000000000000057e+02
2.290999999999999943e+02,1.411999999999999886e+02,2.510000000000000000e+02
2.251999999999999886e+02,1.928000000000000114e+02,2.376999999999999886e+02
2.008000000000000114e+02,2.000000000000000000e+02,2.078000000000000114e+02
2.069000000000000057e+02,2.140999999999999943e+02,2.891000000000000227e+02
2.100000000000000000e+02,1.659000000000000057e+02,2.683999999999999773e+02
2.474000000000000057e+02,1.781999999999999886e+02,2.328000000000000114e+02
2.358000000000000114e+02,1.965999999999999943e+02,2.606999999999999886e+02
1.869000000000000057e+02,1.980999999999999943e+02,2.321999999999999886e+02
2.160999999999999943e+02,1.764000000000000057e+02,2.474000000000000057e+02
2.023000000000000114e+02,1.853000000000000114e+02,2.373000000000000114e+02
1.889000000000000057e+02,1.835999999999999943e+02,2.380000000000000000e+02
2.166999999999999886e+02,1.795999999999999943e+02,2.339000000000000057e+02
2.138000000000000114e+02,2.339000000000000057e+02,2.131999999999999886e+02
2.206999999999999886e+02,2.001999999999999886e+02,2.254000000000000057e+02
2.414000000000000057e+02,1.779000000000000057e+02,2.500000000000000000e+02
2.556999999999999886e+02,1.940000000000000000e+02,2.925000000000000000e+02
2.425000000000000000e+02,2.168000000000000114e+02,2.415999999999999943e+02
2.230000000000000000e+02,2.153000000000000114e+02,2.341999999999999886e+02
2.451999999999999886e+02,1.988000000000000114e+02,2.175999999999999943e+02
2.563000000000000114e+02,2.065999999999999943e+02,2.506999999999999886e+02
2.818999999999999773e+02,1.706999999999999886e+02,2.281999999999999886e+02
2.488000000000000114e+02,1.979000000000000057e+02,2.539000000000000057e+02
2.286999999999999886e+02,1.725000000000000000e+02,2.363000000000000114e+02
2.026999999999999886e+02,2.055999999999999943e+02,2.551999999999999886e+02
2.203000000000000114e+02,2.000999999999999943e+02,2.991000000000000227e+02
2.446999999999999886e+02,2.386999999999999886e+02,3.328999999999999773e+02
2.288000000000000114e+02,2.259000000000000057e+02,2.483000000000000114e+02
2.210999999999999943e+02,1.885999999999999943e+02,2.483000000000000114e+02
1.910999999999999943e+02,1.993000000000000114e+02,2.556999999999999886e+02
2.074000000000000057e+02,1.931999999999999886e+02,2.538000000000000114e+02
2.288000000000000114e+02,1.955999999999999943e+02,2.523000000000000114e+02
1.750000000000000000e+02,2.038000000000000114e+02,2.206999999999999886e+02
2.085999999999999943e+02,2.196999999999999886e+02,2.610000000000000000e+02
2.070000000000000000e+02,2.008000000000000114e+02,2.673000000000000114e+02
2.005999999999999943e+02,1.914000000000000057e+02,2.335000000000000000e+02
2.213000000000000114e+02,1.648000000000000114e+02,2.405000000000000000e+02
2.030000000000000000e+02,1.723000000000000114e+02,2.200000000000000000e+02
1.905000000000000000e+02,1.788000000000000114e+02,2.419000000000000057e+02
1.956999999999999886e+02,1.866999999999999886e+02,2.790000000000000000e+02
2.069000000000000057e+02,1.810999999999999943e+02,2.395000000000000000e+02
2.200000000000000000e+02,2.095000000000000000e+02,2.500999999999999943e+02
2.353000000000000114e+02,2.071999999999999886e+02,2.673000000000000114e+02
2.393000000000000114e+02,2.219000000000000057e+02,2.610000000000000000e+02
2.104000000000000057e+02,2.105999999999999943e+02,2.264000000000000057e+02
1.855999999999999943e+02,2.104000000000000057e+02,2.350999999999999943e+02
2.066999999999999886e+02,1.915000000000000000e+02,2.536999999999999886e+02
2.131999999999999886e+02,1.791999999999999886e+02,2.550000000000000000e+02
1.914000000000000057e+02,1.514000000000000057e+02,2.205999999999999943e+02
2.000999999999999943e+02,1.566999999999999886e+02,2.130000000000000000e+02
2.231999999999999886e+02,1.421999999999999886e+02,2.040999999999999943e+02
2.145000000000000000e+02,1.425000000000000000e+02,1.899000000000000057e+02
1.698000000000000114e+02,1.280000000000000000e+02,2.133000000000000114e+02
1.823000000000000114e+02,1.375999999999999943e+02,2.045999999999999943e+02
1.541999999999999886e+02,1.202000000000000028e+02,2.450999999999999943e+02
1.400999999999999943e+02,1.227000000000000028e+02,2.296999999999999886e+02
1.436999999999999886e+02,1.040000000000000000e+02,2.104000000000000057e+02
1.640999999999999943e+02,1.080999999999999943e+02,1.716999999999999886e+02
1.850999999999999943e+02,1.062999999999999972e+02,1.545999999999999943e+02
1.789000000000000057e+02,1.019000000000000057e+02,1.468000000000000114e+02
1.585000000000000000e+02,9.259999999999999432e+01,1.455999999999999943e+02
1.706999999999999886e+02,1.045000000000000000e+02,1.545000000000000000e+02
1.694000000000000057e+02,1.017000000000000028e+02,1.430000000000000000e+02
1.360999999999999943e+02,1.020000000000000000e+02,1.471999999999999886e+02
1.383000000000000114e+02,1.326999999999999886e+02,1.411999999999999886e+02
1.254000000000000057e+02,1.145999999999999943e+02,1.534000000000000057e+02
1.275999999999999943e+02,1.230000000000000000e+02,1.390999999999999943e+02
1.365000000000000000e+02,1.037999999999999972e+02,1.528000000000000114e+02
1.365999999999999943e+02,1.034000000000000057e+02,1.721999999999999886e+02
1.355999999999999943e+02,9.100000000000000000e+01,1.764000000000000057e+02
1.399000000000000057e+02,1.025000000000000000e+02,1.654000000000000057e+02
1.249000000000000057e+02,9.129999999999999716e+01,1.684000000000000057e+02
1.303000000000000114e+02,8.770000000000000284e+01,1.739000000000000057e+02
1.330000000000000000e+02,8.400000000000000000e+01,1.564000000000000057e+02
1.250999999999999943e+02,8.459999999999999432e+01,1.408000000000000114e+02
1.000000000000000000e+02,9.579999999999999716e+01,1.440999999999999943e+02
1.005999999999999943e+02,8.550000000000000000e+01,1.395000000000000000e+02
9.540000000000000568e+01,8.640000000000000568e+01,1.390000000000000000e+02
1.244000000000000057e+02,8.220000000000000284e+01,1.300000000000000000e+02
1.294000000000000057e+02,8.820000000000000284e+01,1.369000000000000057e+02
1.275000000000000000e+02,8.770000000000000284e+01,1.262999999999999972e+02
9.940000000000000568e+01,9.270000000000000284e+01,1.217000000000000028e+02
9.879999999999999716e+01,7.740000000000000568e+01,1.375999999999999943e+02
9.929999999999999716e+01,8.940000000000000568e+01,1.425000000000000000e+02
9.359999999999999432e+01,8.759999999999999432e+01,1.549000000000000057e+02
9.950000000000000000e+01,9.600000000000000000e+01,1.371999999999999886e+02
1.027999999999999972e+02,9.240000000000000568e+01,1.279000000000000057e+02
9.209999999999999432e+01,9.790000000000000568e+01,1.215000000000000000e+02
9.220000000000000284e+01,8.240000000000000568e+01,1.260999999999999943e+02
1.025000000000000000e+02,8.679999999999999716e+01,1.177999999999999972e+02
1.270000000000000000e+02,8.690000000000000568e+01,1.190999999999999943e+02
1.254000000000000057e+02,8.500000000000000000e+01,1.172999999999999972e+02
9.570000000000000284e+01,9.900000000000000000e+01,1.130000000000000000e+02
1.082000000000000028e+02,8.409999999999999432e+01,1.365000000000000000e+02
1.037999999999999972e+02,9.729999999999999716e+01,1.375000000000000000e+02
1.034000000000000057e+02,1.170999999999999943e+02,1.295000000000000000e+02
9.620000000000000284e+01,1.331999999999999886e+02,1.240999999999999943e+02
1.085000000000000000e+02,9.859999999999999432e+01,1.440999999999999943e+02
9.770000000000000284e+01,1.020000000000000000e+02,1.603000000000000114e+02
1.080000000000000000e+02,1.132999999999999972e+02,1.308000000000000114e+02
1.556999999999999886e+02,1.129000000000000057e+02,1.415999999999999943e+02
1.184000000000000057e+02,1.147999999999999972e+02,1.783000000000000114e+02
1.019000000000000057e+02,1.075999999999999943e+02,1.639000000000000057e+02
1.097999999999999972e+02,1.069000000000000057e+02,1.479000000000000057e+02
1.130000000000000000e+02,1.035000000000000000e+02,1.325999999999999943e+02
1.207000000000000028e+02,1.185999999999999943e+02,1.474000000000000057e+02
1.224000000000000057e+02,1.803000000000000114e+02,1.525000000000000000e+02
1.182999999999999972e+02,1.725000000000000000e+02,1.475000000000000000e+02
1.199000000000000057e+02,1.325000000000000000e+02,1.719000000000000057e+02
1.603000000000000114e+02,1.739000000000000057e+02,2.030999999999999943e+02
1.671999999999999886e+02,1.495999999999999943e+02,1.896999999999999886e+02
1.785999999999999943e+02,1.531999999999999886e+02,1.961999999999999886e+02
1.516999999999999886e+02,1.620000000000000000e+02,1.869000000000000057e+02
1.984000000000000057e+02,1.453000000000000114e+02,2.090000000000000000e+02
1.554000000000000057e+02,1.473000000000000114e+02,1.959000000000000057e+02
1.686999999999999886e+02,1.565000000000000000e+02,2.521999999999999886e+02
1.800000000000000000e+02,1.745999999999999943e+02,2.561000000000000227e+02
2.335000000000000000e+02,1.979000000000000057e+02,2.408000000000000114e+02
2.775000000000000000e+02,1.954000000000000057e+02,2.233000000000000114e+02
2.800000000000000000e+02,2.211999999999999886e+02,2.496999999999999886e+02
2.221999999999999886e+02,1.714000000000000057e+02,2.330999999999999943e+02
2.260999999999999943e+02,1.756999999999999886e+02,2.044000000000000057e+02
2.118000000000000114e+02,2.221999999999999886e+02,1.981999999999999886e+02
2.945000000000000000e+02,2.615000000000000000e+02,2.233000000000000114e+02
2.578999999999999773e+02,2.123000000000000114e+02,2.388000000000000114e+02
2.203000000000000114e+02,2.166999999999999886e+02,2.334000000000000057e+02
2.330000000000000000e+02,1.705000000000000000e+02,2.025999999999999943e+02
1.910000000000000000e+02,2.040999999999999943e+02,2.225000000000000000e+02
2.173000000000000114e+02,1.813000000000000114e+02,2.179000000000000057e+02
2.308000000000000114e+02,1.915999999999999943e+02,2.293000000000000114e+02
2.229000000000000057e+02,1.785999999999999943e+02,2.241999999999999886e+02
1.750999999999999943e+02,2.331999999999999886e+02,2.818999999999999773e+02
2.029000000000000057e+02,1.830999999999999943e+02,2.545999999999999943e+02
2.505000000000000000e+02,1.654000000000000057e+02,2.356999999999999886e+02
1.964000000000000057e+02,1.855000000000000000e+02,2.595000000000000000e+02
1.721999999999999886e+02,2.009000000000000057e+02,2.611999999999999886e+02
1.909000000000000057e+02,2.011999999999999886e+02,2.296999999999999886e+02
1.683000000000000114e+02,2.011999999999999886e+02,2.294000000000000057e+02
2.223000000000000114e+02,2.025999999999999943e+02,2.273000000000000114e+02
2.423000000000000114e+02,1.851999999999999886e+02,2.500999999999999943e+02
1.875999999999999943e+02,2.033000000000000114e+02,1.880999999999999943e+02
1.735999999999999943e+02,1.763000000000000114e+02,1.805000000000000000e+02
1.718000000000000114e+02,1.809000000000000057e+02,1.766999999999999886e+02
1.683000000000000114e+02,1.880999999999999943e+02,2.061999999999999886e+02
1.503000000000000114e+02,1.615000000000000000e+02,2.205000000000000000e+02
1.468000000000000114e+02,1.563000000000000114e+02,2.425000000000000000e+02
1.706999999999999886e+02,1.583000000000000114e+02,2.210000000000000000e+02
1.709000000000000057e+02,1.498000000000000114e+02,1.913000000000000114e+02
1.783000000000000114e+02,1.483000000000000114e+02,1.790000000000000000e+02
1.793000000000000114e+02,1.620999999999999943e+02,2.171999999999999886e+02
1.845000000000000000e+02,1.546999999999999886e+02,2.276999999999999886e+02
1.945999999999999943e+02,1.665999999999999943e+02,2.080000000000000000e+02
1.890999999999999943e+02,1.576999999999999886e+02,2.065999999999999943e+02
2.125999999999999943e+02,1.580000000000000000e+02,2.288000000000000114e+02
2.335000000000000000e+02,1.605000000000000000e+02,2.544000000000000057e+02
2.300000000000000000e+02,1.549000000000000057e+02,2.060999999999999943e+02
2.085999999999999943e+02,1.653000000000000114e+02,2.155999999999999943e+02
2.039000000000000057e+02,1.608000000000000114e+02,2.389000000000000057e+02
1.999000000000000057e+02,1.915000000000000000e+02,2.159000000000000057e+02
1.884000000000000057e+02,2.038000000000000114e+02,2.355000000000000000e+02
1.624000000000000057e+02,2.520000000000000000e+02,2.090000000000000000e+02
1.820000000000000000e+02,2.145999999999999943e+02,1.924000000000000057e+02
1.724000000000000057e+02,1.903000000000000114e+02,1.928000000000000114e+02
2.110000000000000000e+02,1.834000000000000057e+02,2.198000000000000114e+02
1.904000000000000057e+02,2.301999999999999886e+02,2.526999999999999886e+02
1.996999999999999886e+02,2.513000000000000114e+02,2.489000000000000057e+02
2.370000000000000000e+02,2.726000000000000227e+02,2.301999999999999886e+02
2.433000000000000114e+02,2.691999999999999886e+02,2.453000000000000114e+02
2.018000000000000114e+02,2.606000000000000227e+02,2.801000000000000227e+02
2.728999999999999773e+02,2.445999999999999943e+02,2.988000000000000114e+02
2.370000000000000000e+02,2.701999999999999886e+02,2.840000000000000000e+02
2.215999999999999943e+02,2.483000000000000114e+02,2.438000000000000114e+02
2.026999999999999886e+02,2.245000000000000000e+02,2.535999999999999943e+02
2.006999999999999886e+02,2.554000000000000057e+02,2.656999999999999886e+02
1.920000000000000000e+02,2.485999999999999943e+02,2.740000000000000000e+02
2.336999999999999886e+02,2.626000000000000227e+02,3.341999999999999886e+02
2.260000000000000000e+02,2.678000000000000114e+02,3.123000000000000114e+02
2.180000000000000000e+02,2.468000000000000114e+02,2.456999999999999886e+02
1.845999999999999943e+02,2.690000000000000000e+02,2.658999999999999773e+02
1.959000000000000057e+02,2.686000000000000227e+02,2.606999999999999886e+02
1.843000000000000114e+02,2.626999999999999886e+02,2.360999999999999943e+02
1.791999999999999886e+02,2.385999999999999943e+02,2.361999999999999886e+02
2.020999999999999943e+02,2.119000000000000057e+02,2.861999999999999886e+02
2.145000000000000000e+02,1.928000000000000114e+02,2.530000000000000000e+02
2.171999999999999886e+02,1.956999999999999886e+02,2.641999999999999886e+02
2.256999999999999886e+02,2.018000000000000114e+02,2.611000000000000227e+02
2.013000000000000114e+02,1.941999999999999886e+02,2.511999999999999886e+02
2.151999999999999886e+02,1.846999999999999886e+02,2.631000000000000227e+02
2.054000000000000057e+02,2.018000000000000114e+02,2.515999999999999943e+02
2.530999999999999943e+02,2.110999999999999943e+02,2.559000000000000057e+02
1.898000000000000114e+02,2.264000000000000057e+02,2.369000000000000057e+02
2.195999999999999943e+02,1.833000000000000114e+02,2.273000000000000114e+02
2.035999999999999943e+02,2.020999999999999943e+02,2.235000000000000000e+02
2.549000000000000057e+02,1.731999999999999886e+02,2.876999999999999886e+02
2.214000000000000057e+02,1.568000000000000114e+02,3.218999999999999773e+02
1.615999999999999943e+02,1.580000000000000000e+02,2.563000000000000114e+02
1.380000000000000000e+02,1.419000000000000057e+02,1.975999999999999943e+02
1.361999999999999886e+02,1.134000000000000057e+02,1.996999999999999886e+02
1.403000000000000114e+02,1.157000000000000028e+02,1.891999999999999886e+02
1.390999999999999943e+02,1.259000000000000057e+02,1.976999999999999886e+02
1.356999999999999886e+02,1.265999999999999943e+02,1.835999999999999943e+02
1.419000000000000057e+02,1.185000000000000000e+02,1.530000000000000000e+02
1.164000000000000057e+02,1.100000000000000000e+02,1.456999999999999886e+02
1.239000000000000057e+02,1.159000000000000057e+02,1.498000000000000114e+02
1.192000000000000028e+02,1.004000000000000057e+02,1.535000000000000000e+02
1.110000000000000000e+02,1.035999999999999943e+02,1.565999999999999943e+02
1.060999999999999943e+02,9.579999999999999716e+01,1.346999999999999886e+02
1.212000000000000028e+02,1.075000000000000000e+02,1.275999999999999943e+02
1.045999999999999943e+02,1.132999999999999972e+02,1.277000000000000028e+02
1.054000000000000057e+02,1.154000000000000057e+02,1.257999999999999972e+02
1.107999999999999972e+02,1.225000000000000000e+02,1.303000000000000114e+02
1.002000000000000028e+02,1.085999999999999943e+02,1.383000000000000114e+02
1.027999999999999972e+02,1.147000000000000028e+02,1.530000000000000000e+02
1.017999999999999972e+02,1.085999999999999943e+02,1.524000000000000057e+02
1.049000000000000057e+02,1.157000000000000028e+02,1.650000000000000000e+02
1.067000000000000028e+02,8.990000000000000568e+01,1.610000000000000000e+02
1.092000000000000028e+02,8.900000000000000000e+01,1.535000000000000000e+02
1.025000000000000000e+02,8.800000000000000000e+01,1.381999999999999886e+02
1.015999999999999943e+02,8.400000000000000000e+01,1.328000000000000114e+02
1.082000000000000028e+02,8.500000000000000000e+01,1.414000000000000057e+02
1.067999999999999972e+02,9.120000000000000284e+01,1.295999999999999943e+02
1.132000000000000028e+02,9.040000000000000568e+01,1.318000000000000114e+02
9.759999999999999432e+01,8.629999999999999716e+01,1.255999999999999943e+02
1.000000000000000000e+02,1.030000000000000000e+02,1.289000000000000057e+02
1.057000000000000028e+02,9.179999999999999716e+01,1.313000000000000114e+02
1.010000000000000000e+02,9.209999999999999432e+01,1.320000000000000000e+02
1.000000000000000000e+02,8.740000000000000568e+01,1.299000000000000057e+02
1.050999999999999943e+02,9.900000000000000000e+01,1.289000000000000057e+02
1.122999999999999972e+02,1.014000000000000057e+02,1.222000000000000028e+02
1.330000000000000000e+02,9.120000000000000284e+01,1.207999999999999972e+02
1.460999999999999943e+02,9.570000000000000284e+01,1.160000000000000000e+02
1.054000000000000057e+02,8.270000000000000284e+01,1.335000000000000000e+02
9.990000000000000568e+01,9.600000000000000000e+01,1.195999999999999943e+02
9.500000000000000000e+01,8.579999999999999716e+01,1.127000000000000028e+02
1.030999999999999943e+02,9.679999999999999716e+01,1.254000000000000057e+02
1.134000000000000057e+02,1.034000000000000057e+02,1.140999999999999943e+02
1.370000000000000000e+02,9.929999999999999716e+01,1.330000000000000000e+02
1.245999999999999943e+02,1.039000000000000057e+02,1.264000000000000057e+02
1.137999999999999972e+02,1.055000000000000000e+02,1.330000000000000000e+02
1.189000000000000057e+02,1.255000000000000000e+02,1.365000000000000000e+02
1.030000000000000000e+02,9.779999999999999716e+01,1.308000000000000114e+02
1.150000000000000000e+02,1.150999999999999943e+02,1.345000000000000000e+02
1.084000000000000057e+02,1.425999999999999943e+02,1.257000000000000028e+02
1.224000000000000057e+02,1.439000000000000057e+02,1.267999999999999972e+02
1.668000000000000114e+02,1.745999999999999943e+02,1.491999999999999886e+02
1.696999999999999886e+02,1.646999999999999886e+02,1.529000000000000057e+02
1.585000000000000000e+02,1.605000000000000000e+02,1.586999999999999886e+02
1.448000000000000114e+02,1.804000000000000057e+02,1.591999999999999886e+02
1.795000000000000000e+02,1.978000000000000114e+02,2.010999999999999943e+02
1.680999999999999943e+02,1.819000000000000057e+02,1.678000000000000114e+02
1.670999999999999943e+02,1.331999999999999886e+02,1.764000000000000057e+02
1.539000000000000057e+02,1.330999999999999943e+02,1.905999999999999943e+02
1.265999999999999943e+02,1.448000000000000114e+02,1.895999999999999943e+02
1.440000000000000000e+02,1.374000000000000057e+02,2.195999999999999943e+02
1.625000000000000000e+02,1.701999999999999886e+02,2.074000000000000057e+02
1.800999999999999943e+02,1.625999999999999943e+02,2.248000000000000114e+02
2.223000000000000114e+02,1.800999999999999943e+02,2.310000000000000000e+02
1.913000000000000114e+02,1.879000000000000057e+02,2.160999999999999943e+02
2.090999999999999943e+02,1.661999999999999886e+02,2.464000000000000057e+02
1.913000000000000114e+02,1.609000000000000057e+02,2.164000000000000057e+02
1.829000000000000057e+02,1.505999999999999943e+02,2.368000000000000114e+02
1.675000000000000000e+02,1.474000000000000057e+02,2.155000000000000000e+02
1.893000000000000114e+02,1.455999999999999943e+02,2.465999999999999943e+02
1.875999999999999943e+02,1.951999999999999886e+02,2.199000000000000057e+02
1.816999999999999886e+02,1.514000000000000057e+02,2.294000000000000057e+02
2.100999999999999943e+02,1.989000000000000057e+02,2.676999999999999886e+02
1.918000000000000114e+02,1.825999999999999943e+02,2.941000000000000227e+02
2.210000000000000000e+02,1.915999999999999943e+02,2.436999999999999886e+02
2.401999999999999886e+02,1.625999999999999943e+02,2.420000000000000000e+02
1.796999999999999886e+02,1.624000000000000057e+02,2.746999999999999886e+02
2.255999999999999943e+02,1.616999999999999886e+02,2.555999999999999943e+02
1.590999999999999943e+02,1.348000000000000114e+02,2.691999999999999886e+02
1.770000000000000000e+02,1.725999999999999943e+02,2.688999999999999773e+02
2.164000000000000057e+02,2.125999999999999943e+02,2.621999999999999886e+02
1.780000000000000000e+02,1.851999999999999886e+02,2.803999999999999773e+02
1.408000000000000114e+02,2.060999999999999943e+02,3.081000000000000227e+02
1.635000000000000000e+02,2.045999999999999943e+02,2.651000000000000227e+02
2.041999999999999886e+02,2.083000000000000114e+02,2.561999999999999886e+02
2.141999999999999886e+02,1.750000000000000000e+02,2.788999999999999773e+02
2.129000000000000057e+02,1.736999999999999886e+02,3.066000000000000227e+02
1.755999999999999943e+02,1.775000000000000000e+02,2.633999999999999773e+02
1.778000000000000114e+02,1.901999999999999886e+02,2.446999999999999886e+02
2.093000000000000114e+02,1.945000000000000000e+02,2.338000000000000114e+02
1.740999999999999943e+02,1.946999999999999886e+02,2.269000000000000057e+02
1.970000000000000000e+02,2.070999999999999943e+02,2.258000000000000114e+02
1.940000000000000000e+02,1.776999999999999886e+02,2.386999999999999886e+02
1.689000000000000057e+02,1.755000000000000000e+02,2.190000000000000000e+02
1.745000000000000000e+02,1.643000000000000114e+02,2.418000000000000114e+02
1.635999999999999943e+02,1.534000000000000057e+02,2.244000000000000057e+02
1.736999999999999886e+02,1.633000000000000114e+02,2.255999999999999943e+02
1.804000000000000057e+02,1.391999999999999886e+02,2.266999999999999886e+02
1.720000000000000000e+02,1.380999999999999943e+02,2.526999999999999886e+02
1.531999999999999886e+02,1.431999999999999886e+02,2.728999999999999773e+02
1.561999999999999886e+02,1.451999999999999886e+02,2.505999999999999943e+02
1.713000000000000114e+02,1.425999999999999943e+02,2.320999999999999943e+02
2.013000000000000114e+02,1.589000000000000057e+02,2.471999999999999886e+02
1.715999999999999943e+02,1.493000000000000114e+02,2.484000000000000057e+02
1.719000000000000057e+02,1.280999999999999943e+02,2.701999999999999886e+02
2.005999999999999943e+02,1.660000000000000000e+02,2.290000000000000000e+02
2.036999999999999886e+02,1.744000000000000057e+02,2.375000000000000000e+02
1.903000000000000114e+02,1.590999999999999943e+02,2.461999999999999886e+02
1.934000000000000057e+02,1.530999999999999943e+02,2.768999999999999773e+02
1.869000000000000057e+02,1.550000000000000000e+02,2.845000000000000000e+02
1.930000000000000000e+02,1.550000000000000000e+02,2.918000000000000114e+02
1.881999999999999886e+02,1.815000000000000000e+02,3.266999999999999886e+02
2.223000000000000114e+02,2.095000000000000000e+02,3.491000000000000227e+02
2.468000000000000114e+02,1.810999999999999943e+02,3.708000000000000114e+02
2.409000000000000057e+02,2.096999999999999886e+02,3.448000000000000114e+02
2.549000000000000057e+02,2.076999999999999886e+02,3.353000000000000114e+02
2.823000000000000114e+02,2.415000000000000000e+02,3.146999999999999886e+02
2.528000000000000114e+02,2.525000000000000000e+02,3.605000000000000000e+02
2.775000000000000000e+02,2.314000000000000057e+02,3.648999999999999773e+02
2.419000000000000057e+02,2.238000000000000114e+02,3.455000000000000000e+02
2.526999999999999886e+02,2.201999999999999886e+02,3.340000000000000000e+02
3.023000000000000114e+02,2.018000000000000114e+02,3.016000000000000227e+02
3.005000000000000000e+02,2.305000000000000000e+02,3.311000000000000227e+02
2.788000000000000114e+02,2.364000000000000057e+02,3.623999999999999773e+02
2.345999999999999943e+02,2.130000000000000000e+02,3.510000000000000000e+02
2.124000000000000057e+02,2.275000000000000000e+02,3.461999999999999886e+02
2.163000000000000114e+02,2.075000000000000000e+02,3.276000000000000227e+02
2.071999999999999886e+02,2.840000000000000000e+02,3.496999999999999886e+02
2.280999999999999943e+02,2.024000000000000057e+02,2.981000000000000227e+02
2.299000000000000057e+02,1.695999999999999943e+02,2.821999999999999886e+02
2.229000000000000057e+02,1.485000000000000000e+02,2.793000000000000114e+02
2.115000000000000000e+02,2.224000000000000057e+02,2.836000000000000227e+02
2.001999999999999886e+02,2.243000000000000114e+02,2.688999999999999773e+02
2.145999999999999943e+02,1.885000000000000000e+02,2.835000000000000000e+02
1.884000000000000057e+02,2.055999999999999943e+02,3.005000000000000000e+02
2.055000000000000000e+02,2.143000000000000114e+02,2.876000000000000227e+02
1.906999999999999886e+02,2.028000000000000114e+02,2.720000000000000000e+02
2.159000000000000057e+02,1.700999999999999943e+02,2.886000000000000227e+02
2.405000000000000000e+02,1.720000000000000000e+02,2.576999999999999886e+02
2.214000000000000057e+02,1.684000000000000057e+02,2.576999999999999886e+02
2.093000000000000114e+02,1.588000000000000114e+02,2.786000000000000227e+02
1.991999999999999886e+02,1.490999999999999943e+02,3.036000000000000227e+02
1.845000000000000000e+02,1.733000000000000114e+02,2.936999999999999886e+02
1.785999999999999943e+02,1.723000000000000114e+02,2.583000000000000114e+02
1.558000000000000114e+02,1.736999999999999886e+02,2.658999999999999773e+02
1.578000000000000114e+02,1.569000000000000057e+02,2.225000000000000000e+02
1.556999999999999886e+02,1.809000000000000057e+02,2.140000000000000000e+02
1.900000000000000000e+02,1.575999999999999943e+02,1.963000000000000114e+02
1.936999999999999886e+02,1.696999999999999886e+02,1.946999999999999886e+02
1.576999999999999886e+02,1.429000000000000057e+02,1.975000000000000000e+02
1.295999999999999943e+02,1.496999999999999886e+02,2.035000000000000000e+02
1.187000000000000028e+02,1.195000000000000000e+02,1.995999999999999943e+02
1.277000000000000028e+02,1.284000000000000057e+02,1.640000000000000000e+02
1.262999999999999972e+02,1.371999999999999886e+02,1.545999999999999943e+02
1.147999999999999972e+02,1.235000000000000000e+02,1.481999999999999886e+02
1.270999999999999943e+02,1.067999999999999972e+02,1.511999999999999886e+02
1.219000000000000057e+02,1.127999999999999972e+02,1.428000000000000114e+02
1.127000000000000028e+02,9.659999999999999432e+01,1.624000000000000057e+02
1.112000000000000028e+02,1.092000000000000028e+02,1.565999999999999943e+02
1.057999999999999972e+02,1.215999999999999943e+02,1.480999999999999943e+02
1.257000000000000028e+02,1.267999999999999972e+02,1.470999999999999943e+02
1.052999999999999972e+02,1.210999999999999943e+02,1.675999999999999943e+02
1.017000000000000028e+02,1.007000000000000028e+02,1.551999999999999886e+02
1.052000000000000028e+02,1.155999999999999943e+02,1.855000000000000000e+02
1.067999999999999972e+02,1.075999999999999943e+02,1.693000000000000114e+02
1.062999999999999972e+02,1.182000000000000028e+02,1.654000000000000057e+02
1.353000000000000114e+02,9.640000000000000568e+01,1.548000000000000114e+02
1.270000000000000000e+02,1.037999999999999972e+02,1.650000000000000000e+02
1.047999999999999972e+02,9.570000000000000284e+01,1.384000000000000057e+02
1.029000000000000057e+02,1.077999999999999972e+02,1.435000000000000000e+02
9.820000000000000284e+01,9.479999999999999716e+01,1.409000000000000057e+02
1.020999999999999943e+02,1.124000000000000057e+02,1.374000000000000057e+02
1.097999999999999972e+02,9.459999999999999432e+01,1.334000000000000057e+02
1.110999999999999943e+02,8.779999999999999716e+01,1.252000000000000028e+02
1.060999999999999943e+02,8.309999999999999432e+01,1.286999999999999886e+02
1.045999999999999943e+02,9.709999999999999432e+01,1.380999999999999943e+02
1.020999999999999943e+02,8.759999999999999432e+01,1.398000000000000114e+02
1.085000000000000000e+02,8.270000000000000284e+01,1.476999999999999886e+02
1.129000000000000057e+02,8.859999999999999432e+01,1.380999999999999943e+02
1.060999999999999943e+02,9.059999999999999432e+01,1.224000000000000057e+02
1.067999999999999972e+02,9.009999999999999432e+01,1.267000000000000028e+02
1.020000000000000000e+02,9.279999999999999716e+01,1.310000000000000000e+02
1.039000000000000057e+02,9.320000000000000284e+01,1.204000000000000057e+02
1.032000000000000028e+02,8.659999999999999432e+01,1.127999999999999972e+02
9.659999999999999432e+01,9.490000000000000568e+01,1.299000000000000057e+02
9.629999999999999716e+01,7.940000000000000568e+01,1.285000000000000000e+02
9.720000000000000284e+01,9.740000000000000568e+01,1.331999999999999886e+02
1.180999999999999943e+02,1.275999999999999943e+02,1.200999999999999943e+02
1.335000000000000000e+02,1.249000000000000057e+02,1.319000000000000057e+02
1.222999999999999972e+02,9.850000000000000000e+01,1.448000000000000114e+02
1.620999999999999943e+02,1.212000000000000028e+02,1.361999999999999886e+02
1.255000000000000000e+02,1.259000000000000057e+02,1.309000000000000057e+02
1.127999999999999972e+02,1.478000000000000114e+02,1.548000000000000114e+02
1.170999999999999943e+02,1.730999999999999943e+02,1.355999999999999943e+02
1.601999999999999886e+02,1.514000000000000057e+02,1.616999999999999886e+02
1.366999999999999886e+02,1.770000000000000000e+02,1.478000000000000114e+02
1.449000000000000057e+02,1.415999999999999943e+02,2.104000000000000057e+02
1.299000000000000057e+02,1.165999999999999943e+02,1.801999999999999886e+02
1.254000000000000057e+02,1.247000000000000028e+02,1.860999999999999943e+02
1.771999999999999886e+02,1.368000000000000114e+02,2.215000000000000000e+02
1.345999999999999943e+02,1.540999999999999943e+02,2.415000000000000000e+02
1.643000000000000114e+02,1.260000000000000000e+02,1.960000000000000000e+02
1.948000000000000114e+02,1.340000000000000000e+02,2.294000000000000057e+02
1.528000000000000114e+02,1.240999999999999943e+02,2.551999999999999886e+02
1.801999999999999886e+02,1.414000000000000057e+02,2.025999999999999943e+02
2.009000000000000057e+02,1.435000000000000000e+02,2.184000000000000057e+02
2.080999999999999943e+02,1.660999999999999943e+02,2.326999999999999886e+02
1.739000000000000057e+02,1.958000000000000114e+02,2.330000000000000000e+02
1.878000000000000114e+02,1.651999999999999886e+02,2.039000000000000057e+02
2.050000000000000000e+02,1.900999999999999943e+02,1.986999999999999886e+02
1.970000000000000000e+02,2.026999999999999886e+02,2.116999999999999886e+02
1.591999999999999886e+02,1.813000000000000114e+02,2.100999999999999943e+02
1.520000000000000000e+02,1.840999999999999943e+02,2.155000000000000000e+02
2.079000000000000057e+02,2.008000000000000114e+02,1.938000000000000114e+02
2.173000000000000114e+02,2.076999999999999886e+02,2.388000000000000114e+02
2.000999999999999943e+02,1.671999999999999886e+02,2.023000000000000114e+02
1.808000000000000114e+02,1.513000000000000114e+02,2.039000000000000057e+02
2.225999999999999943e+02,1.850999999999999943e+02,2.024000000000000057e+02
2.030000000000000000e+02,1.760999999999999943e+02,2.165999999999999943e+02
1.785999999999999943e+02,1.448000000000000114e+02,2.154000000000000057e+02
1.770999999999999943e+02,1.664000000000000057e+02,1.929000000000000057e+02
1.696999999999999886e+02,1.355999999999999943e+02,1.915000000000000000e+02
1.395000000000000000e+02,1.308000000000000114e+02,1.941999999999999886e+02
1.486999999999999886e+02,1.453000000000000114e+02,1.974000000000000057e+02
1.525999999999999943e+02,1.535000000000000000e+02,2.340000000000000000e+02
1.571999999999999886e+02,1.511999999999999886e+02,2.323000000000000114e+02
1.740999999999999943e+02,1.565999999999999943e+02,2.515999999999999943e+02
2.115000000000000000e+02,1.370000000000000000e+02,2.688999999999999773e+02
1.470999999999999943e+02,1.489000000000000057e+02,2.400000000000000000e+02
1.590000000000000000e+02,1.390999999999999943e+02,2.430999999999999943e+02
1.321999999999999886e+02,1.705999999999999943e+02,2.626000000000000227e+02
1.316999999999999886e+02,1.628000000000000114e+02,2.335000000000000000e+02
1.624000000000000057e+02,1.122999999999999972e+02,2.236999999999999886e+02
1.589000000000000057e+02,1.518000000000000114e+02,2.148000000000000114e+02
1.659000000000000057e+02,1.520999999999999943e+02,2.155000000000000000e+02
1.900999999999999943e+02,1.410999999999999943e+02,2.489000000000000057e+02
1.973000000000000114e+02,1.694000000000000057e+02,2.355000000000000000e+02
1.933000000000000114e+02,1.646999999999999886e+02,2.383000000000000114e+02
1.639000000000000057e+02,1.370999999999999943e+02,2.330999999999999943e+02
1.421999999999999886e+02,1.505999999999999943e+02,2.325000000000000000e+02
1.300999999999999943e+02,1.553000000000000114e+02,2.525999999999999943e+02
1.496999999999999886e+02,1.471999999999999886e+02,2.338000000000000114e+02
1.555000000000000000e+02,1.548000000000000114e+02,2.181999999999999886e+02
1.611999999999999886e+02,1.518000000000000114e+02,2.454000000000000057e+02
1.566999999999999886e+02,1.503000000000000114e+02,2.350000000000000000e+02
2.010999999999999943e+02,1.988000000000000114e+02,2.306999999999999886e+02
2.005999999999999943e+02,1.975000000000000000e+02,2.285000000000000000e+02
1.635999999999999943e+02,1.750999999999999943e+02,2.390999999999999943e+02
1.855999999999999943e+02,1.955000000000000000e+02,2.295999999999999943e+02
1.849000000000000057e+02,1.753000000000000114e+02,2.355000000000000000e+02
1.793000000000000114e+02,1.614000000000000057e+02,2.326999999999999886e+02
2.191999999999999886e+02,1.573000000000000114e+02,2.536999999999999886e+02
1.855999999999999943e+02,1.555000000000000000e+02,2.648999999999999773e+02
1.995999999999999943e+02,1.613000000000000114e+02,2.848000000000000114e+02
2.101999999999999886e+02,1.594000000000000057e+02,2.593000000000000114e+02
2.151999999999999886e+02,2.069000000000000057e+02,2.695000000000000000e+02
2.003000000000000114e+02,2.019000000000000057e+02,2.618999999999999773e+02
2.029000000000000057e+02,1.999000000000000057e+02,2.573999999999999773e+02
2.425999999999999943e+02,2.053000000000000114e+02,2.630000000000000000e+02
2.245999999999999943e+02,2.375999999999999943e+02,2.405000000000000000e+02
2.414000000000000057e+02,2.540999999999999943e+02,2.490999999999999943e+02
2.490000000000000000e+02,1.873000000000000114e+02,2.821999999999999886e+02
2.450000000000000000e+02,1.936999999999999886e+02,3.273000000000000114e+02
2.776999999999999886e+02,2.075000000000000000e+02,3.201999999999999886e+02
2.638000000000000114e+02,2.190000000000000000e+02,2.955000000000000000e+02
2.791000000000000227e+02,2.211999999999999886e+02,3.211999999999999886e+02
2.350999999999999943e+02,2.555000000000000000e+02,2.648000000000000114e+02
2.568999999999999773e+02,2.400999999999999943e+02,2.593000000000000114e+02
2.855000000000000000e+02,2.646999999999999886e+02,2.998999999999999773e+02
2.618000000000000114e+02,2.120000000000000000e+02,2.458000000000000114e+02
2.494000000000000057e+02,2.448000000000000114e+02,2.480000000000000000e+02
2.505999999999999943e+02,2.651000000000000227e+02,2.871000000000000227e+02
2.568000000000000114e+02,2.195000000000000000e+02,2.855000000000000000e+02
2.550999999999999943e+02,2.110999999999999943e+02,3.166000000000000227e+02
2.104000000000000057e+02,2.251999999999999886e+02,2.770000000000000000e+02
2.185000000000000000e+02,2.114000000000000057e+02,3.258000000000000114e+02
2.370999999999999943e+02,2.175999999999999943e+02,3.300000000000000000e+02
2.733999999999999773e+02,2.075000000000000000e+02,2.898000000000000114e+02
2.261999999999999886e+02,2.251999999999999886e+02,2.933000000000000114e+02
1.906999999999999886e+02,2.511999999999999886e+02,3.191000000000000227e+02
2.248000000000000114e+02,2.410999999999999943e+02,2.886000000000000227e+02
1.928000000000000114e+02,2.560000000000000000e+02,2.598999999999999773e+02
1.825000000000000000e+02,2.791000000000000227e+02,2.618999999999999773e+02
1.995999999999999943e+02,2.340000000000000000e+02,2.455999999999999943e+02
2.015999999999999943e+02,2.150999999999999943e+02,2.515999999999999943e+02
2.219000000000000057e+02,2.100000000000000000e+02,2.374000000000000057e+02
2.040000000000000000e+02,1.900999999999999943e+02,2.545999999999999943e+02
1.851999999999999886e+02,2.050000000000000000e+02,2.218000000000000114e+02
1.615999999999999943e+02,2.090000000000000000e+02,3.066999999999999886e+02
1.539000000000000057e+02,2.208000000000000114e+02,2.465999999999999943e+02
1.735000000000000000e+02,1.893000000000000114e+02,2.099000000000000057e+02
1.480000000000000000e+02,1.576999999999999886e+02,1.940999999999999943e+02
1.520000000000000000e+02,1.565999999999999943e+02,1.918000000000000114e+02
1.573000000000000114e+02,1.350999999999999943e+02,2.070999999999999943e+02
1.918000000000000114e+02,1.220000000000000000e+02,1.925999999999999943e+02
1.745999999999999943e+02,1.192999999999999972e+02,1.933000000000000114e+02
1.615999999999999943e+02,1.215000000000000000e+02,1.640000000000000000e+02
1.343000000000000114e+02,1.047999999999999972e+02,1.459000000000000057e+02
1.290999999999999943e+02,1.054000000000000057e+02,1.600000000000000000e+02
1.217999999999999972e+02,8.500000000000000000e+01,1.439000000000000057e+02
1.237999999999999972e+02,1.147999999999999972e+02,1.499000000000000057e+02
1.225000000000000000e+02,9.520000000000000284e+01,1.559000000000000057e+02
1.102000000000000028e+02,1.045000000000000000e+02,1.448000000000000114e+02
1.295999999999999943e+02,1.130000000000000000e+02,1.314000000000000057e+02
1.019000000000000057e+02,1.117999999999999972e+02,1.232000000000000028e+02
1.020999999999999943e+02,1.040000000000000000e+02,1.525000000000000000e+02
1.007000000000000028e+02,1.035000000000000000e+02,1.638000000000000114e+02
9.970000000000000284e+01,1.042999999999999972e+02,1.765000000000000000e+02
1.030999999999999943e+02,1.114000000000000057e+02,1.683000000000000114e+02
1.040999999999999943e+02,1.145000000000000000e+02,1.710999999999999943e+02
1.025000000000000000e+02,1.174000000000000057e+02,1.550000000000000000e+02
9.879999999999999716e+01,1.167000000000000028e+02,1.660999999999999943e+02
9.300000000000000000e+01,9.990000000000000568e+01,1.506999999999999886e+02
9.570000000000000284e+01,1.037999999999999972e+02,1.418000000000000114e+02
9.490000000000000568e+01,1.045999999999999943e+02,1.489000000000000057e+02
1.005999999999999943e+02,1.152999999999999972e+02,1.400999999999999943e+02
9.809999999999999432e+01,1.057999999999999972e+02,1.358000000000000114e+02
9.529999999999999716e+01,1.102000000000000028e+02,1.454000000000000057e+02
1.030000000000000000e+02,9.779999999999999716e+01,1.498000000000000114e+02
1.007000000000000028e+02,9.809999999999999432e+01,1.449000000000000057e+02
1.035999999999999943e+02,8.850000000000000000e+01,1.309000000000000057e+02
1.014000000000000057e+02,9.509999999999999432e+01,1.344000000000000057e+02
9.900000000000000000e+01,8.970000000000000284e+01,1.290000000000000000e+02
1.050000000000000000e+02,1.059000000000000057e+02,1.434000000000000057e+02
9.920000000000000284e+01,9.729999999999999716e+01,1.383000000000000114e+02
1.060000000000000000e+02,9.770000000000000284e+01,1.230999999999999943e+02
9.970000000000000284e+01,8.559999999999999432e+01,1.295000000000000000e+02
9.790000000000000568e+01,9.920000000000000284e+01,1.290000000000000000e+02
9.400000000000000000e+01,8.490000000000000568e+01,1.415000000000000000e+02
9.029999999999999716e+01,8.900000000000000000e+01,1.296999999999999886e+02
1.007000000000000028e+02,8.590000000000000568e+01,1.420000000000000000e+02
1.345999999999999943e+02,8.640000000000000568e+01,1.365999999999999943e+02
1.603000000000000114e+02,8.990000000000000568e+01,1.434000000000000057e+02
1.132000000000000028e+02,8.509999999999999432e+01,1.431999999999999886e+02
1.125999999999999943e+02,1.049000000000000057e+02,1.329000000000000057e+02
1.104000000000000057e+02,9.959999999999999432e+01,1.309000000000000057e+02
1.140999999999999943e+02,1.212000000000000028e+02,1.294000000000000057e+02
1.194000000000000057e+02,1.070000000000000000e+02,1.364000000000000057e+02
1.267999999999999972e+02,1.167999999999999972e+02,1.711999999999999886e+02
1.415999999999999943e+02,1.281999999999999886e+02,1.570999999999999943e+02
1.865999999999999943e+02,1.229000000000000057e+02,1.545999999999999943e+02
1.365000000000000000e+02,1.319000000000000057e+02,1.749000000000000057e+02
1.411999999999999886e+02,1.274000000000000057e+02,1.751999999999999886e+02
1.518000000000000114e+02,1.195999999999999943e+02,1.845999999999999943e+02
1.670000000000000000e+02,1.485000000000000000e+02,1.980999999999999943e+02
1.426999999999999886e+02,1.257999999999999972e+02,1.520000000000000000e+02
1.395000000000000000e+02,1.493000000000000114e+02,2.055999999999999943e+02
1.908000000000000114e+02,1.523000000000000114e+02,1.841999999999999886e+02
2.078000000000000114e+02,1.468000000000000114e+02,1.850999999999999943e+02
1.426999999999999886e+02,1.578000000000000114e+02,2.016999999999999886e+02
1.890000000000000000e+02,1.805000000000000000e+02,1.970999999999999943e+02
2.180000000000000000e+02,1.760000000000000000e+02,2.288000000000000114e+02
3.096999999999999886e+02,1.521999999999999886e+02,2.131999999999999886e+02
2.375999999999999943e+02,2.163000000000000114e+02,2.284000000000000057e+02
2.020000000000000000e+02,1.784000000000000057e+02,2.040000000000000000e+02
1.558000000000000114e+02,1.498000000000000114e+02,2.203000000000000114e+02
1.785999999999999943e+02,2.179000000000000057e+02,2.408000000000000114e+02
1.565999999999999943e+02,1.803000000000000114e+02,2.481999999999999886e+02
1.638000000000000114e+02,1.584000000000000057e+02,2.721999999999999886e+02
1.664000000000000057e+02,1.613000000000000114e+02,2.971000000000000227e+02
2.003000000000000114e+02,1.641999999999999886e+02,2.926999999999999886e+02
1.986999999999999886e+02,1.501999999999999886e+02,2.613000000000000114e+02
2.235999999999999943e+02,1.715999999999999943e+02,2.835000000000000000e+02
2.194000000000000057e+02,1.825000000000000000e+02,3.148000000000000114e+02
1.724000000000000057e+02,2.018000000000000114e+02,2.231999999999999886e+02
2.158000000000000114e+02,1.915999999999999943e+02,2.648000000000000114e+02
2.020000000000000000e+02,1.709000000000000057e+02,2.656999999999999886e+02
1.605999999999999943e+02,1.540000000000000000e+02,2.618000000000000114e+02
1.985000000000000000e+02,1.385000000000000000e+02,2.419000000000000057e+02
2.080999999999999943e+02,1.431999999999999886e+02,2.623999999999999773e+02
2.328000000000000114e+02,1.755999999999999943e+02,3.496999999999999886e+02
1.869000000000000057e+02,1.658000000000000114e+02,3.486999999999999886e+02
2.199000000000000057e+02,1.811999999999999886e+02,3.406999999999999886e+02
2.556999999999999886e+02,1.763000000000000114e+02,2.483000000000000114e+02
2.190000000000000000e+02,2.325999999999999943e+02,3.406000000000000227e+02
1.805000000000000000e+02,2.250000000000000000e+02,3.288000000000000114e+02
1.713000000000000114e+02,2.020999999999999943e+02,2.921999999999999886e+02
1.653000000000000114e+02,2.136999999999999886e+02,2.534000000000000057e+02
1.804000000000000057e+02,1.960999999999999943e+02,2.648999999999999773e+02
1.990000000000000000e+02,1.663000000000000114e+02,2.450999999999999943e+02
1.665000000000000000e+02,1.593000000000000114e+02,2.128000000000000114e+02
1.810000000000000000e+02,1.709000000000000057e+02,2.603999999999999773e+02
1.735000000000000000e+02,1.714000000000000057e+02,2.365000000000000000e+02
1.900000000000000000e+02,1.511999999999999886e+02,2.865000000000000000e+02
1.721999999999999886e+02,1.700999999999999943e+02,2.948999999999999773e+02
1.758000000000000114e+02,1.374000000000000057e+02,2.721000000000000227e+02
1.368000000000000114e+02,1.275999999999999943e+02,2.295999999999999943e+02
1.725000000000000000e+02,1.460999999999999943e+02,2.285000000000000000e+02
2.119000000000000057e+02,1.167999999999999972e+02,2.385000000000000000e+02
1.749000000000000057e+02,1.331999999999999886e+02,2.165999999999999943e+02
1.589000000000000057e+02,1.315000000000000000e+02,2.358000000000000114e+02
1.880999999999999943e+02,1.419000000000000057e+02,2.306999999999999886e+02
2.476999999999999886e+02,1.380999999999999943e+02,2.453000000000000114e+02
2.775000000000000000e+02,1.328000000000000114e+02,2.334000000000000057e+02
2.334000000000000057e+02,1.379000000000000057e+02,2.226999999999999886e+02
1.961999999999999886e+02,1.750000000000000000e+02,2.205999999999999943e+02
1.823000000000000114e+02,1.660000000000000000e+02,2.390999999999999943e+02
2.093000000000000114e+02,1.415000000000000000e+02,2.410999999999999943e+02
2.411999999999999886e+02,1.380999999999999943e+02,2.806999999999999886e+02
2.315000000000000000e+02,1.526999999999999886e+02,3.110000000000000000e+02
2.098000000000000114e+02,1.790000000000000000e+02,2.598000000000000114e+02
2.225000000000000000e+02,1.899000000000000057e+02,2.918999999999999773e+02
2.273000000000000114e+02,1.904000000000000057e+02,3.318000000000000114e+02
2.991000000000000227e+02,1.785999999999999943e+02,3.421999999999999886e+02
2.716000000000000227e+02,1.741999999999999886e+02,3.101000000000000227e+02
2.446999999999999886e+02,1.640000000000000000e+02,3.125000000000000000e+02
2.633000000000000114e+02,1.725000000000000000e+02,2.921000000000000227e+02
2.788000000000000114e+02,2.156999999999999886e+02,3.073999999999999773e+02
3.180000000000000000e+02,2.133000000000000114e+02,3.228999999999999773e+02
2.645000000000000000e+02,1.905999999999999943e+02,2.748000000000000114e+02
2.783999999999999773e+02,2.005000000000000000e+02,2.781000000000000227e+02
2.391999999999999886e+02,2.155000000000000000e+02,3.010000000000000000e+02
2.295000000000000000e+02,2.235000000000000000e+02,3.020000000000000000e+02
2.636999999999999886e+02,2.298000000000000114e+02,3.025000000000000000e+02
2.466999999999999886e+02,1.670000000000000000e+02,3.403999999999999773e+02
2.141999999999999886e+02,1.831999999999999886e+02,3.253000000000000114e+02
2.623999999999999773e+02,1.775999999999999943e+02,3.328000000000000114e+02
2.554000000000000057e+02,1.955000000000000000e+02,3.193999999999999773e+02
2.258000000000000114e+02,1.815999999999999943e+02,2.823000000000000114e+02
2.430000000000000000e+02,1.610999999999999943e+02,2.743999999999999773e+02
2.258000000000000114e+02,1.674000000000000057e+02,2.790000000000000000e+02
2.070000000000000000e+02,1.961999999999999886e+02,2.690000000000000000e+02
2.208000000000000114e+02,2.175999999999999943e+02,2.529000000000000057e+02
2.191999999999999886e+02,1.825999999999999943e+02,2.638999999999999773e+02
1.919000000000000057e+02,1.779000000000000057e+02,2.690000000000000000e+02
2.036999999999999886e+02,1.860999999999999943e+02,2.921000000000000227e+02
2.370000000000000000e+02,1.758000000000000114e+02,2.701000000000000227e+02
2.611999999999999886e+02,1.615999999999999943e+02,2.581000000000000227e+02
2.535999999999999943e+02,1.788000000000000114e+02,2.971000000000000227e+02
2.368000000000000114e+02,1.756999999999999886e+02,2.540000000000000000e+02
2.263000000000000114e+02,2.008000000000000114e+02,2.870000000000000000e+02
1.890000000000000000e+02,1.959000000000000057e+02,2.478000000000000114e+02
1.896999999999999886e+02,1.845000000000000000e+02,2.400999999999999943e+02
1.713000000000000114e+02,1.745999999999999943e+02,2.673999999999999773e+02
1.589000000000000057e+02,1.581999999999999886e+02,2.435000000000000000e+02
1.585000000000000000e+02,1.441999999999999886e+02,2.353000000000000114e+02
1.663000000000000114e+02,1.358000000000000114e+02,2.149000000000000057e+02
1.820000000000000000e+02,1.450000000000000000e+02,1.913000000000000114e+02
1.375999999999999943e+02,1.182000000000000028e+02,1.905000000000000000e+02
1.365000000000000000e+02,1.062999999999999972e+02,1.868000000000000114e+02
1.365000000000000000e+02,1.157000000000000028e+02,1.728000000000000114e+02
1.371999999999999886e+02,9.690000000000000568e+01,1.556999999999999886e+02
1.329000000000000057e+02,9.979999999999999716e+01,1.813000000000000114e+02
1.235000000000000000e+02,9.729999999999999716e+01,1.943000000000000114e+02
1.252999999999999972e+02,9.979999999999999716e+01,1.645000000000000000e+02
1.240000000000000000e+02,1.027000000000000028e+02,1.753000000000000114e+02
1.139000000000000057e+02,9.990000000000000568e+01,1.768000000000000114e+02
1.150000000000000000e+02,1.094000000000000057e+02,1.721999999999999886e+02
1.165000000000000000e+02,9.900000000000000000e+01,1.458000000000000114e+02
1.179000000000000057e+02,1.017000000000000028e+02,1.478000000000000114e+02
1.142999999999999972e+02,9.740000000000000568e+01,1.615000000000000000e+02
1.162000000000000028e+02,1.159000000000000057e+02,1.621999999999999886e+02
1.112000000000000028e+02,1.115999999999999943e+02,1.609000000000000057e+02
1.120000000000000000e+02,1.122000000000000028e+02,1.534000000000000057e+02
1.057000000000000028e+02,9.509999999999999432e+01,1.448000000000000114e+02
1.050000000000000000e+02,1.005000000000000000e+02,1.358000000000000114e+02
1.042999999999999972e+02,8.659999999999999432e+01,1.404000000000000057e+02
1.047999999999999972e+02,9.900000000000000000e+01,1.411999999999999886e+02
1.055000000000000000e+02,8.820000000000000284e+01,1.518000000000000114e+02
1.047999999999999972e+02,1.022999999999999972e+02,1.458000000000000114e+02
1.024000000000000057e+02,8.009999999999999432e+01,1.330000000000000000e+02
1.007999999999999972e+02,8.759999999999999432e+01,1.358000000000000114e+02
1.030999999999999943e+02,7.670000000000000284e+01,1.398000000000000114e+02
1.025999999999999943e+02,7.690000000000000568e+01,1.358000000000000114e+02
1.042999999999999972e+02,8.390000000000000568e+01,1.350999999999999943e+02
9.929999999999999716e+01,8.270000000000000284e+01,1.265999999999999943e+02
1.060999999999999943e+02,8.979999999999999716e+01,1.368000000000000114e+02
1.064000000000000057e+02,9.500000000000000000e+01,1.212000000000000028e+02
1.080999999999999943e+02,9.520000000000000284e+01,1.200000000000000000e+02
9.709999999999999432e+01,7.379999999999999716e+01,1.264000000000000057e+02
9.400000000000000000e+01,8.290000000000000568e+01,1.249000000000000057e+02
9.529999999999999716e+01,7.340000000000000568e+01,1.255000000000000000e+02
9.590000000000000568e+01,8.650000000000000000e+01,1.267999999999999972e+02
1.040999999999999943e+02,8.550000000000000000e+01,1.127999999999999972e+02
1.040999999999999943e+02,9.250000000000000000e+01,1.249000000000000057e+02
1.067000000000000028e+02,8.900000000000000000e+01,1.155999999999999943e+02
1.164000000000000057e+02,9.659999999999999432e+01,1.265000000000000000e+02
1.095000000000000000e+02,9.609999999999999432e+01,1.391999999999999886e+02
1.069000000000000057e+02,8.379999999999999716e+01,1.371999999999999886e+02
1.005999999999999943e+02,8.979999999999999716e+01,1.242000000000000028e+02
1.065000000000000000e+02,9.929999999999999716e+01,1.225999999999999943e+02
1.400000000000000000e+02,1.184000000000000057e+02,1.220000000000000000e+02
1.540999999999999943e+02,1.255999999999999943e+02,1.285000000000000000e+02
1.585999999999999943e+02,1.075000000000000000e+02,1.510999999999999943e+02
1.303000000000000114e+02,1.398000000000000114e+02,1.640000000000000000e+02
1.242999999999999972e+02,1.484000000000000057e+02,1.915999999999999943e+02
1.396999999999999886e+02,1.057999999999999972e+02,1.915999999999999943e+02
1.646999999999999886e+02,1.262999999999999972e+02,1.746999999999999886e+02
1.389000000000000057e+02,1.150999999999999943e+02,1.644000000000000057e+02
1.335000000000000000e+02,1.528000000000000114e+02,2.113000000000000114e+02
1.655000000000000000e+02,1.303000000000000114e+02,2.505000000000000000e+02
1.863000000000000114e+02,1.473000000000000114e+02,2.135000000000000000e+02
2.016999999999999886e+02,1.150000000000000000e+02,1.923000000000000114e+02
1.960000000000000000e+02,1.668000000000000114e+02,1.945000000000000000e+02
1.951999999999999886e+02,1.751999999999999886e+02,1.695999999999999943e+02
2.429000000000000057e+02,1.778000000000000114e+02,2.125999999999999943e+02
2.096999999999999886e+02,1.596999999999999886e+02,1.970999999999999943e+02
1.464000000000000057e+02,1.803000000000000114e+02,2.139000000000000057e+02
1.488000000000000114e+02,1.675999999999999943e+02,2.360999999999999943e+02
1.343000000000000114e+02,1.816999999999999886e+02,2.231999999999999886e+02
1.600999999999999943e+02,1.744000000000000057e+02,2.186999999999999886e+02
1.589000000000000057e+02,1.785000000000000000e+02,2.155999999999999943e+02
2.409000000000000057e+02,1.639000000000000057e+02,2.623000000000000114e+02
1.920000000000000000e+02,2.274000000000000057e+02,2.066999999999999886e+02
1.660000000000000000e+02,1.818000000000000114e+02,1.813000000000000114e+02
2.044000000000000057e+02,1.555000000000000000e+02,2.040999999999999943e+02
2.364000000000000057e+02,1.855999999999999943e+02,2.095999999999999943e+02
2.389000000000000057e+02,1.781999999999999886e+02,2.553000000000000114e+02
1.853000000000000114e+02,1.675999999999999943e+02,2.503000000000000114e+02
1.906999999999999886e+02,1.629000000000000057e+02,2.284000000000000057e+02
1.765000000000000000e+02,1.715999999999999943e+02,2.094000000000000057e+02
1.805999999999999943e+02,1.596999999999999886e+02,2.291999999999999886e+02
1.450999999999999943e+02,1.884000000000000057e+02,2.199000000000000057e+02
1.999000000000000057e+02,1.739000000000000057e+02,2.256999999999999886e+02
2.318000000000000114e+02,1.640999999999999943e+02,2.519000000000000057e+02
2.150000000000000000e+02,1.751999999999999886e+02,2.991999999999999886e+02
1.786999999999999886e+02,1.863000000000000114e+02,2.675000000000000000e+02
1.581999999999999886e+02,1.878000000000000114e+02,2.466999999999999886e+02
1.681999999999999886e+02,1.668000000000000114e+02,2.736000000000000227e+02
1.665000000000000000e+02,2.141999999999999886e+02,2.545000000000000000e+02
2.025000000000000000e+02,1.976999999999999886e+02,3.066999999999999886e+02
1.570999999999999943e+02,2.410000000000000000e+02,3.040000000000000000e+02
1.741999999999999886e+02,2.219000000000000057e+02,2.296999999999999886e+02
1.619000000000000057e+02,2.124000000000000057e+02,2.168000000000000114e+02
1.685000000000000000e+02,1.858000000000000114e+02,2.023000000000000114e+02
2.088000000000000114e+02,1.916999999999999886e+02,2.736999999999999886e+02
2.295000000000000000e+02,1.976999999999999886e+02,2.606000000000000227e+02
1.749000000000000057e+02,1.670999999999999943e+02,2.341999999999999886e+02
1.725999999999999943e+02,1.636999999999999886e+02,2.384000000000000057e+02
1.545000000000000000e+02,1.673000000000000114e+02,2.166999999999999886e+02
1.440000000000000000e+02,1.930999999999999943e+02,2.156999999999999886e+02
1.659000000000000057e+02,1.806999999999999886e+02,1.994000000000000057e+02
1.844000000000000057e+02,1.810000000000000000e+02,2.253000000000000114e+02
2.144000000000000057e+02,1.558000000000000114e+02,2.280999999999999943e+02
1.861999999999999886e+02,1.483000000000000114e+02,2.571000000000000227e+02
2.068000000000000114e+02,1.561999999999999886e+02,2.455000000000000000e+02
2.905000000000000000e+02,1.565000000000000000e+02,2.836999999999999886e+02
3.016000000000000227e+02,1.385000000000000000e+02,2.311999999999999886e+02
3.265000000000000000e+02,1.410000000000000000e+02,2.345000000000000000e+02
2.588000000000000114e+02,1.499000000000000057e+02,2.305999999999999943e+02
2.351999999999999886e+02,1.473000000000000114e+02,2.818999999999999773e+02
2.340000000000000000e+02,1.566999999999999886e+02,2.515000000000000000e+02
2.366999999999999886e+02,1.152000000000000028e+02,2.490999999999999943e+02
2.161999999999999886e+02,1.743000000000000114e+02,3.048999999999999773e+02
2.403000000000000114e+02,1.610000000000000000e+02,3.148999999999999773e+02
2.608000000000000114e+02,1.568000000000000114e+02,3.466000000000000227e+02
2.721999999999999886e+02,1.565000000000000000e+02,3.256999999999999886e+02
2.678000000000000114e+02,1.844000000000000057e+02,2.986000000000000227e+02
2.596999999999999886e+02,2.210000000000000000e+02,3.153999999999999773e+02
2.581000000000000227e+02,1.890000000000000000e+02,2.745000000000000000e+02
2.591999999999999886e+02,1.841999999999999886e+02,2.825000000000000000e+02
2.861000000000000227e+02,1.918000000000000114e+02,2.801999999999999886e+02
2.863999999999999773e+02,1.960000000000000000e+02,2.728999999999999773e+02
2.863999999999999773e+02,2.161999999999999886e+02,2.536999999999999886e+02
2.304000000000000057e+02,1.929000000000000057e+02,2.760000000000000000e+02
2.430999999999999943e+02,2.041999999999999886e+02,2.855000000000000000e+02
2.190000000000000000e+02,1.985999999999999943e+02,2.568999999999999773e+02
2.803999999999999773e+02,2.520999999999999943e+02,2.726999999999999886e+02
2.508000000000000114e+02,2.174000000000000057e+02,2.563000000000000114e+02
2.718000000000000114e+02,2.465999999999999943e+02,2.559000000000000057e+02
2.561000000000000227e+02,2.490000000000000000e+02,2.409000000000000057e+02
2.735000000000000000e+02,1.989000000000000057e+02,2.875000000000000000e+02
2.736000000000000227e+02,1.651999999999999886e+02,2.701000000000000227e+02
2.458000000000000114e+02,1.661999999999999886e+02,2.581000000000000227e+02
2.290000000000000000e+02,1.628000000000000114e+02,2.386999999999999886e+02
2.480000000000000000e+02,1.461999999999999886e+02,2.480000000000000000e+02
2.108000000000000114e+02,1.629000000000000057e+02,2.620000000000000000e+02
2.259000000000000057e+02,1.420999999999999943e+02,2.855000000000000000e+02
2.399000000000000057e+02,1.839000000000000057e+02,2.905000000000000000e+02
2.376999999999999886e+02,1.870999999999999943e+02,3.096000000000000227e+02
1.926999999999999886e+02,1.871999999999999886e+02,3.010000000000000000e+02
2.134000000000000057e+02,1.724000000000000057e+02,2.756000000000000227e+02
1.845999999999999943e+02,1.614000000000000057e+02,2.721999999999999886e+02
1.893000000000000114e+02,1.705999999999999943e+02,2.180000000000000000e+02
1.763000000000000114e+02,1.695000000000000000e+02,2.288000000000000114e+02
1.700999999999999943e+02,1.674000000000000057e+02,2.305999999999999943e+02
1.773000000000000114e+02,1.604000000000000057e+02,2.686000000000000227e+02
1.670000000000000000e+02,1.406999999999999886e+02,2.400999999999999943e+02
1.780999999999999943e+02,1.277999999999999972e+02,2.369000000000000057e+02
1.841999999999999886e+02,1.494000000000000057e+02,2.319000000000000057e+02
1.900000000000000000e+02,1.284000000000000057e+02,1.970999999999999943e+02
1.738000000000000114e+02,1.285999999999999943e+02,1.815000000000000000e+02
1.724000000000000057e+02,1.250999999999999943e+02,1.880999999999999943e+02
1.425999999999999943e+02,9.959999999999999432e+01,1.771999999999999886e+02
1.420999999999999943e+02,1.293000000000000114e+02,1.795999999999999943e+02
1.430000000000000000e+02,1.070999999999999943e+02,1.795000000000000000e+02
1.361999999999999886e+02,1.062999999999999972e+02,1.621999999999999886e+02
1.285000000000000000e+02,9.759999999999999432e+01,1.578000000000000114e+02
1.333000000000000114e+02,9.740000000000000568e+01,1.536999999999999886e+02
1.142999999999999972e+02,9.000000000000000000e+01,1.605999999999999943e+02
1.115999999999999943e+02,1.055000000000000000e+02,1.505999999999999943e+02
1.122999999999999972e+02,1.227999999999999972e+02,1.413000000000000114e+02
1.145999999999999943e+02,1.167000000000000028e+02,1.455000000000000000e+02
1.197999999999999972e+02,1.147999999999999972e+02,1.504000000000000057e+02
1.217000000000000028e+02,9.059999999999999432e+01,1.536999999999999886e+02
1.142000000000000028e+02,1.117999999999999972e+02,1.551999999999999886e+02
1.175999999999999943e+02,9.879999999999999716e+01,1.513000000000000114e+02
1.210999999999999943e+02,1.102000000000000028e+02,1.430999999999999943e+02
1.189000000000000057e+02,1.070000000000000000e+02,1.436999999999999886e+02
1.394000000000000057e+02,9.800000000000000000e+01,1.340999999999999943e+02
1.375000000000000000e+02,9.279999999999999716e+01,1.366999999999999886e+02
1.371999999999999886e+02,9.450000000000000000e+01,1.290000000000000000e+02
1.047999999999999972e+02,1.000000000000000000e+02,1.345999999999999943e+02
1.087000000000000028e+02,9.940000000000000568e+01,1.252999999999999972e+02
1.052000000000000028e+02,1.042999999999999972e+02,1.285999999999999943e+02
1.295000000000000000e+02,8.300000000000000000e+01,1.360000000000000000e+02
1.339000000000000057e+02,8.929999999999999716e+01,1.252999999999999972e+02
1.328000000000000114e+02,8.320000000000000284e+01,1.331999999999999886e+02
1.135000000000000000e+02,8.909999999999999432e+01,1.288000000000000114e+02
1.082000000000000028e+02,7.840000000000000568e+01,1.237000000000000028e+02
1.075999999999999943e+02,8.440000000000000568e+01,1.220000000000000000e+02
1.335999999999999943e+02,8.800000000000000000e+01,1.197999999999999972e+02
1.294000000000000057e+02,8.509999999999999432e+01,1.149000000000000057e+02
1.350000000000000000e+02,7.559999999999999432e+01,1.170999999999999943e+02
1.299000000000000057e+02,7.620000000000000284e+01,1.134000000000000057e+02
1.325999999999999943e+02,8.920000000000000284e+01,1.162000000000000028e+02
1.207999999999999972e+02,8.659999999999999432e+01,1.501999999999999886e+02
1.062999999999999972e+02,9.300000000000000000e+01,1.269000000000000057e+02
1.140000000000000000e+02,8.240000000000000568e+01,1.239000000000000057e+02
1.050999999999999943e+02,9.490000000000000568e+01,1.190000000000000000e+02
1.434000000000000057e+02,8.450000000000000000e+01,1.167999999999999972e+02
1.326999999999999886e+02,1.120999999999999943e+02,1.152999999999999972e+02
1.375000000000000000e+02,9.820000000000000284e+01,1.205999999999999943e+02
1.037999999999999972e+02,9.900000000000000000e+01,1.345999999999999943e+02
1.004000000000000057e+02,1.140000000000000000e+02,1.204000000000000057e+02
1.075000000000000000e+02,1.122000000000000028e+02,1.272999999999999972e+02
1.573000000000000114e+02,1.050000000000000000e+02,1.343000000000000114e+02
1.435000000000000000e+02,1.057999999999999972e+02,1.207999999999999972e+02
1.219000000000000057e+02,1.185999999999999943e+02,1.461999999999999886e+02
1.425000000000000000e+02,1.147999999999999972e+02,1.425000000000000000e+02
1.676999999999999886e+02,1.110000000000000000e+02,1.296999999999999886e+02
1.933000000000000114e+02,1.162999999999999972e+02,1.350999999999999943e+02
1.420999999999999943e+02,1.451999999999999886e+02,1.505999999999999943e+02
1.207000000000000028e+02,1.529000000000000057e+02,1.370999999999999943e+02
1.483000000000000114e+02,1.811999999999999886e+02,1.298000000000000114e+02
1.485000000000000000e+02,1.600999999999999943e+02,1.558000000000000114e+02
1.588000000000000114e+02,1.745999999999999943e+02,1.641999999999999886e+02
1.383000000000000114e+02,1.823000000000000114e+02,1.398000000000000114e+02
1.460000000000000000e+02,1.460999999999999943e+02,1.611999999999999886e+02
1.466999999999999886e+02,1.515999999999999943e+02,1.701999999999999886e+02
1.671999999999999886e+02,1.549000000000000057e+02,2.010999999999999943e+02
1.540000000000000000e+02,1.556999999999999886e+02,2.209000000000000057e+02
1.430000000000000000e+02,1.689000000000000057e+02,2.250999999999999943e+02
1.759000000000000057e+02,1.704000000000000057e+02,2.171999999999999886e+02
1.588000000000000114e+02,1.400000000000000000e+02,2.013000000000000114e+02
1.510999999999999943e+02,1.252000000000000028e+02,1.818000000000000114e+02
1.659000000000000057e+02,1.314000000000000057e+02,1.794000000000000057e+02
1.994000000000000057e+02,1.187999999999999972e+02,2.268000000000000114e+02
2.041999999999999886e+02,1.370999999999999943e+02,2.188000000000000114e+02
1.965999999999999943e+02,1.780000000000000000e+02,1.926999999999999886e+02
2.200000000000000000e+02,1.481999999999999886e+02,2.090000000000000000e+02
2.069000000000000057e+02,1.570999999999999943e+02,1.979000000000000057e+02
1.955999999999999943e+02,1.643000000000000114e+02,2.360999999999999943e+02
2.293000000000000114e+02,1.704000000000000057e+02,2.750000000000000000e+02
1.750000000000000000e+02,1.573000000000000114e+02,2.139000000000000057e+02
1.390000000000000000e+02,1.279000000000000057e+02,1.828000000000000114e+02
1.499000000000000057e+02,1.425999999999999943e+02,2.030999999999999943e+02
1.521999999999999886e+02,1.272999999999999972e+02,2.116999999999999886e+02
1.911999999999999886e+02,1.808000000000000114e+02,2.420999999999999943e+02
2.286999999999999886e+02,1.585999999999999943e+02,2.463000000000000114e+02
2.660000000000000000e+02,1.636999999999999886e+02,2.876000000000000227e+02
1.791999999999999886e+02,1.245999999999999943e+02,2.465999999999999943e+02
1.745000000000000000e+02,1.335000000000000000e+02,2.541999999999999886e+02
1.604000000000000057e+02,1.245000000000000000e+02,2.200999999999999943e+02
1.700000000000000000e+02,1.654000000000000057e+02,2.229000000000000057e+02
1.966999999999999886e+02,1.575999999999999943e+02,1.890999999999999943e+02
2.125999999999999943e+02,1.429000000000000057e+02,2.296999999999999886e+02
1.954000000000000057e+02,1.450999999999999943e+02,2.344000000000000057e+02
1.908000000000000114e+02,1.202000000000000028e+02,2.149000000000000057e+02
2.424000000000000057e+02,1.665000000000000000e+02,2.495999999999999943e+02
2.406999999999999886e+02,1.498000000000000114e+02,2.646999999999999886e+02
2.059000000000000057e+02,1.306999999999999886e+02,2.293000000000000114e+02
1.790999999999999943e+02,1.180999999999999943e+02,2.015000000000000000e+02
1.774000000000000057e+02,1.420000000000000000e+02,1.698000000000000114e+02
2.563999999999999773e+02,1.075999999999999943e+02,1.714000000000000057e+02
3.440000000000000000e+02,1.167999999999999972e+02,2.001999999999999886e+02
3.021000000000000227e+02,1.634000000000000057e+02,2.498000000000000114e+02
2.640000000000000000e+02,1.694000000000000057e+02,2.671000000000000227e+02
2.274000000000000057e+02,1.655999999999999943e+02,2.339000000000000057e+02
2.459000000000000057e+02,1.605000000000000000e+02,2.095999999999999943e+02
2.618999999999999773e+02,1.616999999999999886e+02,2.449000000000000057e+02
2.231999999999999886e+02,1.580999999999999943e+02,2.413000000000000114e+02
2.023000000000000114e+02,1.634000000000000057e+02,2.318000000000000114e+02
2.190000000000000000e+02,1.584000000000000057e+02,2.208000000000000114e+02
2.323000000000000114e+02,1.660999999999999943e+02,2.235000000000000000e+02
2.198000000000000114e+02,1.533000000000000114e+02,2.361999999999999886e+02
2.179000000000000057e+02,1.588000000000000114e+02,3.138000000000000114e+02
2.475999999999999943e+02,1.718000000000000114e+02,2.310999999999999943e+02
2.240000000000000000e+02,1.845000000000000000e+02,2.591000000000000227e+02
2.305000000000000000e+02,1.536999999999999886e+02,2.290000000000000000e+02
2.148000000000000114e+02,1.538000000000000114e+02,2.378000000000000114e+02
2.183000000000000114e+02,1.559000000000000057e+02,2.488000000000000114e+02
2.503000000000000114e+02,1.895999999999999943e+02,2.409000000000000057e+02
2.281999999999999886e+02,1.596999999999999886e+02,1.978000000000000114e+02
2.424000000000000057e+02,1.624000000000000057e+02,2.250999999999999943e+02
2.451999999999999886e+02,1.635000000000000000e+02,2.630000000000000000e+02
2.450999999999999943e+02,1.865000000000000000e+02,2.753000000000000114e+02
2.260999999999999943e+02,2.253000000000000114e+02,2.728000000000000114e+02
2.134000000000000057e+02,1.858000000000000114e+02,2.433000000000000114e+02
2.249000000000000057e+02,1.841999999999999886e+02,2.415000000000000000e+02
2.024000000000000057e+02,1.696999999999999886e+02,2.559000000000000057e+02
2.208000000000000114e+02,2.010000000000000000e+02,2.490000000000000000e+02
2.166999999999999886e+02,1.894000000000000057e+02,2.393000000000000114e+02
2.156999999999999886e+02,1.785999999999999943e+02,2.434000000000000057e+02
2.254000000000000057e+02,1.655000000000000000e+02,2.508000000000000114e+02
2.359000000000000057e+02,1.804000000000000057e+02,2.289000000000000057e+02
2.551999999999999886e+02,1.671999999999999886e+02,2.250999999999999943e+02
2.663000000000000114e+02,1.934000000000000057e+02,2.843000000000000114e+02
2.686000000000000227e+02,2.280000000000000000e+02,2.960000000000000000e+02
2.140999999999999943e+02,1.795000000000000000e+02,3.013000000000000114e+02
2.076999999999999886e+02,1.793000000000000114e+02,3.228999999999999773e+02
1.858000000000000114e+02,1.555000000000000000e+02,3.040000000000000000e+02
1.970000000000000000e+02,1.804000000000000057e+02,2.938999999999999773e+02
2.115000000000000000e+02,1.806999999999999886e+02,2.933999999999999773e+02
1.870000000000000000e+02,1.710999999999999943e+02,2.695000000000000000e+02
1.795000000000000000e+02,1.688000000000000114e+02,2.596000000000000227e+02
1.935999999999999943e+02,1.601999999999999886e+02,2.401999999999999886e+02
1.934000000000000057e+02,1.704000000000000057e+02,2.365000000000000000e+02
2.005000000000000000e+02,1.429000000000000057e+02,2.244000000000000057e+02
2.010000000000000000e+02,1.739000000000000057e+02,2.075000000000000000e+02
1.940999999999999943e+02,1.423000000000000114e+02,2.545999999999999943e+02
2.020999999999999943e+02,1.659000000000000057e+02,2.353000000000000114e+02
2.004000000000000057e+02,1.650000000000000000e+02,1.993000000000000114e+02
2.093000000000000114e+02,1.671999999999999886e+02,2.035000000000000000e+02
1.594000000000000057e+02,1.366999999999999886e+02,2.045000000000000000e+02
1.505000000000000000e+02,1.455999999999999943e+02,1.730999999999999943e+02
1.450999999999999943e+02,1.395999999999999943e+02,1.755999999999999943e+02
1.543000000000000114e+02,1.192999999999999972e+02,1.730000000000000000e+02
1.328000000000000114e+02,1.180999999999999943e+02,1.785999999999999943e+02
1.323000000000000114e+02,1.114000000000000057e+02,1.664000000000000057e+02
1.604000000000000057e+02,1.182999999999999972e+02,1.788000000000000114e+02
1.545999999999999943e+02,1.152000000000000028e+02,1.788000000000000114e+02
1.265000000000000000e+02,1.269000000000000057e+02,1.669000000000000057e+02
1.393000000000000114e+02,1.082999999999999972e+02,1.604000000000000057e+02
1.320000000000000000e+02,1.378000000000000114e+02,2.299000000000000057e+02
1.257999999999999972e+02,1.409000000000000057e+02,1.560999999999999943e+02
1.207999999999999972e+02,1.413000000000000114e+02,1.635000000000000000e+02
1.144000000000000057e+02,1.375999999999999943e+02,1.505999999999999943e+02
1.195999999999999943e+02,1.329000000000000057e+02,1.636999999999999886e+02
1.281999999999999886e+02,1.453000000000000114e+02,1.780999999999999943e+02
1.313000000000000114e+02,1.415000000000000000e+02,1.820000000000000000e+02
1.365000000000000000e+02,1.513000000000000114e+02,1.708000000000000114e+02
1.265999999999999943e+02,1.298000000000000114e+02,1.793000000000000114e+02
1.150000000000000000e+02,9.950000000000000000e+01,1.730999999999999943e+02
1.150999999999999943e+02,9.420000000000000284e+01,1.548000000000000114e+02
1.189000000000000057e+02,9.120000000000000284e+01,1.473000000000000114e+02
1.225000000000000000e+02,8.400000000000000000e+01,1.383000000000000114e+02
1.157000000000000028e+02,7.529999999999999716e+01,1.316999999999999886e+02
1.135000000000000000e+02,9.020000000000000284e+01,1.345000000000000000e+02
1.077999999999999972e+02,7.479999999999999716e+01,1.356999999999999886e+02
1.090000000000000000e+02,9.600000000000000000e+01,1.341999999999999886e+02
1.054000000000000057e+02,7.959999999999999432e+01,1.279000000000000057e+02
1.052000000000000028e+02,8.359999999999999432e+01,1.398000000000000114e+02
1.035999999999999943e+02,8.420000000000000284e+01,1.325000000000000000e+02
1.077000000000000028e+02,8.279999999999999716e+01,1.254000000000000057e+02
1.007999999999999972e+02,8.640000000000000568e+01,1.272000000000000028e+02
9.509999999999999432e+01,8.259999999999999432e+01,1.197999999999999972e+02
9.920000000000000284e+01,8.620000000000000284e+01,1.190000000000000000e+02
9.250000000000000000e+01,7.550000000000000000e+01,1.197000000000000028e+02
9.920000000000000284e+01,8.159999999999999432e+01,1.175999999999999943e+02
9.620000000000000284e+01,7.470000000000000284e+01,1.257000000000000028e+02
9.700000000000000000e+01,7.740000000000000568e+01,1.200999999999999943e+02
9.740000000000000568e+01,7.979999999999999716e+01,1.155000000000000000e+02
9.779999999999999716e+01,7.350000000000000000e+01,1.187999999999999972e+02
1.030000000000000000e+02,7.970000000000000284e+01,1.338000000000000114e+02
1.020000000000000000e+02,7.779999999999999716e+01,1.366999999999999886e+02
1.027000000000000028e+02,9.500000000000000000e+01,1.330999999999999943e+02
9.550000000000000000e+01,8.600000000000000000e+01,1.165999999999999943e+02
9.520000000000000284e+01,1.027999999999999972e+02,1.245999999999999943e+02
9.879999999999999716e+01,9.829999999999999716e+01,1.162000000000000028e+02
1.100999999999999943e+02,8.220000000000000284e+01,1.359000000000000057e+02
1.182000000000000028e+02,9.120000000000000284e+01,1.546999999999999886e+02
1.095999999999999943e+02,9.309999999999999432e+01,1.415000000000000000e+02
1.169000000000000057e+02,1.070999999999999943e+02,1.588000000000000114e+02
1.127999999999999972e+02,1.280000000000000000e+02,1.503000000000000114e+02
1.323000000000000114e+02,9.379999999999999716e+01,1.598000000000000114e+02
1.232999999999999972e+02,9.600000000000000000e+01,1.603000000000000114e+02
1.089000000000000057e+02,1.125000000000000000e+02,1.763000000000000114e+02
1.150000000000000000e+02,1.340999999999999943e+02,1.866999999999999886e+02
1.157000000000000028e+02,1.364000000000000057e+02,1.700000000000000000e+02
1.127999999999999972e+02,1.321999999999999886e+02,1.489000000000000057e+02
1.325000000000000000e+02,1.435000000000000000e+02,1.626999999999999886e+02
1.483000000000000114e+02,1.460999999999999943e+02,1.793000000000000114e+02
1.625000000000000000e+02,1.631999999999999886e+02,1.676999999999999886e+02
2.000000000000000000e+02,1.406999999999999886e+02,1.955000000000000000e+02
2.288000000000000114e+02,1.874000000000000057e+02,1.921999999999999886e+02
2.109000000000000057e+02,1.835000000000000000e+02,2.110999999999999943e+02
1.621999999999999886e+02,1.408000000000000114e+02,1.948000000000000114e+02
1.904000000000000057e+02,1.526999999999999886e+02,2.075000000000000000e+02
2.044000000000000057e+02,1.473000000000000114e+02,1.724000000000000057e+02
1.875000000000000000e+02,1.504000000000000057e+02,2.064000000000000057e+02
1.785000000000000000e+02,1.600999999999999943e+02,2.293000000000000114e+02
2.191999999999999886e+02,1.480999999999999943e+02,1.831999999999999886e+02
1.604000000000000057e+02,1.680999999999999943e+02,1.764000000000000057e+02
2.169000000000000057e+02,1.270000000000000000e+02,1.680000000000000000e+02
2.030000000000000000e+02,1.475999999999999943e+02,2.535000000000000000e+02
2.146999999999999886e+02,1.670000000000000000e+02,2.163000000000000114e+02
2.315000000000000000e+02,2.111999999999999886e+02,2.034000000000000057e+02
2.299000000000000057e+02,1.961999999999999886e+02,2.438000000000000114e+02
2.184000000000000057e+02,1.785000000000000000e+02,2.041999999999999886e+02
2.494000000000000057e+02,2.143000000000000114e+02,2.299000000000000057e+02
2.415999999999999943e+02,1.889000000000000057e+02,2.471999999999999886e+02
2.534000000000000057e+02,2.049000000000000057e+02,2.696999999999999886e+02
2.149000000000000057e+02,2.015999999999999943e+02,2.673999999999999773e+02
2.400999999999999943e+02,1.715000000000000000e+02,1.830000000000000000e+02
2.551999999999999886e+02,1.940999999999999943e+02,1.870000000000000000e+02
2.008000000000000114e+02,1.491999999999999886e+02,2.595000000000000000e+02
1.985000000000000000e+02,1.618000000000000114e+02,2.545999999999999943e+02
2.148000000000000114e+02,1.738000000000000114e+02,2.369000000000000057e+02
2.109000000000000057e+02,1.914000000000000057e+02,2.588000000000000114e+02
2.320000000000000000e+02,2.266999999999999886e+02,2.866999999999999886e+02
2.166999999999999886e+02,1.949000000000000057e+02,2.509000000000000057e+02
1.994000000000000057e+02,1.716999999999999886e+02,2.455000000000000000e+02
1.965999999999999943e+02,2.150999999999999943e+02,2.284000000000000057e+02
1.930999999999999943e+02,1.764000000000000057e+02,2.284000000000000057e+02
2.035000000000000000e+02,1.759000000000000057e+02,2.406999999999999886e+02
2.158000000000000114e+02,1.755000000000000000e+02,2.446999999999999886e+02
2.319000000000000057e+02,1.870999999999999943e+02,2.440999999999999943e+02
2.379000000000000057e+02,1.799000000000000057e+02,2.249000000000000057e+02
2.123000000000000114e+02,1.620999999999999943e+02,2.055999999999999943e+02
2.035999999999999943e+02,1.400000000000000000e+02,2.010999999999999943e+02
1.725000000000000000e+02,1.444000000000000057e+02,2.331999999999999886e+02
1.623000000000000114e+02,1.886999999999999886e+02,2.500000000000000000e+02
1.939000000000000057e+02,1.831999999999999886e+02,2.406999999999999886e+02
2.300999999999999943e+02,1.611999999999999886e+02,2.475999999999999943e+02
2.676999999999999886e+02,1.675000000000000000e+02,2.606999999999999886e+02
2.341999999999999886e+02,1.479000000000000057e+02,1.986999999999999886e+02
1.978000000000000114e+02,1.613000000000000114e+02,2.203000000000000114e+02
1.781999999999999886e+02,1.476999999999999886e+02,2.536999999999999886e+02
2.003000000000000114e+02,1.235000000000000000e+02,2.745000000000000000e+02
2.190999999999999943e+02,1.351999999999999886e+02,2.716000000000000227e+02
2.521999999999999886e+02,1.415000000000000000e+02,2.755000000000000000e+02
2.166999999999999886e+02,1.458000000000000114e+02,2.256999999999999886e+02
2.058000000000000114e+02,1.575999999999999943e+02,2.490999999999999943e+02
2.360999999999999943e+02,1.650000000000000000e+02,2.673999999999999773e+02
2.236999999999999886e+02,1.468000000000000114e+02,2.781000000000000227e+02
2.581999999999999886e+02,1.701999999999999886e+02,3.036000000000000227e+02
1.984000000000000057e+02,1.911999999999999886e+02,2.853000000000000114e+02
2.125999999999999943e+02,2.045000000000000000e+02,3.176000000000000227e+02
1.935999999999999943e+02,1.971999999999999886e+02,2.943000000000000114e+02
2.213000000000000114e+02,2.073000000000000114e+02,3.378000000000000114e+02
2.250000000000000000e+02,1.998000000000000114e+02,3.423999999999999773e+02
2.405000000000000000e+02,1.760000000000000000e+02,3.008999999999999773e+02
2.269000000000000057e+02,1.785999999999999943e+02,2.741000000000000227e+02
2.070000000000000000e+02,1.990000000000000000e+02,2.446999999999999886e+02
2.475000000000000000e+02,1.731999999999999886e+02,2.545000000000000000e+02
2.270999999999999943e+02,2.108000000000000114e+02,2.270000000000000000e+02
1.930999999999999943e+02,1.793000000000000114e+02,2.601000000000000227e+02
1.965000000000000000e+02,1.660999999999999943e+02,2.241999999999999886e+02
1.880999999999999943e+02,1.681999999999999886e+02,2.656000000000000227e+02
2.023000000000000114e+02,1.948000000000000114e+02,2.623000000000000114e+02
2.146999999999999886e+02,1.975000000000000000e+02,2.671000000000000227e+02
1.890999999999999943e+02,1.470999999999999943e+02,2.573999999999999773e+02
1.755000000000000000e+02,1.365000000000000000e+02,2.653999999999999773e+02
1.755000000000000000e+02,1.355999999999999943e+02,2.871999999999999886e+02
1.785000000000000000e+02,1.520000000000000000e+02,2.940000000000000000e+02
1.750999999999999943e+02,1.324000000000000057e+02,2.366999999999999886e+02
2.268000000000000114e+02,1.300999999999999943e+02,2.365999999999999943e+02
2.289000000000000057e+02,1.385000000000000000e+02,2.341999999999999886e+02
1.995000000000000000e+02,1.300000000000000000e+02,2.510999999999999943e+02
1.875000000000000000e+02,1.455999999999999943e+02,2.088000000000000114e+02
1.748000000000000114e+02,1.455000000000000000e+02,2.151999999999999886e+02
1.756999999999999886e+02,1.638000000000000114e+02,2.113000000000000114e+02
1.989000000000000057e+02,1.561999999999999886e+02,2.190000000000000000e+02
2.040999999999999943e+02,1.476999999999999886e+02,2.020000000000000000e+02
1.745000000000000000e+02,1.409000000000000057e+02,1.746999999999999886e+02
1.575999999999999943e+02,1.308000000000000114e+02,1.756999999999999886e+02
1.640000000000000000e+02,1.172999999999999972e+02,1.865000000000000000e+02
1.790999999999999943e+02,1.355999999999999943e+02,1.644000000000000057e+02
1.461999999999999886e+02,1.220999999999999943e+02,1.701999999999999886e+02
1.286999999999999886e+02,1.097000000000000028e+02,1.675999999999999943e+02
1.280999999999999943e+02,1.155999999999999943e+02,1.693000000000000114e+02
1.385000000000000000e+02,1.027999999999999972e+02,1.716999999999999886e+02
1.324000000000000057e+02,1.100999999999999943e+02,1.346999999999999886e+02
1.303000000000000114e+02,9.300000000000000000e+01,1.335999999999999943e+02
1.249000000000000057e+02,9.840000000000000568e+01,1.202999999999999972e+02
1.155000000000000000e+02,1.015999999999999943e+02,1.264000000000000057e+02
1.147000000000000028e+02,9.409999999999999432e+01,1.319000000000000057e+02
1.200000000000000000e+02,9.729999999999999716e+01,1.217000000000000028e+02
1.139000000000000057e+02,8.870000000000000284e+01,1.235000000000000000e+02
1.130999999999999943e+02,9.790000000000000568e+01,1.340999999999999943e+02
1.094000000000000057e+02,9.279999999999999716e+01,1.565000000000000000e+02
1.082999999999999972e+02,8.959999999999999432e+01,1.460000000000000000e+02
1.107000000000000028e+02,1.042000000000000028e+02,1.679000000000000057e+02
1.045000000000000000e+02,1.045999999999999943e+02,1.581999999999999886e+02
1.085000000000000000e+02,1.184000000000000057e+02,1.541999999999999886e+02
1.057000000000000028e+02,1.114000000000000057e+02,1.401999999999999886e+02
9.840000000000000568e+01,1.160999999999999943e+02,1.229000000000000057e+02
9.800000000000000000e+01,1.190000000000000000e+02,1.429000000000000057e+02
1.017000000000000028e+02,1.079000000000000057e+02,1.378000000000000114e+02
1.075000000000000000e+02,1.115999999999999943e+02,1.298000000000000114e+02
1.112999999999999972e+02,9.190000000000000568e+01,1.209000000000000057e+02
1.040999999999999943e+02,7.429999999999999716e+01,1.351999999999999886e+02
1.082000000000000028e+02,8.479999999999999716e+01,1.132999999999999972e+02
1.020000000000000000e+02,7.850000000000000000e+01,1.230999999999999943e+02
1.039000000000000057e+02,8.740000000000000568e+01,1.182999999999999972e+02
9.670000000000000284e+01,7.309999999999999432e+01,1.217999999999999972e+02
9.570000000000000284e+01,9.329999999999999716e+01,1.170000000000000000e+02
9.529999999999999716e+01,9.300000000000000000e+01,1.300000000000000000e+02
9.770000000000000284e+01,8.340000000000000568e+01,1.175999999999999943e+02
9.640000000000000568e+01,1.007999999999999972e+02,1.137000000000000028e+02
8.879999999999999716e+01,9.079999999999999716e+01,1.149000000000000057e+02
8.829999999999999716e+01,8.829999999999999716e+01,1.257999999999999972e+02
9.150000000000000000e+01,8.650000000000000000e+01,1.172000000000000028e+02
9.909999999999999432e+01,8.090000000000000568e+01,1.134000000000000057e+02
1.040000000000000000e+02,8.390000000000000568e+01,1.164000000000000057e+02
1.199000000000000057e+02,8.559999999999999432e+01,1.340000000000000000e+02
1.230999999999999943e+02,9.909999999999999432e+01,1.338000000000000114e+02
1.380999999999999943e+02,9.829999999999999716e+01,1.330000000000000000e+02
1.045000000000000000e+02,9.859999999999999432e+01,1.235999999999999943e+02
1.195999999999999943e+02,9.059999999999999432e+01,1.474000000000000057e+02
1.202999999999999972e+02,9.650000000000000000e+01,1.594000000000000057e+02
1.254000000000000057e+02,1.189000000000000057e+02,1.495999999999999943e+02
1.295000000000000000e+02,9.820000000000000284e+01,1.291999999999999886e+02
1.232000000000000028e+02,1.070000000000000000e+02,1.455000000000000000e+02
1.304000000000000057e+02,8.950000000000000000e+01,1.379000000000000057e+02
1.395999999999999943e+02,1.145000000000000000e+02,1.673000000000000114e+02
1.403000000000000114e+02,1.356999999999999886e+02,1.765999999999999943e+02
1.202999999999999972e+02,1.099000000000000057e+02,1.451999999999999886e+02
1.275999999999999943e+02,1.340999999999999943e+02,1.785999999999999943e+02
1.545999999999999943e+02,1.525999999999999943e+02,1.591999999999999886e+02
1.435999999999999943e+02,1.353000000000000114e+02,1.585999999999999943e+02
1.615999999999999943e+02,1.227999999999999972e+02,1.890000000000000000e+02
1.359000000000000057e+02,1.506999999999999886e+02,2.158000000000000114e+02
1.503000000000000114e+02,1.380999999999999943e+02,2.008000000000000114e+02
1.350000000000000000e+02,1.195999999999999943e+02,2.058000000000000114e+02
1.540999999999999943e+02,1.788000000000000114e+02,1.935999999999999943e+02
1.820999999999999943e+02,1.589000000000000057e+02,2.220999999999999943e+02
1.674000000000000057e+02,1.644000000000000057e+02,2.346999999999999886e+02
1.285999999999999943e+02,1.450999999999999943e+02,2.043000000000000114e+02
1.401999999999999886e+02,1.805999999999999943e+02,2.023000000000000114e+02
1.685999999999999943e+02,1.615999999999999943e+02,1.935999999999999943e+02
1.430999999999999943e+02,1.401999999999999886e+02,2.208000000000000114e+02
1.503000000000000114e+02,1.479000000000000057e+02,2.254000000000000057e+02
1.344000000000000057e+02,1.424000000000000057e+02,2.258000000000000114e+02
1.515000000000000000e+02,1.661999999999999886e+02,2.274000000000000057e+02
1.366999999999999886e+02,1.649000000000000057e+02,2.071999999999999886e+02
1.227999999999999972e+02,1.468000000000000114e+02,2.173000000000000114e+02
1.788000000000000114e+02,1.570000000000000000e+02,2.211999999999999886e+02
1.565000000000000000e+02,1.489000000000000057e+02,2.179000000000000057e+02
1.485000000000000000e+02,1.608000000000000114e+02,2.248000000000000114e+02
1.680000000000000000e+02,1.295999999999999943e+02,2.069000000000000057e+02
1.604000000000000057e+02,1.510000000000000000e+02,2.050000000000000000e+02
1.895000000000000000e+02,1.723000000000000114e+02,2.255000000000000000e+02
1.630999999999999943e+02,1.945999999999999943e+02,2.201999999999999886e+02
1.995999999999999943e+02,1.996999999999999886e+02,2.278000000000000114e+02
1.511999999999999886e+02,1.460000000000000000e+02,2.300999999999999943e+02
1.570999999999999943e+02,1.555000000000000000e+02,2.200000000000000000e+02
1.528000000000000114e+02,1.390000000000000000e+02,2.613000000000000114e+02
1.860999999999999943e+02,1.676999999999999886e+02,2.501999999999999886e+02
1.989000000000000057e+02,1.656999999999999886e+02,2.481999999999999886e+02
1.779000000000000057e+02,1.578000000000000114e+02,2.231999999999999886e+02
1.888000000000000114e+02,1.580999999999999943e+02,2.078000000000000114e+02
1.779000000000000057e+02,1.459000000000000057e+02,1.980000000000000000e+02
2.249000000000000057e+02,1.504000000000000057e+02,2.184000000000000057e+02
1.869000000000000057e+02,1.515000000000000000e+02,2.198000000000000114e+02
2.230000000000000000e+02,1.649000000000000057e+02,2.295999999999999943e+02
2.029000000000000057e+02,1.588000000000000114e+02,2.005000000000000000e+02
2.179000000000000057e+02,1.936999999999999886e+02,2.216999999999999886e+02
1.996999999999999886e+02,2.210000000000000000e+02,2.344000000000000057e+02
2.001999999999999886e+02,1.879000000000000057e+02,2.480999999999999943e+02
1.995999999999999943e+02,1.889000000000000057e+02,2.290999999999999943e+02
1.905000000000000000e+02,1.568000000000000114e+02,2.165999999999999943e+02
2.370000000000000000e+02,1.500999999999999943e+02,2.265000000000000000e+02
1.791999999999999886e+02,1.395000000000000000e+02,2.243000000000000114e+02
1.530000000000000000e+02,1.328000000000000114e+02,2.305000000000000000e+02
1.564000000000000057e+02,1.530000000000000000e+02,1.865000000000000000e+02
1.476999999999999886e+02,1.316999999999999886e+02,1.909000000000000057e+02
1.818000000000000114e+02,1.252999999999999972e+02,1.960000000000000000e+02
1.765999999999999943e+02,1.421999999999999886e+02,2.111999999999999886e+02
1.763000000000000114e+02,1.313000000000000114e+02,1.989000000000000057e+02
1.633000000000000114e+02,1.558000000000000114e+02,2.030000000000000000e+02
1.959000000000000057e+02,1.495000000000000000e+02,2.063000000000000114e+02
2.080000000000000000e+02,1.252000000000000028e+02,2.050000000000000000e+02
2.036999999999999886e+02,1.605999999999999943e+02,2.230999999999999943e+02
1.858000000000000114e+02,1.628000000000000114e+02,2.185000000000000000e+02
1.950999999999999943e+02,1.866999999999999886e+02,2.543000000000000114e+02
2.050999999999999943e+02,1.736999999999999886e+02,2.823000000000000114e+02
2.270000000000000000e+02,1.616999999999999886e+02,2.745000000000000000e+02
2.534000000000000057e+02,1.693000000000000114e+02,2.408000000000000114e+02
2.563999999999999773e+02,1.815999999999999943e+02,2.621999999999999886e+02
2.366999999999999886e+02,2.070999999999999943e+02,2.808000000000000114e+02
3.120000000000000000e+02,2.323000000000000114e+02,3.223999999999999773e+02
3.096000000000000227e+02,2.431999999999999886e+02,2.723999999999999773e+02
2.806000000000000227e+02,2.308000000000000114e+02,2.646999999999999886e+02
2.315999999999999943e+02,2.155999999999999943e+02,2.633000000000000114e+02
2.420999999999999943e+02,2.736000000000000227e+02,2.646000000000000227e+02
2.230000000000000000e+02,2.700000000000000000e+02,2.851999999999999886e+02
2.395999999999999943e+02,1.995000000000000000e+02,2.845000000000000000e+02
2.306999999999999886e+02,1.948000000000000114e+02,2.613000000000000114e+02
2.449000000000000057e+02,1.923000000000000114e+02,2.668000000000000114e+02
2.718000000000000114e+02,2.050000000000000000e+02,2.883000000000000114e+02
2.549000000000000057e+02,2.166999999999999886e+02,2.488000000000000114e+02
2.550000000000000000e+02,1.920999999999999943e+02,2.464000000000000057e+02
2.155999999999999943e+02,1.580999999999999943e+02,2.115000000000000000e+02
2.060000000000000000e+02,1.721999999999999886e+02,2.308000000000000114e+02
1.734000000000000057e+02,2.000999999999999943e+02,2.860000000000000000e+02
1.901999999999999886e+02,1.586999999999999886e+02,2.971999999999999886e+02
1.885999999999999943e+02,1.778000000000000114e+02,2.821000000000000227e+02
1.849000000000000057e+02,1.440999999999999943e+02,2.525000000000000000e+02
2.020999999999999943e+02,1.450000000000000000e+02,2.478000000000000114e+02
2.196999999999999886e+02,1.484000000000000057e+02,2.583000000000000114e+02
1.831999999999999886e+02,1.543000000000000114e+02,2.586999999999999886e+02
2.141999999999999886e+02,1.656999999999999886e+02,2.793000000000000114e+02
2.224000000000000057e+02,1.434000000000000057e+02,2.618999999999999773e+02
1.810000000000000000e+02,1.511999999999999886e+02,2.518000000000000114e+02
1.920000000000000000e+02,1.405000000000000000e+02,2.456999999999999886e+02
1.744000000000000057e+02,1.505000000000000000e+02,2.425000000000000000e+02
1.563000000000000114e+02,1.820000000000000000e+02,2.333000000000000114e+02
1.590999999999999943e+02,1.481999999999999886e+02,2.348000000000000114e+02
1.563000000000000114e+02,1.435000000000000000e+02,2.250999999999999943e+02
1.598000000000000114e+02,1.137999999999999972e+02,2.155000000000000000e+02
1.394000000000000057e+02,1.436999999999999886e+02,1.820000000000000000e+02
1.925999999999999943e+02,1.371999999999999886e+02,1.685999999999999943e+02
1.663000000000000114e+02,1.120000000000000000e+02,1.901999999999999886e+02
1.425999999999999943e+02,1.264000000000000057e+02,1.611999999999999886e+02
1.240000000000000000e+02,1.114000000000000057e+02,1.690999999999999943e+02
1.341999999999999886e+02,1.047999999999999972e+02,1.973000000000000114e+02
1.242999999999999972e+02,9.879999999999999716e+01,1.585000000000000000e+02
1.164000000000000057e+02,1.109000000000000057e+02,1.620999999999999943e+02
1.431999999999999886e+02,1.084000000000000057e+02,1.500000000000000000e+02
1.175000000000000000e+02,8.759999999999999432e+01,1.415000000000000000e+02
1.105000000000000000e+02,9.620000000000000284e+01,1.459000000000000057e+02
1.090999999999999943e+02,1.002000000000000028e+02,1.433000000000000114e+02
1.110999999999999943e+02,1.074000000000000057e+02,1.338000000000000114e+02
1.272000000000000028e+02,1.007000000000000028e+02,1.511999999999999886e+02
1.127999999999999972e+02,9.300000000000000000e+01,1.626999999999999886e+02
1.065000000000000000e+02,1.145999999999999943e+02,1.580000000000000000e+02
1.075999999999999943e+02,1.062000000000000028e+02,1.613000000000000114e+02
1.074000000000000057e+02,1.200000000000000000e+02,1.274000000000000057e+02
1.027999999999999972e+02,1.017999999999999972e+02,1.478000000000000114e+02
1.005999999999999943e+02,9.509999999999999432e+01,1.396999999999999886e+02
1.005000000000000000e+02,1.074000000000000057e+02,1.340999999999999943e+02
1.037000000000000028e+02,9.159999999999999432e+01,1.286999999999999886e+02
9.990000000000000568e+01,1.020999999999999943e+02,1.197999999999999972e+02
9.890000000000000568e+01,9.220000000000000284e+01,1.293000000000000114e+02
9.550000000000000000e+01,1.032999999999999972e+02,1.344000000000000057e+02
9.320000000000000284e+01,8.470000000000000284e+01,1.316999999999999886e+02
9.470000000000000284e+01,1.055000000000000000e+02,1.175000000000000000e+02
9.570000000000000284e+01,9.050000000000000000e+01,1.310999999999999943e+02
9.750000000000000000e+01,8.800000000000000000e+01,1.349000000000000057e+02
9.870000000000000284e+01,9.840000000000000568e+01,1.285999999999999943e+02
1.015999999999999943e+02,8.070000000000000284e+01,1.217000000000000028e+02
1.050000000000000000e+02,9.320000000000000284e+01,1.112000000000000028e+02
9.940000000000000568e+01,9.220000000000000284e+01,1.162000000000000028e+02
9.790000000000000568e+01,8.370000000000000284e+01,1.072999999999999972e+02
9.370000000000000284e+01,8.729999999999999716e+01,1.102999999999999972e+02
8.809999999999999432e+01,8.079999999999999716e+01,1.154000000000000057e+02
8.629999999999999716e+01,9.970000000000000284e+01,1.305999999999999943e+02
9.320000000000000284e+01,8.379999999999999716e+01,1.242000000000000028e+02
1.304000000000000057e+02,1.330999999999999943e+02,1.554000000000000057e+02
1.265000000000000000e+02,1.366999999999999886e+02,1.745000000000000000e+02
1.167000000000000028e+02,1.394000000000000057e+02,1.623000000000000114e+02
1.210999999999999943e+02,1.345999999999999943e+02,1.541999999999999886e+02
1.102999999999999972e+02,9.629999999999999716e+01,1.145999999999999943e+02
1.070000000000000000e+02,1.050999999999999943e+02,1.385000000000000000e+02
1.137999999999999972e+02,1.035000000000000000e+02,1.505999999999999943e+02
1.473000000000000114e+02,9.740000000000000568e+01,1.711999999999999886e+02
1.460999999999999943e+02,1.309000000000000057e+02,1.390999999999999943e+02
1.210000000000000000e+02,1.142999999999999972e+02,1.681999999999999886e+02
1.250000000000000000e+02,1.167999999999999972e+02,1.635999999999999943e+02
1.244000000000000057e+02,1.159000000000000057e+02,1.831999999999999886e+02
1.445000000000000000e+02,1.212999999999999972e+02,1.895000000000000000e+02
1.655999999999999943e+02,1.699000000000000057e+02,1.555000000000000000e+02
1.679000000000000057e+02,1.550000000000000000e+02,1.796999999999999886e+02
1.663000000000000114e+02,1.122999999999999972e+02,1.595000000000000000e+02
1.645999999999999943e+02,1.313000000000000114e+02,1.855000000000000000e+02
1.758000000000000114e+02,1.584000000000000057e+02,1.615000000000000000e+02
1.380999999999999943e+02,1.683000000000000114e+02,1.625000000000000000e+02
1.605000000000000000e+02,1.479000000000000057e+02,2.174000000000000057e+02
1.656999999999999886e+02,1.754000000000000057e+02,2.700000000000000000e+02
1.978000000000000114e+02,1.590999999999999943e+02,2.430000000000000000e+02
2.133000000000000114e+02,1.990999999999999943e+02,2.355000000000000000e+02
1.605000000000000000e+02,2.081999999999999886e+02,2.200999999999999943e+02
1.570000000000000000e+02,1.825000000000000000e+02,2.428000000000000114e+02
1.639000000000000057e+02,1.465000000000000000e+02,2.791000000000000227e+02
2.141999999999999886e+02,1.384000000000000057e+02,2.520999999999999943e+02
2.163000000000000114e+02,2.456999999999999886e+02,2.444000000000000057e+02
1.701999999999999886e+02,1.860000000000000000e+02,2.355000000000000000e+02
1.756999999999999886e+02,1.838000000000000114e+02,2.608999999999999773e+02
1.526999999999999886e+02,1.465999999999999943e+02,2.373000000000000114e+02
1.464000000000000057e+02,1.641999999999999886e+02,2.065000000000000000e+02
1.908000000000000114e+02,1.586999999999999886e+02,2.095999999999999943e+02
1.603000000000000114e+02,1.735000000000000000e+02,2.156999999999999886e+02
1.405999999999999943e+02,1.735999999999999943e+02,2.101999999999999886e+02
2.335999999999999943e+02,1.675999999999999943e+02,2.029000000000000057e+02
1.780000000000000000e+02,1.696999999999999886e+02,2.176999999999999886e+02
1.461999999999999886e+02,1.729000000000000057e+02,2.320999999999999943e+02
1.571999999999999886e+02,1.761999999999999886e+02,2.690000000000000000e+02
1.873000000000000114e+02,1.750999999999999943e+02,2.766000000000000227e+02
1.615999999999999943e+02,1.944000000000000057e+02,2.808000000000000114e+02
1.900000000000000000e+02,1.848000000000000114e+02,2.540999999999999943e+02
1.795000000000000000e+02,1.716999999999999886e+02,2.383000000000000114e+02
1.989000000000000057e+02,1.615999999999999943e+02,2.586000000000000227e+02
1.705000000000000000e+02,1.635999999999999943e+02,2.280999999999999943e+02
1.580999999999999943e+02,1.633000000000000114e+02,2.521999999999999886e+02
1.735000000000000000e+02,1.551999999999999886e+02,2.981000000000000227e+02
1.660000000000000000e+02,1.593000000000000114e+02,2.951000000000000227e+02
1.683000000000000114e+02,1.535000000000000000e+02,3.218999999999999773e+02
1.678000000000000114e+02,1.565000000000000000e+02,2.820000000000000000e+02
1.726999999999999886e+02,1.475000000000000000e+02,2.455999999999999943e+02
1.820999999999999943e+02,1.606999999999999886e+02,2.348000000000000114e+02
1.418000000000000114e+02,1.820000000000000000e+02,2.506999999999999886e+02
1.520000000000000000e+02,1.788000000000000114e+02,2.540000000000000000e+02
1.673000000000000114e+02,1.580999999999999943e+02,2.653000000000000114e+02
1.299000000000000057e+02,1.478000000000000114e+02,2.250000000000000000e+02
1.345000000000000000e+02,1.395000000000000000e+02,2.294000000000000057e+02
1.525000000000000000e+02,1.535999999999999943e+02,2.073000000000000114e+02
1.780000000000000000e+02,1.458000000000000114e+02,1.930000000000000000e+02
1.903000000000000114e+02,1.591999999999999886e+02,1.863000000000000114e+02
2.019000000000000057e+02,1.630000000000000000e+02,1.890000000000000000e+02
1.724000000000000057e+02,1.565000000000000000e+02,1.794000000000000057e+02
1.981999999999999886e+02,1.863000000000000114e+02,2.266999999999999886e+02
2.259000000000000057e+02,2.349000000000000057e+02,3.075000000000000000e+02
2.079000000000000057e+02,1.945999999999999943e+02,2.691999999999999886e+02
2.010000000000000000e+02,1.503000000000000114e+02,2.656000000000000227e+02
2.015999999999999943e+02,1.806999999999999886e+02,2.751999999999999886e+02
2.320999999999999943e+02,1.460000000000000000e+02,2.285999999999999943e+02
1.986999999999999886e+02,1.635999999999999943e+02,2.688999999999999773e+02
2.546999999999999886e+02,1.794000000000000057e+02,2.365000000000000000e+02
2.270999999999999943e+02,1.664000000000000057e+02,2.123000000000000114e+02
2.460999999999999943e+02,1.595999999999999943e+02,2.196999999999999886e+02
2.826000000000000227e+02,1.921999999999999886e+02,2.588999999999999773e+02
3.026000000000000227e+02,2.283000000000000114e+02,2.703000000000000114e+02
3.203000000000000114e+02,2.544000000000000057e+02,2.370999999999999943e+02
2.938000000000000114e+02,2.583000000000000114e+02,3.201999999999999886e+02
2.751999999999999886e+02,2.655000000000000000e+02,3.501999999999999886e+02
2.274000000000000057e+02,2.354000000000000057e+02,2.993999999999999773e+02
2.733000000000000114e+02,2.766999999999999886e+02,3.136000000000000227e+02
3.065000000000000000e+02,2.728999999999999773e+02,3.301999999999999886e+02
2.791000000000000227e+02,2.145999999999999943e+02,3.321999999999999886e+02
2.838000000000000114e+02,2.090000000000000000e+02,3.116999999999999886e+02
2.918000000000000114e+02,1.973000000000000114e+02,2.980000000000000000e+02
3.061000000000000227e+02,2.025999999999999943e+02,2.888000000000000114e+02
3.196000000000000227e+02,2.015999999999999943e+02,3.153000000000000114e+02
2.480000000000000000e+02,2.220000000000000000e+02,3.553000000000000114e+02
2.240999999999999943e+02,2.298000000000000114e+02,3.128999999999999773e+02
1.975999999999999943e+02,2.093000000000000114e+02,3.073999999999999773e+02
2.053000000000000114e+02,1.701999999999999886e+02,2.886000000000000227e+02
2.055000000000000000e+02,1.860000000000000000e+02,2.871000000000000227e+02
2.298000000000000114e+02,1.840000000000000000e+02,2.926000000000000227e+02
2.071999999999999886e+02,1.908000000000000114e+02,2.848000000000000114e+02
2.411999999999999886e+02,2.060999999999999943e+02,2.650000000000000000e+02
2.051999999999999886e+02,2.070000000000000000e+02,2.576999999999999886e+02
2.289000000000000057e+02,1.645000000000000000e+02,2.553000000000000114e+02
1.920000000000000000e+02,1.639000000000000057e+02,2.898999999999999773e+02
1.975999999999999943e+02,1.705999999999999943e+02,2.881000000000000227e+02
1.956999999999999886e+02,1.488000000000000114e+02,3.141999999999999886e+02
1.914000000000000057e+02,1.440999999999999943e+02,2.591999999999999886e+02
1.885000000000000000e+02,1.614000000000000057e+02,2.475000000000000000e+02
1.880999999999999943e+02,1.615999999999999943e+02,2.469000000000000057e+02
1.725000000000000000e+02,1.605000000000000000e+02,2.520000000000000000e+02
1.988000000000000114e+02,1.559000000000000057e+02,2.620000000000000000e+02
1.996999999999999886e+02,1.235000000000000000e+02,2.596000000000000227e+02
1.899000000000000057e+02,1.225999999999999943e+02,2.429000000000000057e+02
1.804000000000000057e+02,1.082000000000000028e+02,2.169000000000000057e+02
1.624000000000000057e+02,1.050999999999999943e+02,2.063000000000000114e+02
1.619000000000000057e+02,1.070999999999999943e+02,2.121999999999999886e+02
1.410000000000000000e+02,1.140999999999999943e+02,1.999000000000000057e+02
1.463000000000000114e+02,1.152000000000000028e+02,1.670999999999999943e+02
1.518000000000000114e+02,1.097999999999999972e+02,1.551999999999999886e+02
1.398000000000000114e+02,1.159000000000000057e+02,1.820000000000000000e+02
1.551999999999999886e+02,9.420000000000000284e+01,1.771999999999999886e+02
1.135999999999999943e+02,9.859999999999999432e+01,1.563000000000000114e+02
1.132999999999999972e+02,9.200000000000000000e+01,1.425000000000000000e+02
1.170999999999999943e+02,9.550000000000000000e+01,1.343000000000000114e+02
1.167999999999999972e+02,1.247000000000000028e+02,1.304000000000000057e+02
1.125999999999999943e+02,1.314000000000000057e+02,1.286999999999999886e+02
1.077000000000000028e+02,1.379000000000000057e+02,1.300999999999999943e+02
1.135000000000000000e+02,1.310999999999999943e+02,1.316999999999999886e+02
1.135000000000000000e+02,1.436999999999999886e+02,1.465999999999999943e+02
1.110000000000000000e+02,1.335999999999999943e+02,1.645999999999999943e+02
1.084000000000000057e+02,1.580999999999999943e+02,1.525999999999999943e+02
1.050999999999999943e+02,1.524000000000000057e+02,1.653000000000000114e+02
1.097999999999999972e+02,1.413000000000000114e+02,1.371999999999999886e+02
1.095000000000000000e+02,9.740000000000000568e+01,1.520000000000000000e+02
1.102000000000000028e+02,8.640000000000000568e+01,1.264000000000000057e+02
1.074000000000000057e+02,9.659999999999999432e+01,1.195000000000000000e+02
1.095999999999999943e+02,9.029999999999999716e+01,1.124000000000000057e+02
1.087000000000000028e+02,9.009999999999999432e+01,1.235999999999999943e+02
1.107999999999999972e+02,8.940000000000000568e+01,1.125999999999999943e+02
1.044000000000000057e+02,8.600000000000000000e+01,1.182999999999999972e+02
1.032000000000000028e+02,8.340000000000000568e+01,1.167999999999999972e+02
1.054000000000000057e+02,8.590000000000000568e+01,1.185000000000000000e+02
1.030999999999999943e+02,8.540000000000000568e+01,1.519000000000000057e+02
1.044000000000000057e+02,7.920000000000000284e+01,1.538000000000000114e+02
1.075999999999999943e+02,8.779999999999999716e+01,1.137000000000000028e+02
1.040999999999999943e+02,7.420000000000000284e+01,1.105999999999999943e+02
9.979999999999999716e+01,1.030000000000000000e+02,1.169000000000000057e+02
9.220000000000000284e+01,8.320000000000000284e+01,1.102999999999999972e+02
8.920000000000000284e+01,1.007000000000000028e+02,1.075000000000000000e+02
9.740000000000000568e+01,8.350000000000000000e+01,1.074000000000000057e+02
9.890000000000000568e+01,1.087999999999999972e+02,1.289000000000000057e+02
1.080999999999999943e+02,1.052999999999999972e+02,1.499000000000000057e+02
1.180000000000000000e+02,1.060999999999999943e+02,1.374000000000000057e+02
1.137999999999999972e+02,1.102999999999999972e+02,1.405999999999999943e+02
1.099000000000000057e+02,1.045000000000000000e+02,1.252000000000000028e+02
1.249000000000000057e+02,1.012999999999999972e+02,1.280000000000000000e+02
1.150000000000000000e+02,1.160999999999999943e+02,1.252999999999999972e+02
1.160000000000000000e+02,1.069000000000000057e+02,1.245999999999999943e+02
1.179000000000000057e+02,1.112999999999999972e+02,1.202000000000000028e+02
1.125999999999999943e+02,1.185999999999999943e+02,1.260000000000000000e+02
1.375000000000000000e+02,1.159000000000000057e+02,1.628000000000000114e+02
1.375999999999999943e+02,1.237000000000000028e+02,1.341999999999999886e+02
1.618000000000000114e+02,1.799000000000000057e+02,1.730999999999999943e+02
1.531999999999999886e+02,2.515000000000000000e+02,2.451999999999999886e+02
1.705999999999999943e+02,2.203000000000000114e+02,2.080999999999999943e+02
2.011999999999999886e+02,2.048000000000000114e+02,2.318000000000000114e+02
2.000000000000000000e+02,2.090999999999999943e+02,2.534000000000000057e+02
1.959000000000000057e+02,1.950000000000000000e+02,1.944000000000000057e+02
1.805000000000000000e+02,1.448000000000000114e+02,2.058000000000000114e+02
2.003000000000000114e+02,1.530000000000000000e+02,2.028000000000000114e+02
2.003000000000000114e+02,1.305000000000000000e+02,2.098000000000000114e+02
1.675999999999999943e+02,1.655000000000000000e+02,2.261999999999999886e+02
1.566999999999999886e+02,1.585999999999999943e+02,1.895999999999999943e+02
1.695999999999999943e+02,1.654000000000000057e+02,2.401999999999999886e+02
2.110000000000000000e+02,1.601999999999999886e+02,2.156999999999999886e+02
1.641999999999999886e+02,1.685000000000000000e+02,2.124000000000000057e+02
1.854000000000000057e+02,1.558000000000000114e+02,2.219000000000000057e+02
1.709000000000000057e+02,1.563000000000000114e+02,2.008000000000000114e+02
2.399000000000000057e+02,1.533000000000000114e+02,2.070999999999999943e+02
1.988000000000000114e+02,1.484000000000000057e+02,1.649000000000000057e+02
1.550000000000000000e+02,1.225999999999999943e+02,1.969000000000000057e+02
1.540000000000000000e+02,1.589000000000000057e+02,1.935999999999999943e+02
1.350000000000000000e+02,1.641999999999999886e+02,2.069000000000000057e+02
1.924000000000000057e+02,1.669000000000000057e+02,1.760999999999999943e+02
2.225000000000000000e+02,1.556999999999999886e+02,1.880000000000000000e+02
2.255000000000000000e+02,1.626999999999999886e+02,2.046999999999999886e+02
1.760999999999999943e+02,1.566999999999999886e+02,2.035999999999999943e+02
1.765999999999999943e+02,1.646999999999999886e+02,2.090000000000000000e+02
1.885999999999999943e+02,1.510000000000000000e+02,2.089000000000000057e+02
1.830999999999999943e+02,1.334000000000000057e+02,2.064000000000000057e+02
2.091999999999999886e+02,1.636999999999999886e+02,1.970999999999999943e+02
1.998000000000000114e+02,1.626999999999999886e+02,2.215000000000000000e+02
2.175000000000000000e+02,1.560000000000000000e+02,1.975000000000000000e+02
1.554000000000000057e+02,1.289000000000000057e+02,2.155999999999999943e+02
1.791999999999999886e+02,1.624000000000000057e+02,2.045999999999999943e+02
1.905999999999999943e+02,1.293000000000000114e+02,2.065999999999999943e+02
1.656999999999999886e+02,1.335000000000000000e+02,2.216999999999999886e+02
1.899000000000000057e+02,1.371999999999999886e+02,2.121999999999999886e+02
1.846999999999999886e+02,1.320000000000000000e+02,2.010000000000000000e+02
1.965000000000000000e+02,1.222999999999999972e+02,2.006999999999999886e+02
1.671999999999999886e+02,1.360999999999999943e+02,2.326999999999999886e+02
1.576999999999999886e+02,1.519000000000000057e+02,2.480999999999999943e+02
1.388000000000000114e+02,1.296999999999999886e+02,2.260000000000000000e+02
1.529000000000000057e+02,1.384000000000000057e+02,1.976999999999999886e+02
1.624000000000000057e+02,1.553000000000000114e+02,1.960000000000000000e+02
1.771999999999999886e+02,1.574000000000000057e+02,1.943000000000000114e+02
1.828000000000000114e+02,1.543000000000000114e+02,2.156999999999999886e+02
2.140000000000000000e+02,1.801999999999999886e+02,2.270000000000000000e+02
2.019000000000000057e+02,1.593000000000000114e+02,2.135000000000000000e+02
2.288000000000000114e+02,1.405999999999999943e+02,2.255999999999999943e+02
1.704000000000000057e+02,1.147999999999999972e+02,2.230999999999999943e+02
1.470000000000000000e+02,1.519000000000000057e+02,1.975000000000000000e+02
1.820999999999999943e+02,1.490000000000000000e+02,2.030000000000000000e+02
1.601999999999999886e+02,1.550999999999999943e+02,1.986999999999999886e+02
2.111999999999999886e+02,1.725000000000000000e+02,2.623999999999999773e+02
1.789000000000000057e+02,1.590000000000000000e+02,2.501999999999999886e+02
1.655000000000000000e+02,1.558000000000000114e+02,2.708000000000000114e+02
2.154000000000000057e+02,1.705000000000000000e+02,2.369000000000000057e+02
1.961999999999999886e+02,1.718000000000000114e+02,2.651000000000000227e+02
1.611999999999999886e+02,1.749000000000000057e+02,2.793000000000000114e+02
1.694000000000000057e+02,1.843000000000000114e+02,2.638000000000000114e+02
2.429000000000000057e+02,1.751999999999999886e+02,2.781000000000000227e+02
2.059000000000000057e+02,2.033000000000000114e+02,2.498000000000000114e+02
1.980999999999999943e+02,1.995000000000000000e+02,2.423000000000000114e+02
2.021999999999999886e+02,1.760000000000000000e+02,2.678999999999999773e+02
1.709000000000000057e+02,1.516999999999999886e+02,2.480999999999999943e+02
1.780999999999999943e+02,1.761999999999999886e+02,2.618999999999999773e+02
2.295999999999999943e+02,1.960999999999999943e+02,2.968999999999999773e+02
2.611000000000000227e+02,2.060000000000000000e+02,3.261000000000000227e+02
2.756000000000000227e+02,1.880000000000000000e+02,3.503999999999999773e+02
2.851999999999999886e+02,2.146999999999999886e+02,3.553000000000000114e+02
2.636000000000000227e+02,1.926999999999999886e+02,3.233999999999999773e+02
2.590000000000000000e+02,1.909000000000000057e+02,2.628000000000000114e+02
2.469000000000000057e+02,2.361999999999999886e+02,3.886000000000000227e+02
2.421999999999999886e+02,2.761999999999999886e+02,3.553999999999999773e+02
2.365000000000000000e+02,1.995999999999999943e+02,3.858000000000000114e+02
2.449000000000000057e+02,2.116999999999999886e+02,2.758000000000000114e+02
2.405999999999999943e+02,1.900000000000000000e+02,2.720000000000000000e+02
2.496999999999999886e+02,2.264000000000000057e+02,2.768999999999999773e+02
2.856999999999999886e+02,1.739000000000000057e+02,3.096000000000000227e+02
2.448000000000000114e+02,1.966999999999999886e+02,2.853999999999999773e+02
2.498000000000000114e+02,1.999000000000000057e+02,2.933000000000000114e+02
2.908999999999999773e+02,1.920999999999999943e+02,3.108999999999999773e+02
2.435000000000000000e+02,1.654000000000000057e+02,2.409000000000000057e+02
2.263000000000000114e+02,2.068000000000000114e+02,2.720000000000000000e+02
2.470999999999999943e+02,1.916999999999999886e+02,2.703000000000000114e+02
2.228000000000000114e+02,1.628000000000000114e+02,2.851999999999999886e+02
2.273000000000000114e+02,1.855000000000000000e+02,3.146000000000000227e+02
2.391999999999999886e+02,1.916999999999999886e+02,2.941000000000000227e+02
2.185999999999999943e+02,1.924000000000000057e+02,2.586000000000000227e+02
1.840999999999999943e+02,1.478000000000000114e+02,2.680000000000000000e+02
1.716999999999999886e+02,1.506999999999999886e+02,2.838000000000000114e+02
1.754000000000000057e+02,1.478000000000000114e+02,2.680000000000000000e+02
1.705000000000000000e+02,1.599000000000000057e+02,2.509000000000000057e+02
1.811999999999999886e+02,1.874000000000000057e+02,2.258000000000000114e+02
2.048000000000000114e+02,1.726999999999999886e+02,2.263000000000000114e+02
2.138000000000000114e+02,1.509000000000000057e+02,2.004000000000000057e+02
1.495000000000000000e+02,1.559000000000000057e+02,1.898000000000000114e+02
1.725000000000000000e+02,1.360999999999999943e+02,1.906999999999999886e+02
1.704000000000000057e+02,1.400000000000000000e+02,1.794000000000000057e+02
1.625000000000000000e+02,1.197999999999999972e+02,1.821999999999999886e+02
1.464000000000000057e+02,1.277999999999999972e+02,1.714000000000000057e+02
1.359000000000000057e+02,1.149000000000000057e+02,1.790000000000000000e+02
1.480000000000000000e+02,1.165000000000000000e+02,1.533000000000000114e+02
1.360000000000000000e+02,1.052000000000000028e+02,1.726999999999999886e+02
1.244000000000000057e+02,1.005000000000000000e+02,1.536999999999999886e+02
1.037000000000000028e+02,1.025000000000000000e+02,1.340000000000000000e+02
1.139000000000000057e+02,9.690000000000000568e+01,1.391999999999999886e+02
1.257999999999999972e+02,1.366999999999999886e+02,1.325000000000000000e+02
1.115999999999999943e+02,1.280999999999999943e+02,1.301999999999999886e+02
1.090999999999999943e+02,1.336999999999999886e+02,1.375999999999999943e+02
1.030999999999999943e+02,1.275000000000000000e+02,1.421999999999999886e+02
1.064000000000000057e+02,1.291999999999999886e+02,1.726999999999999886e+02
1.019000000000000057e+02,1.334000000000000057e+02,1.971999999999999886e+02
1.020999999999999943e+02,1.419000000000000057e+02,2.055999999999999943e+02
1.069000000000000057e+02,1.520000000000000000e+02,1.865999999999999943e+02
1.084000000000000057e+02,1.351999999999999886e+02,1.546999999999999886e+02
1.054000000000000057e+02,1.301999999999999886e+02,1.277999999999999972e+02
1.017999999999999972e+02,1.097999999999999972e+02,1.194000000000000057e+02
9.900000000000000000e+01,1.170000000000000000e+02,1.252000000000000028e+02
9.720000000000000284e+01,1.022999999999999972e+02,1.170999999999999943e+02
1.060000000000000000e+02,8.779999999999999716e+01,1.167999999999999972e+02
1.080000000000000000e+02,9.359999999999999432e+01,1.185999999999999943e+02
1.090999999999999943e+02,7.620000000000000284e+01,1.169000000000000057e+02
1.115000000000000000e+02,8.529999999999999716e+01,1.117999999999999972e+02
1.065000000000000000e+02,8.090000000000000568e+01,1.393000000000000114e+02
1.244000000000000057e+02,1.230999999999999943e+02,1.664000000000000057e+02
1.150000000000000000e+02,9.979999999999999716e+01,1.599000000000000057e+02
1.207000000000000028e+02,9.820000000000000284e+01,1.473000000000000114e+02
1.050000000000000000e+02,7.820000000000000284e+01,1.305999999999999943e+02
9.820000000000000284e+01,9.270000000000000284e+01,1.127999999999999972e+02
9.820000000000000284e+01,7.859999999999999432e+01,1.235999999999999943e+02
9.629999999999999716e+01,7.990000000000000568e+01,1.145999999999999943e+02
9.559999999999999432e+01,7.929999999999999716e+01,1.129000000000000057e+02
9.440000000000000568e+01,8.629999999999999716e+01,1.232000000000000028e+02
9.359999999999999432e+01,8.659999999999999432e+01,1.289000000000000057e+02
9.220000000000000284e+01,8.859999999999999432e+01,1.185000000000000000e+02
9.870000000000000284e+01,8.759999999999999432e+01,1.159000000000000057e+02
1.020000000000000000e+02,8.479999999999999716e+01,1.410000000000000000e+02
1.045999999999999943e+02,9.540000000000000568e+01,1.531999999999999886e+02
1.065000000000000000e+02,8.759999999999999432e+01,1.620999999999999943e+02
1.004000000000000057e+02,1.175999999999999943e+02,1.498000000000000114e+02
1.035000000000000000e+02,1.175999999999999943e+02,1.320000000000000000e+02
1.122999999999999972e+02,9.079999999999999716e+01,1.479000000000000057e+02
1.090999999999999943e+02,1.060999999999999943e+02,1.809000000000000057e+02
1.140000000000000000e+02,1.274000000000000057e+02,1.451999999999999886e+02
1.320999999999999943e+02,1.874000000000000057e+02,1.395000000000000000e+02
1.207999999999999972e+02,1.400999999999999943e+02,1.755999999999999943e+02
1.673000000000000114e+02,1.676999999999999886e+02,1.628000000000000114e+02
1.540000000000000000e+02,1.225000000000000000e+02,1.670000000000000000e+02
1.479000000000000057e+02,1.330999999999999943e+02,1.621999999999999886e+02
1.528000000000000114e+02,1.445999999999999943e+02,1.691999999999999886e+02
1.530000000000000000e+02,1.360999999999999943e+02,1.620000000000000000e+02
1.224000000000000057e+02,1.185000000000000000e+02,1.988000000000000114e+02
1.854000000000000057e+02,1.117999999999999972e+02,1.956999999999999886e+02
1.840000000000000000e+02,1.067999999999999972e+02,1.724000000000000057e+02
1.725999999999999943e+02,1.190000000000000000e+02,1.625000000000000000e+02
1.595999999999999943e+02,1.343000000000000114e+02,1.800999999999999943e+02
1.541999999999999886e+02,1.217000000000000028e+02,2.314000000000000057e+02
1.315000000000000000e+02,1.212999999999999972e+02,2.458000000000000114e+02
1.436999999999999886e+02,1.310000000000000000e+02,1.980000000000000000e+02
1.525000000000000000e+02,1.334000000000000057e+02,1.843000000000000114e+02
1.723000000000000114e+02,1.561999999999999886e+02,2.270999999999999943e+02
1.714000000000000057e+02,1.573000000000000114e+02,2.089000000000000057e+02
1.691999999999999886e+02,1.629000000000000057e+02,2.084000000000000057e+02
1.531999999999999886e+02,1.534000000000000057e+02,1.884000000000000057e+02
1.605000000000000000e+02,1.338000000000000114e+02,1.849000000000000057e+02
1.966999999999999886e+02,1.375999999999999943e+02,1.818000000000000114e+02
1.910999999999999943e+02,1.505000000000000000e+02,1.850000000000000000e+02
1.940000000000000000e+02,1.481999999999999886e+02,2.010999999999999943e+02
1.770999999999999943e+02,1.565999999999999943e+02,1.793000000000000114e+02
1.660999999999999943e+02,1.350999999999999943e+02,1.986999999999999886e+02
1.736999999999999886e+02,1.408000000000000114e+02,1.971999999999999886e+02
1.999000000000000057e+02,1.635999999999999943e+02,2.368000000000000114e+02
1.745999999999999943e+02,1.540999999999999943e+02,2.100000000000000000e+02
1.969000000000000057e+02,1.633000000000000114e+02,2.066999999999999886e+02
2.190000000000000000e+02,1.368000000000000114e+02,1.876999999999999886e+02
1.988000000000000114e+02,1.405000000000000000e+02,2.159000000000000057e+02
2.041999999999999886e+02,1.721999999999999886e+02,2.500000000000000000e+02
2.010999999999999943e+02,1.411999999999999886e+02,2.236999999999999886e+02
1.998000000000000114e+02,1.700000000000000000e+02,1.991999999999999886e+02
1.709000000000000057e+02,1.508000000000000114e+02,1.991999999999999886e+02
1.488000000000000114e+02,1.639000000000000057e+02,2.194000000000000057e+02
1.684000000000000057e+02,1.428000000000000114e+02,1.930000000000000000e+02
1.735999999999999943e+02,1.569000000000000057e+02,1.979000000000000057e+02
1.946999999999999886e+02,1.650000000000000000e+02,2.035999999999999943e+02
2.004000000000000057e+02,1.731999999999999886e+02,1.760000000000000000e+02
1.730000000000000000e+02,2.020999999999999943e+02,1.725999999999999943e+02
1.845000000000000000e+02,1.788000000000000114e+02,1.948000000000000114e+02
1.791999999999999886e+02,1.839000000000000057e+02,1.789000000000000057e+02
1.505000000000000000e+02,1.704000000000000057e+02,1.744000000000000057e+02
1.548000000000000114e+02,1.680000000000000000e+02,2.330999999999999943e+02
1.774000000000000057e+02,1.684000000000000057e+02,2.509000000000000057e+02
1.843000000000000114e+02,1.580000000000000000e+02,2.321999999999999886e+02
1.695000000000000000e+02,1.556999999999999886e+02,2.053000000000000114e+02
1.603000000000000114e+02,1.624000000000000057e+02,2.123000000000000114e+02
1.533000000000000114e+02,1.359000000000000057e+02,2.023000000000000114e+02
1.520000000000000000e+02,1.328000000000000114e+02,1.870000000000000000e+02
1.780999999999999943e+02,1.464000000000000057e+02,2.010000000000000000e+02
1.790000000000000000e+02,1.225999999999999943e+02,1.831999999999999886e+02
1.945000000000000000e+02,1.383000000000000114e+02,1.726999999999999886e+02
1.765000000000000000e+02,1.400999999999999943e+02,1.788000000000000114e+02
1.715999999999999943e+02,1.325999999999999943e+02,1.873000000000000114e+02
1.979000000000000057e+02,1.615000000000000000e+02,2.003000000000000114e+02
1.841999999999999886e+02,1.610999999999999943e+02,2.393000000000000114e+02
2.225000000000000000e+02,1.535000000000000000e+02,2.553000000000000114e+02
2.144000000000000057e+02,1.864000000000000057e+02,2.205999999999999943e+02
2.448000000000000114e+02,1.769000000000000057e+02,2.460999999999999943e+02
2.755000000000000000e+02,1.399000000000000057e+02,2.583999999999999773e+02
2.184000000000000057e+02,1.696999999999999886e+02,2.631000000000000227e+02
2.315000000000000000e+02,1.775000000000000000e+02,2.743000000000000114e+02
2.961999999999999886e+02,1.975000000000000000e+02,2.743000000000000114e+02
2.846999999999999886e+02,2.034000000000000057e+02,2.691999999999999886e+02
2.728000000000000114e+02,2.171999999999999886e+02,3.415000000000000000e+02
2.778999999999999773e+02,2.079000000000000057e+02,3.206999999999999886e+02
2.613999999999999773e+02,2.065000000000000000e+02,2.881000000000000227e+02
2.319000000000000057e+02,1.876999999999999886e+02,2.958999999999999773e+02
2.441999999999999886e+02,1.996999999999999886e+02,2.625000000000000000e+02
2.570000000000000000e+02,2.615000000000000000e+02,2.968999999999999773e+02
2.776999999999999886e+02,2.460000000000000000e+02,3.030000000000000000e+02
2.235999999999999943e+02,2.044000000000000057e+02,2.656000000000000227e+02
2.281999999999999886e+02,1.819000000000000057e+02,2.661000000000000227e+02
2.243000000000000114e+02,2.006999999999999886e+02,2.773999999999999773e+02
2.025000000000000000e+02,1.895999999999999943e+02,3.011000000000000227e+02
2.501999999999999886e+02,1.829000000000000057e+02,2.533000000000000114e+02
2.294000000000000057e+02,1.870999999999999943e+02,2.380000000000000000e+02
2.419000000000000057e+02,2.005000000000000000e+02,2.728999999999999773e+02
2.450999999999999943e+02,1.765999999999999943e+02,2.826000000000000227e+02
2.108000000000000114e+02,1.915999999999999943e+02,2.881000000000000227e+02
2.265999999999999943e+02,1.520999999999999943e+02,2.900000000000000000e+02
2.104000000000000057e+02,1.911999999999999886e+02,2.535999999999999943e+02
2.093000000000000114e+02,1.590999999999999943e+02,2.725000000000000000e+02
2.134000000000000057e+02,1.670000000000000000e+02,2.551999999999999886e+02
2.183000000000000114e+02,1.675000000000000000e+02,2.509000000000000057e+02
1.949000000000000057e+02,1.688000000000000114e+02,2.886999999999999886e+02
2.073000000000000114e+02,1.893000000000000114e+02,2.430000000000000000e+02
2.266999999999999886e+02,1.964000000000000057e+02,2.494000000000000057e+02
2.066999999999999886e+02,1.930999999999999943e+02,2.370999999999999943e+02
1.991999999999999886e+02,1.388000000000000114e+02,2.333000000000000114e+02
1.703000000000000114e+02,1.455999999999999943e+02,2.428000000000000114e+02
1.710000000000000000e+02,1.404000000000000057e+02,2.336999999999999886e+02
1.749000000000000057e+02,1.290999999999999943e+02,1.955000000000000000e+02
1.550999999999999943e+02,1.242999999999999972e+02,1.779000000000000057e+02
1.710999999999999943e+02,1.172000000000000028e+02,2.146999999999999886e+02
1.754000000000000057e+02,1.556999999999999886e+02,1.958000000000000114e+02
1.425999999999999943e+02,1.224000000000000057e+02,1.750000000000000000e+02
1.499000000000000057e+02,1.192000000000000028e+02,1.501999999999999886e+02
1.455000000000000000e+02,1.152000000000000028e+02,1.433000000000000114e+02
1.668000000000000114e+02,1.100999999999999943e+02,1.585000000000000000e+02
1.584000000000000057e+02,1.070999999999999943e+02,1.388000000000000114e+02
1.546999999999999886e+02,9.409999999999999432e+01,1.325999999999999943e+02
1.440999999999999943e+02,1.007000000000000028e+02,1.565999999999999943e+02
1.365000000000000000e+02,1.007000000000000028e+02,1.345999999999999943e+02
1.348000000000000114e+02,1.107999999999999972e+02,1.212000000000000028e+02
1.418000000000000114e+02,1.040000000000000000e+02,1.316999999999999886e+02
1.360000000000000000e+02,9.829999999999999716e+01,1.333000000000000114e+02
1.335999999999999943e+02,1.040000000000000000e+02,1.328000000000000114e+02
1.257000000000000028e+02,1.042000000000000028e+02,1.586999999999999886e+02
1.305999999999999943e+02,1.167000000000000028e+02,1.555000000000000000e+02
1.254000000000000057e+02,1.039000000000000057e+02,1.418000000000000114e+02
1.252000000000000028e+02,1.179000000000000057e+02,1.363000000000000114e+02
1.259000000000000057e+02,1.142000000000000028e+02,1.563000000000000114e+02
1.229000000000000057e+02,9.729999999999999716e+01,1.465000000000000000e+02
1.237999999999999972e+02,8.270000000000000284e+01,1.391999999999999886e+02
1.230999999999999943e+02,8.029999999999999716e+01,1.299000000000000057e+02
1.280999999999999943e+02,8.440000000000000568e+01,1.257999999999999972e+02
1.199000000000000057e+02,8.940000000000000568e+01,1.157000000000000028e+02
1.197999999999999972e+02,8.629999999999999716e+01,1.177000000000000028e+02
1.232999999999999972e+02,8.320000000000000284e+01,1.262999999999999972e+02
1.217000000000000028e+02,8.950000000000000000e+01,1.219000000000000057e+02
1.272000000000000028e+02,8.859999999999999432e+01,1.225999999999999943e+02
1.275999999999999943e+02,8.400000000000000000e+01,1.137000000000000028e+02
1.242999999999999972e+02,7.720000000000000284e+01,1.139000000000000057e+02
1.202000000000000028e+02,8.090000000000000568e+01,1.085000000000000000e+02
1.100999999999999943e+02,9.820000000000000284e+01,1.124000000000000057e+02
1.095999999999999943e+02,8.179999999999999716e+01,1.125000000000000000e+02
1.234000000000000057e+02,8.729999999999999716e+01,1.215000000000000000e+02
1.037000000000000028e+02,7.659999999999999432e+01,1.237999999999999972e+02
9.890000000000000568e+01,9.679999999999999716e+01,1.194000000000000057e+02
9.720000000000000284e+01,8.270000000000000284e+01,1.094000000000000057e+02
8.840000000000000568e+01,8.309999999999999432e+01,1.245000000000000000e+02
9.350000000000000000e+01,9.040000000000000568e+01,1.147999999999999972e+02
1.130999999999999943e+02,8.109999999999999432e+01,1.192000000000000028e+02
1.187000000000000028e+02,1.025999999999999943e+02,1.264000000000000057e+02
9.840000000000000568e+01,1.010999999999999943e+02,1.304000000000000057e+02
1.002000000000000028e+02,1.092999999999999972e+02,1.125999999999999943e+02
1.102999999999999972e+02,1.027000000000000028e+02,1.217000000000000028e+02
1.045999999999999943e+02,1.060999999999999943e+02,1.155999999999999943e+02
1.047999999999999972e+02,1.140999999999999943e+02,1.393000000000000114e+02
1.257000000000000028e+02,1.434000000000000057e+02,1.665000000000000000e+02
1.554000000000000057e+02,1.630999999999999943e+02,1.823000000000000114e+02
1.513000000000000114e+02,1.715000000000000000e+02,2.114000000000000057e+02
1.315000000000000000e+02,1.200000000000000000e+02,1.641999999999999886e+02
1.400999999999999943e+02,1.115000000000000000e+02,1.650999999999999943e+02
1.691999999999999886e+02,1.430000000000000000e+02,1.775000000000000000e+02
1.465000000000000000e+02,1.565999999999999943e+02,1.611999999999999886e+02
1.376999999999999886e+02,1.460999999999999943e+02,1.709000000000000057e+02
1.355000000000000000e+02,1.055999999999999943e+02,1.831999999999999886e+02
2.048000000000000114e+02,1.269000000000000057e+02,1.718000000000000114e+02
1.864000000000000057e+02,1.167999999999999972e+02,1.700000000000000000e+02
1.619000000000000057e+02,1.220999999999999943e+02,1.836999999999999886e+02
1.431999999999999886e+02,1.346999999999999886e+02,2.216999999999999886e+02
1.929000000000000057e+02,1.489000000000000057e+02,2.701999999999999886e+02
1.704000000000000057e+02,1.320000000000000000e+02,2.180999999999999943e+02
1.800000000000000000e+02,1.349000000000000057e+02,1.960999999999999943e+02
1.891999999999999886e+02,1.483000000000000114e+02,2.456999999999999886e+02
1.795999999999999943e+02,1.329000000000000057e+02,2.596999999999999886e+02
1.735000000000000000e+02,1.470999999999999943e+02,2.140999999999999943e+02
1.990999999999999943e+02,1.356999999999999886e+02,2.394000000000000057e+02
1.421999999999999886e+02,1.484000000000000057e+02,2.116999999999999886e+02
1.503000000000000114e+02,1.418000000000000114e+02,2.078000000000000114e+02
1.825000000000000000e+02,1.358000000000000114e+02,2.023000000000000114e+02
1.491999999999999886e+02,1.340999999999999943e+02,2.084000000000000057e+02
1.631999999999999886e+02,1.455999999999999943e+02,1.820999999999999943e+02
1.903000000000000114e+02,1.224000000000000057e+02,2.005999999999999943e+02
1.779000000000000057e+02,1.421999999999999886e+02,2.140999999999999943e+02
1.665000000000000000e+02,1.339000000000000057e+02,2.059000000000000057e+02
1.680999999999999943e+02,1.316999999999999886e+02,2.298000000000000114e+02
1.806999999999999886e+02,1.340999999999999943e+02,2.440999999999999943e+02
1.831999999999999886e+02,1.360999999999999943e+02,2.050999999999999943e+02
1.650000000000000000e+02,1.390000000000000000e+02,2.095000000000000000e+02
1.653000000000000114e+02,1.249000000000000057e+02,2.456999999999999886e+02
1.705000000000000000e+02,1.315000000000000000e+02,2.395000000000000000e+02
1.885999999999999943e+02,1.315999999999999943e+02,2.533000000000000114e+02
1.721999999999999886e+02,1.480999999999999943e+02,2.194000000000000057e+02
1.710999999999999943e+02,1.440999999999999943e+02,2.176999999999999886e+02
1.934000000000000057e+02,1.658000000000000114e+02,2.225000000000000000e+02
1.854000000000000057e+02,1.406999999999999886e+02,2.049000000000000057e+02
1.696999999999999886e+02,1.493000000000000114e+02,2.131999999999999886e+02
1.851999999999999886e+02,1.540000000000000000e+02,2.175000000000000000e+02
1.811999999999999886e+02,1.715999999999999943e+02,2.240999999999999943e+02
1.425000000000000000e+02,1.550000000000000000e+02,2.230000000000000000e+02
1.540999999999999943e+02,1.619000000000000057e+02,2.400000000000000000e+02
1.748000000000000114e+02,1.540000000000000000e+02,1.965000000000000000e+02
1.446999999999999886e+02,1.365000000000000000e+02,2.049000000000000057e+02
1.639000000000000057e+02,1.575999999999999943e+02,2.259000000000000057e+02
1.971999999999999886e+02,1.546999999999999886e+02,1.961999999999999886e+02
1.745000000000000000e+02,1.496999999999999886e+02,2.056999999999999886e+02
1.778000000000000114e+02,1.473000000000000114e+02,1.815000000000000000e+02
1.651999999999999886e+02,1.323000000000000114e+02,1.775000000000000000e+02
1.505000000000000000e+02,1.480999999999999943e+02,1.790999999999999943e+02
1.668000000000000114e+02,1.545999999999999943e+02,1.909000000000000057e+02
1.793000000000000114e+02,1.494000000000000057e+02,2.036999999999999886e+02
1.664000000000000057e+02,1.205000000000000000e+02,2.341999999999999886e+02
1.579000000000000057e+02,1.439000000000000057e+02,2.350000000000000000e+02
1.783000000000000114e+02,1.323000000000000114e+02,2.465999999999999943e+02
1.790999999999999943e+02,1.414000000000000057e+02,2.491999999999999886e+02
1.815000000000000000e+02,1.295999999999999943e+02,2.344000000000000057e+02
2.124000000000000057e+02,1.262000000000000028e+02,3.065000000000000000e+02
2.514000000000000057e+02,1.650000000000000000e+02,2.973999999999999773e+02
2.188000000000000114e+02,1.571999999999999886e+02,3.138000000000000114e+02
2.045000000000000000e+02,1.835000000000000000e+02,2.676000000000000227e+02
2.050999999999999943e+02,2.055000000000000000e+02,2.418000000000000114e+02
1.966999999999999886e+02,2.089000000000000057e+02,2.560000000000000000e+02
2.435999999999999943e+02,2.069000000000000057e+02,2.705000000000000000e+02
3.090000000000000000e+02,2.228000000000000114e+02,2.728000000000000114e+02
3.038000000000000114e+02,2.166999999999999886e+02,3.173000000000000114e+02
3.421000000000000227e+02,2.058000000000000114e+02,3.221999999999999886e+02
2.878000000000000114e+02,2.159000000000000057e+02,3.323999999999999773e+02
2.623000000000000114e+02,1.985000000000000000e+02,2.998000000000000114e+02
2.811000000000000227e+02,2.015999999999999943e+02,3.273999999999999773e+02
2.665000000000000000e+02,2.055999999999999943e+02,2.925000000000000000e+02
2.278000000000000114e+02,2.378000000000000114e+02,2.898999999999999773e+02
2.340000000000000000e+02,2.238000000000000114e+02,2.953000000000000114e+02
2.633000000000000114e+02,1.888000000000000114e+02,2.723000000000000114e+02
2.963999999999999773e+02,1.733000000000000114e+02,2.771999999999999886e+02
2.898000000000000114e+02,1.585999999999999943e+02,2.493000000000000114e+02
2.340000000000000000e+02,1.879000000000000057e+02,2.545000000000000000e+02
2.155999999999999943e+02,1.635000000000000000e+02,2.550000000000000000e+02
2.238000000000000114e+02,1.551999999999999886e+02,2.568999999999999773e+02
2.324000000000000057e+02,1.596999999999999886e+02,2.465000000000000000e+02
2.018000000000000114e+02,1.685000000000000000e+02,2.275000000000000000e+02
2.096999999999999886e+02,1.620999999999999943e+02,2.331999999999999886e+02
2.074000000000000057e+02,1.455999999999999943e+02,2.573999999999999773e+02
2.215999999999999943e+02,1.446999999999999886e+02,2.420999999999999943e+02
1.839000000000000057e+02,1.289000000000000057e+02,3.008999999999999773e+02
2.051999999999999886e+02,1.318000000000000114e+02,2.663999999999999773e+02
1.945999999999999943e+02,1.414000000000000057e+02,2.553000000000000114e+02
2.030000000000000000e+02,1.424000000000000057e+02,2.369000000000000057e+02
2.335999999999999943e+02,1.565000000000000000e+02,2.648999999999999773e+02
1.900000000000000000e+02,1.620999999999999943e+02,2.483000000000000114e+02
1.970999999999999943e+02,1.300000000000000000e+02,2.340999999999999943e+02
2.286999999999999886e+02,1.280999999999999943e+02,2.339000000000000057e+02
2.069000000000000057e+02,1.488000000000000114e+02,2.555999999999999943e+02
2.130000000000000000e+02,1.164000000000000057e+02,2.129000000000000057e+02
1.940000000000000000e+02,1.326999999999999886e+02,1.791999999999999886e+02
2.055999999999999943e+02,1.085999999999999943e+02,1.755000000000000000e+02
1.753000000000000114e+02,1.062999999999999972e+02,1.754000000000000057e+02
2.065999999999999943e+02,1.232000000000000028e+02,1.696999999999999886e+02
2.021999999999999886e+02,1.069000000000000057e+02,1.643000000000000114e+02
1.770999999999999943e+02,9.540000000000000568e+01,1.550999999999999943e+02
1.515000000000000000e+02,9.190000000000000568e+01,1.563000000000000114e+02
1.479000000000000057e+02,9.659999999999999432e+01,1.564000000000000057e+02
1.358000000000000114e+02,9.579999999999999716e+01,1.305000000000000000e+02
1.385000000000000000e+02,9.929999999999999716e+01,1.299000000000000057e+02
1.358000000000000114e+02,7.640000000000000568e+01,1.451999999999999886e+02
1.346999999999999886e+02,1.174000000000000057e+02,1.306999999999999886e+02
1.375000000000000000e+02,1.219000000000000057e+02,1.306999999999999886e+02
1.473000000000000114e+02,1.333000000000000114e+02,1.418000000000000114e+02
1.356999999999999886e+02,1.215999999999999943e+02,1.279000000000000057e+02
1.314000000000000057e+02,1.335000000000000000e+02,1.479000000000000057e+02
1.313000000000000114e+02,1.358000000000000114e+02,1.560999999999999943e+02
1.252999999999999972e+02,1.430999999999999943e+02,1.640000000000000000e+02
1.275000000000000000e+02,1.475999999999999943e+02,1.636999999999999886e+02
1.323000000000000114e+02,1.314000000000000057e+02,1.740999999999999943e+02
1.235000000000000000e+02,1.295000000000000000e+02,1.496999999999999886e+02
1.220000000000000000e+02,1.306999999999999886e+02,1.450000000000000000e+02
1.333000000000000114e+02,1.404000000000000057e+02,1.449000000000000057e+02
1.323000000000000114e+02,1.020999999999999943e+02,1.320999999999999943e+02
1.301999999999999886e+02,1.029000000000000057e+02,1.404000000000000057e+02
1.355000000000000000e+02,8.190000000000000568e+01,1.318000000000000114e+02
1.275000000000000000e+02,8.800000000000000000e+01,1.270999999999999943e+02
1.245999999999999943e+02,9.409999999999999432e+01,1.415999999999999943e+02
1.288000000000000114e+02,9.150000000000000000e+01,1.423000000000000114e+02
1.077000000000000028e+02,9.570000000000000284e+01,1.294000000000000057e+02
9.970000000000000284e+01,8.000000000000000000e+01,1.294000000000000057e+02
1.027999999999999972e+02,8.290000000000000568e+01,1.470000000000000000e+02
1.030999999999999943e+02,8.220000000000000284e+01,1.443000000000000114e+02
9.379999999999999716e+01,8.809999999999999432e+01,1.185999999999999943e+02
9.229999999999999716e+01,7.940000000000000568e+01,1.204000000000000057e+02
9.159999999999999432e+01,8.529999999999999716e+01,1.259000000000000057e+02
9.279999999999999716e+01,7.540000000000000568e+01,1.175000000000000000e+02
9.890000000000000568e+01,8.990000000000000568e+01,1.323000000000000114e+02
9.929999999999999716e+01,7.640000000000000568e+01,1.475999999999999943e+02
9.679999999999999716e+01,8.250000000000000000e+01,1.187000000000000028e+02
9.629999999999999716e+01,7.940000000000000568e+01,1.169000000000000057e+02
9.920000000000000284e+01,9.050000000000000000e+01,1.272999999999999972e+02
1.152000000000000028e+02,8.359999999999999432e+01,1.280999999999999943e+02
1.175000000000000000e+02,1.010000000000000000e+02,1.304000000000000057e+02
1.164000000000000057e+02,8.459999999999999432e+01,1.795999999999999943e+02
1.087999999999999972e+02,1.020999999999999943e+02,1.691999999999999886e+02
1.215000000000000000e+02,1.105999999999999943e+02,1.493000000000000114e+02
1.137999999999999972e+02,1.037000000000000028e+02,1.334000000000000057e+02
1.409000000000000057e+02,1.470000000000000000e+02,1.514000000000000057e+02
1.363000000000000114e+02,1.550000000000000000e+02,1.566999999999999886e+02
1.255000000000000000e+02,1.496999999999999886e+02,1.606999999999999886e+02
1.190000000000000000e+02,1.323000000000000114e+02,1.821999999999999886e+02
1.440999999999999943e+02,1.829000000000000057e+02,1.655999999999999943e+02
1.778000000000000114e+02,1.323000000000000114e+02,1.656999999999999886e+02
1.719000000000000057e+02,1.524000000000000057e+02,1.534000000000000057e+02
1.933000000000000114e+02,9.920000000000000284e+01,2.015000000000000000e+02
1.565999999999999943e+02,1.341999999999999886e+02,2.075999999999999943e+02
2.234000000000000057e+02,1.331999999999999886e+02,2.011999999999999886e+02
1.654000000000000057e+02,1.272000000000000028e+02,1.669000000000000057e+02
1.584000000000000057e+02,1.296999999999999886e+02,1.851999999999999886e+02
1.594000000000000057e+02,1.715000000000000000e+02,2.633000000000000114e+02
1.758000000000000114e+02,1.280999999999999943e+02,2.279000000000000057e+02
1.719000000000000057e+02,1.244000000000000057e+02,1.965999999999999943e+02
1.549000000000000057e+02,1.247999999999999972e+02,1.761999999999999886e+02
1.550999999999999943e+02,1.538000000000000114e+02,1.761999999999999886e+02
1.460999999999999943e+02,1.440000000000000000e+02,1.805999999999999943e+02
1.500000000000000000e+02,1.464000000000000057e+02,2.045000000000000000e+02
1.585999999999999943e+02,1.533000000000000114e+02,1.720999999999999943e+02
1.321999999999999886e+02,1.257999999999999972e+02,1.895000000000000000e+02
1.300999999999999943e+02,1.353000000000000114e+02,2.018000000000000114e+02
1.355000000000000000e+02,1.212000000000000028e+02,1.768000000000000114e+02
1.484000000000000057e+02,1.326999999999999886e+02,1.633000000000000114e+02
1.435999999999999943e+02,1.255999999999999943e+02,1.728000000000000114e+02
1.525999999999999943e+02,1.764000000000000057e+02,1.921999999999999886e+02
1.701999999999999886e+02,1.559000000000000057e+02,1.805999999999999943e+02
1.923000000000000114e+02,1.418000000000000114e+02,1.810999999999999943e+02
1.680000000000000000e+02,1.466999999999999886e+02,1.675999999999999943e+02
1.379000000000000057e+02,1.571999999999999886e+02,1.676999999999999886e+02
1.320000000000000000e+02,1.605000000000000000e+02,1.983000000000000114e+02
1.360999999999999943e+02,1.480000000000000000e+02,1.834000000000000057e+02
1.649000000000000057e+02,1.618000000000000114e+02,1.869000000000000057e+02
1.696999999999999886e+02,1.495000000000000000e+02,2.155999999999999943e+02
1.930000000000000000e+02,1.659000000000000057e+02,2.044000000000000057e+02
1.665999999999999943e+02,1.820999999999999943e+02,1.951999999999999886e+02
1.645000000000000000e+02,1.716999999999999886e+02,1.504000000000000057e+02
1.655999999999999943e+02,1.733000000000000114e+02,1.625999999999999943e+02
1.555000000000000000e+02,1.480999999999999943e+02,1.526999999999999886e+02
1.184000000000000057e+02,1.440999999999999943e+02,1.645000000000000000e+02
1.308000000000000114e+02,1.299000000000000057e+02,1.640000000000000000e+02
1.301999999999999886e+02,1.368000000000000114e+02,1.528000000000000114e+02
1.371999999999999886e+02,1.410000000000000000e+02,1.603000000000000114e+02
1.511999999999999886e+02,1.368000000000000114e+02,1.506999999999999886e+02
1.478000000000000114e+02,1.363000000000000114e+02,1.564000000000000057e+02
1.426999999999999886e+02,1.306999999999999886e+02,1.388000000000000114e+02
1.421999999999999886e+02,1.424000000000000057e+02,1.441999999999999886e+02
1.729000000000000057e+02,1.194000000000000057e+02,1.623000000000000114e+02
2.076999999999999886e+02,1.356999999999999886e+02,1.685999999999999943e+02
1.776999999999999886e+02,1.155999999999999943e+02,1.770000000000000000e+02
1.893000000000000114e+02,1.062999999999999972e+02,1.798000000000000114e+02
2.054000000000000057e+02,1.364000000000000057e+02,2.120000000000000000e+02
1.908000000000000114e+02,1.134000000000000057e+02,2.021999999999999886e+02
1.973000000000000114e+02,1.485000000000000000e+02,2.040999999999999943e+02
2.170999999999999943e+02,1.760000000000000000e+02,2.606999999999999886e+02
1.940999999999999943e+02,2.030999999999999943e+02,2.966000000000000227e+02
1.886999999999999886e+02,1.605000000000000000e+02,2.253000000000000114e+02
1.910000000000000000e+02,1.904000000000000057e+02,2.591000000000000227e+02
2.064000000000000057e+02,1.916999999999999886e+02,2.706999999999999886e+02
1.920999999999999943e+02,1.879000000000000057e+02,2.725000000000000000e+02
1.630999999999999943e+02,1.485999999999999943e+02,2.673000000000000114e+02
2.011999999999999886e+02,1.544000000000000057e+02,2.841999999999999886e+02
1.690999999999999943e+02,1.460000000000000000e+02,2.721999999999999886e+02
1.828000000000000114e+02,1.606999999999999886e+02,3.451999999999999886e+02
1.928000000000000114e+02,1.675000000000000000e+02,3.083000000000000114e+02
2.040999999999999943e+02,1.743000000000000114e+02,3.036999999999999886e+02
2.401999999999999886e+02,1.941999999999999886e+02,2.881999999999999886e+02
2.766000000000000227e+02,1.926999999999999886e+02,2.414000000000000057e+02
2.315000000000000000e+02,1.843000000000000114e+02,2.204000000000000057e+02
1.968000000000000114e+02,2.076999999999999886e+02,2.390999999999999943e+02
2.325000000000000000e+02,1.895000000000000000e+02,2.710000000000000000e+02
2.429000000000000057e+02,1.835000000000000000e+02,3.116999999999999886e+02
2.356999999999999886e+02,2.059000000000000057e+02,3.013999999999999773e+02
2.430999999999999943e+02,2.593000000000000114e+02,3.151999999999999886e+02
2.275000000000000000e+02,2.456999999999999886e+02,2.708999999999999773e+02
2.841000000000000227e+02,2.180999999999999943e+02,2.838999999999999773e+02
2.395000000000000000e+02,2.376999999999999886e+02,3.006999999999999886e+02
2.005000000000000000e+02,1.920000000000000000e+02,2.620000000000000000e+02
2.324000000000000057e+02,1.683000000000000114e+02,2.696999999999999886e+02
2.215000000000000000e+02,1.695000000000000000e+02,2.650000000000000000e+02
2.250999999999999943e+02,1.744000000000000057e+02,2.630000000000000000e+02
2.285999999999999943e+02,1.421999999999999886e+02,2.933000000000000114e+02
2.688999999999999773e+02,1.731999999999999886e+02,2.978000000000000114e+02
2.585000000000000000e+02,2.041999999999999886e+02,2.736000000000000227e+02
2.365999999999999943e+02,1.571999999999999886e+02,2.860000000000000000e+02
2.099000000000000057e+02,1.671999999999999886e+02,2.718000000000000114e+02
1.925999999999999943e+02,1.706999999999999886e+02,2.591000000000000227e+02
1.730999999999999943e+02,1.800999999999999943e+02,2.616999999999999886e+02
1.820000000000000000e+02,1.704000000000000057e+02,2.676999999999999886e+02
1.769000000000000057e+02,1.664000000000000057e+02,2.578999999999999773e+02
1.871999999999999886e+02,1.753000000000000114e+02,2.803000000000000114e+02
1.899000000000000057e+02,1.570999999999999943e+02,2.539000000000000057e+02
1.801999999999999886e+02,1.674000000000000057e+02,2.539000000000000057e+02
2.075999999999999943e+02,1.659000000000000057e+02,2.981000000000000227e+02
2.235999999999999943e+02,1.475999999999999943e+02,2.191999999999999886e+02
1.779000000000000057e+02,1.530000000000000000e+02,1.870999999999999943e+02
1.894000000000000057e+02,1.334000000000000057e+02,1.840999999999999943e+02
1.706999999999999886e+02,1.281999999999999886e+02,2.268000000000000114e+02
1.793000000000000114e+02,1.130999999999999943e+02,2.035999999999999943e+02
1.853000000000000114e+02,1.240999999999999943e+02,1.880999999999999943e+02
1.540000000000000000e+02,1.132000000000000028e+02,1.880000000000000000e+02
1.414000000000000057e+02,1.110000000000000000e+02,1.878000000000000114e+02
1.341999999999999886e+02,1.079000000000000057e+02,1.930000000000000000e+02
1.368000000000000114e+02,1.085999999999999943e+02,1.545000000000000000e+02
1.179000000000000057e+02,9.679999999999999716e+01,1.504000000000000057e+02
1.132999999999999972e+02,8.759999999999999432e+01,1.471999999999999886e+02
1.154000000000000057e+02,9.340000000000000568e+01,1.470999999999999943e+02
1.075000000000000000e+02,8.270000000000000284e+01,1.470000000000000000e+02
1.089000000000000057e+02,1.039000000000000057e+02,1.366999999999999886e+02
1.097000000000000028e+02,8.790000000000000568e+01,1.383000000000000114e+02
1.089000000000000057e+02,1.012000000000000028e+02,1.326999999999999886e+02
1.120999999999999943e+02,8.550000000000000000e+01,1.461999999999999886e+02
1.040999999999999943e+02,1.047000000000000028e+02,1.630999999999999943e+02
1.025000000000000000e+02,1.105000000000000000e+02,1.624000000000000057e+02
1.055000000000000000e+02,1.110999999999999943e+02,1.559000000000000057e+02
1.075000000000000000e+02,1.107000000000000028e+02,1.665000000000000000e+02
1.069000000000000057e+02,1.054000000000000057e+02,1.611999999999999886e+02
1.094000000000000057e+02,9.200000000000000000e+01,1.571999999999999886e+02
1.045999999999999943e+02,9.409999999999999432e+01,1.408000000000000114e+02
1.062000000000000028e+02,9.759999999999999432e+01,1.333000000000000114e+02
1.092000000000000028e+02,1.052000000000000028e+02,1.272999999999999972e+02
1.072000000000000028e+02,9.290000000000000568e+01,1.341999999999999886e+02
9.690000000000000568e+01,7.850000000000000000e+01,1.254000000000000057e+02
9.650000000000000000e+01,8.600000000000000000e+01,1.177000000000000028e+02
9.600000000000000000e+01,7.979999999999999716e+01,1.202000000000000028e+02
1.014000000000000057e+02,9.770000000000000284e+01,1.252000000000000028e+02
9.929999999999999716e+01,8.179999999999999716e+01,1.220000000000000000e+02
9.820000000000000284e+01,9.020000000000000284e+01,1.237999999999999972e+02
1.034000000000000057e+02,7.720000000000000284e+01,1.154000000000000057e+02
9.950000000000000000e+01,9.120000000000000284e+01,1.200999999999999943e+02
1.004000000000000057e+02,9.140000000000000568e+01,1.170999999999999943e+02
9.320000000000000284e+01,1.065999999999999943e+02,1.210000000000000000e+02
9.159999999999999432e+01,8.379999999999999716e+01,1.257000000000000028e+02
9.559999999999999432e+01,8.350000000000000000e+01,1.167999999999999972e+02
9.909999999999999432e+01,7.940000000000000568e+01,1.222000000000000028e+02
9.340000000000000568e+01,8.579999999999999716e+01,1.277999999999999972e+02
1.010999999999999943e+02,9.840000000000000568e+01,1.244000000000000057e+02
1.094000000000000057e+02,9.320000000000000284e+01,1.358000000000000114e+02
1.177999999999999972e+02,1.000000000000000000e+02,1.465000000000000000e+02
1.202999999999999972e+02,8.879999999999999716e+01,1.285000000000000000e+02
1.346999999999999886e+02,9.259999999999999432e+01,1.315999999999999943e+02
1.132999999999999972e+02,9.640000000000000568e+01,1.255000000000000000e+02
1.162999999999999972e+02,9.959999999999999432e+01,1.279000000000000057e+02
1.060000000000000000e+02,1.195000000000000000e+02,1.431999999999999886e+02
1.364000000000000057e+02,1.414000000000000057e+02,1.943000000000000114e+02
1.435000000000000000e+02,1.348000000000000114e+02,1.643000000000000114e+02
1.338000000000000114e+02,1.115000000000000000e+02,1.490000000000000000e+02
1.391999999999999886e+02,1.167000000000000028e+02,1.521999999999999886e+02
1.353000000000000114e+02,1.177000000000000028e+02,1.655999999999999943e+02
1.703000000000000114e+02,1.205000000000000000e+02,1.519000000000000057e+02
1.430999999999999943e+02,1.308000000000000114e+02,2.305999999999999943e+02
1.740999999999999943e+02,1.551999999999999886e+02,2.203000000000000114e+02
1.564000000000000057e+02,1.504000000000000057e+02,1.879000000000000057e+02
1.844000000000000057e+02,1.886999999999999886e+02,1.825000000000000000e+02
1.874000000000000057e+02,1.439000000000000057e+02,1.923000000000000114e+02
1.495000000000000000e+02,1.919000000000000057e+02,2.145999999999999943e+02
1.675999999999999943e+02,1.610999999999999943e+02,2.090999999999999943e+02
1.570000000000000000e+02,1.454000000000000057e+02,1.936999999999999886e+02
1.555000000000000000e+02,1.360000000000000000e+02,1.795000000000000000e+02
1.553000000000000114e+02,1.644000000000000057e+02,1.860999999999999943e+02
1.654000000000000057e+02,1.414000000000000057e+02,1.990000000000000000e+02
1.776999999999999886e+02,1.599000000000000057e+02,2.030999999999999943e+02
1.573000000000000114e+02,1.771999999999999886e+02,2.390999999999999943e+02
1.600999999999999943e+02,1.840999999999999943e+02,2.530999999999999943e+02
1.430999999999999943e+02,1.955000000000000000e+02,2.530000000000000000e+02
1.531999999999999886e+02,1.883000000000000114e+02,2.265000000000000000e+02
1.509000000000000057e+02,1.986999999999999886e+02,2.150999999999999943e+02
2.085999999999999943e+02,1.870000000000000000e+02,2.146999999999999886e+02
1.998000000000000114e+02,1.856999999999999886e+02,2.284000000000000057e+02
1.606999999999999886e+02,1.695000000000000000e+02,1.959000000000000057e+02
1.830000000000000000e+02,1.488000000000000114e+02,2.421999999999999886e+02
2.145999999999999943e+02,1.470000000000000000e+02,2.049000000000000057e+02
1.681999999999999886e+02,1.724000000000000057e+02,2.310999999999999943e+02
1.673000000000000114e+02,1.693000000000000114e+02,2.299000000000000057e+02
1.655999999999999943e+02,2.044000000000000057e+02,2.256999999999999886e+02
1.555999999999999943e+02,1.901999999999999886e+02,2.124000000000000057e+02
1.590999999999999943e+02,1.851999999999999886e+02,1.953000000000000114e+02
1.675000000000000000e+02,1.813000000000000114e+02,2.239000000000000057e+02
2.018000000000000114e+02,1.965000000000000000e+02,2.405000000000000000e+02
2.190999999999999943e+02,1.958000000000000114e+02,2.506999999999999886e+02
1.823000000000000114e+02,1.838000000000000114e+02,2.440000000000000000e+02
1.655999999999999943e+02,2.378000000000000114e+02,2.318000000000000114e+02
1.745000000000000000e+02,2.271999999999999886e+02,2.419000000000000057e+02
1.738000000000000114e+02,1.718000000000000114e+02,1.871999999999999886e+02
1.535999999999999943e+02,1.701999999999999886e+02,2.260999999999999943e+02
1.570000000000000000e+02,1.760999999999999943e+02,2.209000000000000057e+02
1.645999999999999943e+02,1.885000000000000000e+02,2.136999999999999886e+02
1.968000000000000114e+02,2.246999999999999886e+02,2.791999999999999886e+02
1.596999999999999886e+02,2.073000000000000114e+02,2.936000000000000227e+02
1.730000000000000000e+02,1.885999999999999943e+02,2.238000000000000114e+02
1.566999999999999886e+02,1.729000000000000057e+02,2.095999999999999943e+02
1.896999999999999886e+02,1.664000000000000057e+02,2.053000000000000114e+02
1.935000000000000000e+02,1.530999999999999943e+02,2.306999999999999886e+02
2.096999999999999886e+02,1.600000000000000000e+02,1.955999999999999943e+02
1.930999999999999943e+02,1.518000000000000114e+02,1.976999999999999886e+02
1.804000000000000057e+02,1.411999999999999886e+02,2.125999999999999943e+02
1.675000000000000000e+02,1.594000000000000057e+02,2.358000000000000114e+02
1.983000000000000114e+02,1.660000000000000000e+02,2.320000000000000000e+02
2.436999999999999886e+02,2.085999999999999943e+02,2.593999999999999773e+02
2.455999999999999943e+02,1.739000000000000057e+02,2.673000000000000114e+02
2.026999999999999886e+02,1.815000000000000000e+02,2.928999999999999773e+02
1.844000000000000057e+02,1.736999999999999886e+02,2.551999999999999886e+02
2.130000000000000000e+02,1.693000000000000114e+02,2.346999999999999886e+02
2.004000000000000057e+02,1.590000000000000000e+02,2.555000000000000000e+02
2.623000000000000114e+02,1.541999999999999886e+02,2.768000000000000114e+02
2.433000000000000114e+02,1.645000000000000000e+02,2.608999999999999773e+02
2.505000000000000000e+02,1.818000000000000114e+02,2.566000000000000227e+02
2.376999999999999886e+02,1.920000000000000000e+02,2.846999999999999886e+02
2.169000000000000057e+02,1.910999999999999943e+02,3.086000000000000227e+02
2.426999999999999886e+02,2.166999999999999886e+02,2.891999999999999886e+02
2.773000000000000114e+02,1.976999999999999886e+02,2.668999999999999773e+02
2.606000000000000227e+02,1.914000000000000057e+02,3.128999999999999773e+02
2.411999999999999886e+02,2.171999999999999886e+02,2.943999999999999773e+02
2.353000000000000114e+02,1.963000000000000114e+02,3.155000000000000000e+02
1.988000000000000114e+02,2.019000000000000057e+02,2.841000000000000227e+02
1.965000000000000000e+02,1.949000000000000057e+02,2.850000000000000000e+02
2.409000000000000057e+02,2.346999999999999886e+02,3.521999999999999886e+02
2.258000000000000114e+02,1.995000000000000000e+02,3.283000000000000114e+02
2.421999999999999886e+02,2.025999999999999943e+02,3.221999999999999886e+02
2.370999999999999943e+02,1.950999999999999943e+02,2.956000000000000227e+02
2.205999999999999943e+02,1.724000000000000057e+02,2.986000000000000227e+02
1.969000000000000057e+02,1.624000000000000057e+02,3.168999999999999773e+02
2.250999999999999943e+02,2.084000000000000057e+02,3.413000000000000114e+02
2.028000000000000114e+02,2.120000000000000000e+02,3.140000000000000000e+02
2.061999999999999886e+02,2.181999999999999886e+02,3.088000000000000114e+02
1.923000000000000114e+02,2.503000000000000114e+02,3.338999999999999773e+02
1.568000000000000114e+02,1.914000000000000057e+02,2.833999999999999773e+02
1.630999999999999943e+02,1.590000000000000000e+02,2.375999999999999943e+02
1.759000000000000057e+02,1.519000000000000057e+02,2.711999999999999886e+02
1.775000000000000000e+02,1.379000000000000057e+02,2.723000000000000114e+02
1.719000000000000057e+02,1.495999999999999943e+02,2.601000000000000227e+02
1.786999999999999886e+02,1.563000000000000114e+02,2.518000000000000114e+02
1.838000000000000114e+02,1.576999999999999886e+02,2.421999999999999886e+02
1.574000000000000057e+02,1.320000000000000000e+02,2.918999999999999773e+02
1.633000000000000114e+02,1.701999999999999886e+02,2.713999999999999773e+02
1.785000000000000000e+02,1.710000000000000000e+02,2.696000000000000227e+02
1.565999999999999943e+02,1.451999999999999886e+02,2.351999999999999886e+02
1.479000000000000057e+02,1.424000000000000057e+02,2.299000000000000057e+02
1.524000000000000057e+02,1.420000000000000000e+02,2.091999999999999886e+02
1.540000000000000000e+02,1.491999999999999886e+02,1.865000000000000000e+02
1.628000000000000114e+02,1.351999999999999886e+02,1.880999999999999943e+02
1.393000000000000114e+02,1.245000000000000000e+02,1.778000000000000114e+02
1.182999999999999972e+02,1.089000000000000057e+02,1.790999999999999943e+02
1.260000000000000000e+02,1.112999999999999972e+02,1.589000000000000057e+02
1.174000000000000057e+02,9.209999999999999432e+01,1.520999999999999943e+02
1.344000000000000057e+02,1.092000000000000028e+02,1.644000000000000057e+02
1.444000000000000057e+02,9.850000000000000000e+01,1.694000000000000057e+02
1.245999999999999943e+02,1.364000000000000057e+02,1.606999999999999886e+02
1.830999999999999943e+02,1.219000000000000057e+02,1.620999999999999943e+02
1.601999999999999886e+02,1.147000000000000028e+02,1.558000000000000114e+02
1.415000000000000000e+02,8.929999999999999716e+01,1.454000000000000057e+02
1.759000000000000057e+02,1.435000000000000000e+02,1.728000000000000114e+02
1.496999999999999886e+02,1.250000000000000000e+02,1.903000000000000114e+02
1.556999999999999886e+02,1.710000000000000000e+02,1.820999999999999943e+02
1.709000000000000057e+02,1.448000000000000114e+02,1.885999999999999943e+02
1.714000000000000057e+02,1.325000000000000000e+02,2.136999999999999886e+02
1.728000000000000114e+02,1.514000000000000057e+02,2.110000000000000000e+02
1.545999999999999943e+02,1.609000000000000057e+02,2.080000000000000000e+02
1.525000000000000000e+02,1.500000000000000000e+02,1.910999999999999943e+02
1.398000000000000114e+02,1.461999999999999886e+02,1.998000000000000114e+02
1.413000000000000114e+02,1.520000000000000000e+02,1.786999999999999886e+02
1.623000000000000114e+02,1.419000000000000057e+02,2.450000000000000000e+02
1.765000000000000000e+02,1.455000000000000000e+02,2.953999999999999773e+02
1.663000000000000114e+02,1.543000000000000114e+02,2.175000000000000000e+02
1.833000000000000114e+02,1.596999999999999886e+02,1.905000000000000000e+02
2.065000000000000000e+02,1.360999999999999943e+02,1.800999999999999943e+02
1.650000000000000000e+02,1.415999999999999943e+02,1.941999999999999886e+02
1.919000000000000057e+02,1.366999999999999886e+02,2.231999999999999886e+02
2.080999999999999943e+02,1.705000000000000000e+02,2.120000000000000000e+02
1.820999999999999943e+02,1.240000000000000000e+02,1.980999999999999943e+02
1.591999999999999886e+02,1.370999999999999943e+02,2.190000000000000000e+02
1.505000000000000000e+02,1.280999999999999943e+02,2.395999999999999943e+02
1.720000000000000000e+02,1.415000000000000000e+02,3.126000000000000227e+02
1.755999999999999943e+02,1.681999999999999886e+02,2.300999999999999943e+02
1.856999999999999886e+02,1.801999999999999886e+02,2.390999999999999943e+02
1.630000000000000000e+02,1.683000000000000114e+02,2.515999999999999943e+02
1.796999999999999886e+02,1.670999999999999943e+02,2.378000000000000114e+02
1.661999999999999886e+02,1.584000000000000057e+02,1.995000000000000000e+02
1.870000000000000000e+02,1.225999999999999943e+02,2.193000000000000114e+02
1.785000000000000000e+02,1.538000000000000114e+02,2.015000000000000000e+02
1.546999999999999886e+02,1.363000000000000114e+02,2.010999999999999943e+02
1.613000000000000114e+02,1.483000000000000114e+02,2.051999999999999886e+02
1.720999999999999943e+02,1.653000000000000114e+02,2.143000000000000114e+02
1.785999999999999943e+02,1.829000000000000057e+02,2.004000000000000057e+02
1.578000000000000114e+02,1.252999999999999972e+02,1.988000000000000114e+02
1.560999999999999943e+02,1.520000000000000000e+02,2.283000000000000114e+02
1.660999999999999943e+02,1.396999999999999886e+02,2.000000000000000000e+02
1.759000000000000057e+02,1.534000000000000057e+02,2.135000000000000000e+02
2.229000000000000057e+02,1.396999999999999886e+02,2.001999999999999886e+02
1.798000000000000114e+02,1.350000000000000000e+02,2.138000000000000114e+02
1.463000000000000114e+02,1.570000000000000000e+02,2.204000000000000057e+02
1.705000000000000000e+02,1.520999999999999943e+02,2.005999999999999943e+02
1.753000000000000114e+02,1.684000000000000057e+02,2.113000000000000114e+02
1.895999999999999943e+02,1.530000000000000000e+02,1.870999999999999943e+02
1.960000000000000000e+02,1.555000000000000000e+02,1.994000000000000057e+02
1.885000000000000000e+02,1.436999999999999886e+02,2.201999999999999886e+02
2.083000000000000114e+02,1.445999999999999943e+02,2.240000000000000000e+02
1.961999999999999886e+02,1.530000000000000000e+02,1.873000000000000114e+02
1.920999999999999943e+02,1.655000000000000000e+02,2.085999999999999943e+02
2.219000000000000057e+02,1.364000000000000057e+02,2.025999999999999943e+02
1.920000000000000000e+02,1.611999999999999886e+02,2.304000000000000057e+02
1.755999999999999943e+02,1.855000000000000000e+02,2.265999999999999943e+02
1.993000000000000114e+02,2.064000000000000057e+02,2.155000000000000000e+02
2.581999999999999886e+02,2.135000000000000000e+02,2.518000000000000114e+02
2.548000000000000114e+02,1.946999999999999886e+02,2.271999999999999886e+02
2.414000000000000057e+02,2.243000000000000114e+02,2.350000000000000000e+02
2.306999999999999886e+02,2.240999999999999943e+02,2.678000000000000114e+02
2.631000000000000227e+02,2.299000000000000057e+02,2.601000000000000227e+02
2.796999999999999886e+02,2.171999999999999886e+02,2.454000000000000057e+02
2.563999999999999773e+02,2.166999999999999886e+02,2.786999999999999886e+02
2.410000000000000000e+02,1.898000000000000114e+02,2.711999999999999886e+02
2.479000000000000057e+02,2.078000000000000114e+02,2.561000000000000227e+02
2.971000000000000227e+02,2.201999999999999886e+02,2.858999999999999773e+02
2.806999999999999886e+02,2.375000000000000000e+02,2.943999999999999773e+02
2.409000000000000057e+02,2.646000000000000227e+02,2.683000000000000114e+02
2.389000000000000057e+02,2.174000000000000057e+02,2.686999999999999886e+02
2.698000000000000114e+02,2.473000000000000114e+02,2.681999999999999886e+02
2.893000000000000114e+02,2.374000000000000057e+02,2.668000000000000114e+02
2.278000000000000114e+02,2.278000000000000114e+02,2.721999999999999886e+02
2.493000000000000114e+02,2.169000000000000057e+02,2.911000000000000227e+02
2.416999999999999886e+02,2.111999999999999886e+02,2.561000000000000227e+02
2.766000000000000227e+02,2.230000000000000000e+02,2.458000000000000114e+02
2.418000000000000114e+02,2.414000000000000057e+02,2.643000000000000114e+02
2.186999999999999886e+02,2.115999999999999943e+02,2.718999999999999773e+02
2.098000000000000114e+02,1.953000000000000114e+02,2.783999999999999773e+02
2.124000000000000057e+02,1.931999999999999886e+02,2.736000000000000227e+02
1.856999999999999886e+02,1.961999999999999886e+02,2.519000000000000057e+02
1.840000000000000000e+02,2.015999999999999943e+02,2.863000000000000114e+02
1.934000000000000057e+02,2.110000000000000000e+02,2.576000000000000227e+02
1.890999999999999943e+02,1.493000000000000114e+02,2.499000000000000057e+02
1.790000000000000000e+02,1.608000000000000114e+02,2.318000000000000114e+02
2.229000000000000057e+02,1.864000000000000057e+02,2.561999999999999886e+02
1.930999999999999943e+02,1.801999999999999886e+02,2.290000000000000000e+02
2.036999999999999886e+02,1.661999999999999886e+02,2.299000000000000057e+02
1.959000000000000057e+02,1.741999999999999886e+02,2.254000000000000057e+02
2.025999999999999943e+02,1.172999999999999972e+02,1.954000000000000057e+02
1.720999999999999943e+02,1.335000000000000000e+02,2.009000000000000057e+02
1.696999999999999886e+02,1.174000000000000057e+02,1.643000000000000114e+02
1.436999999999999886e+02,1.150000000000000000e+02,1.530999999999999943e+02
1.280000000000000000e+02,9.500000000000000000e+01,1.610999999999999943e+02
1.385000000000000000e+02,1.062999999999999972e+02,1.950000000000000000e+02
1.361999999999999886e+02,1.032000000000000028e+02,2.011999999999999886e+02
1.461999999999999886e+02,1.120000000000000000e+02,1.776999999999999886e+02
1.122000000000000028e+02,9.870000000000000284e+01,1.465999999999999943e+02
1.082999999999999972e+02,9.479999999999999716e+01,1.371999999999999886e+02
1.142000000000000028e+02,1.035000000000000000e+02,1.755000000000000000e+02
1.080000000000000000e+02,9.390000000000000568e+01,1.603000000000000114e+02
1.040999999999999943e+02,9.940000000000000568e+01,1.232000000000000028e+02
1.077000000000000028e+02,1.172000000000000028e+02,1.149000000000000057e+02
1.097000000000000028e+02,1.469000000000000057e+02,1.175999999999999943e+02
1.020999999999999943e+02,1.340000000000000000e+02,1.177000000000000028e+02
9.800000000000000000e+01,1.431999999999999886e+02,1.230000000000000000e+02
1.040000000000000000e+02,1.275999999999999943e+02,1.354000000000000057e+02
9.729999999999999716e+01,1.445000000000000000e+02,1.459000000000000057e+02
1.000999999999999943e+02,1.385000000000000000e+02,1.460999999999999943e+02
1.022999999999999972e+02,1.494000000000000057e+02,1.479000000000000057e+02
1.000000000000000000e+02,1.460999999999999943e+02,1.539000000000000057e+02
1.005000000000000000e+02,1.436999999999999886e+02,1.604000000000000057e+02
1.040999999999999943e+02,1.303000000000000114e+02,1.588000000000000114e+02
1.010000000000000000e+02,1.300000000000000000e+02,1.468000000000000114e+02
9.740000000000000568e+01,8.859999999999999432e+01,1.430000000000000000e+02
1.012000000000000028e+02,8.890000000000000568e+01,1.285999999999999943e+02
9.859999999999999432e+01,8.840000000000000568e+01,1.376999999999999886e+02
9.900000000000000000e+01,9.340000000000000568e+01,1.328000000000000114e+02
1.057000000000000028e+02,8.390000000000000568e+01,1.320999999999999943e+02
1.024000000000000057e+02,7.420000000000000284e+01,1.284000000000000057e+02
1.049000000000000057e+02,9.190000000000000568e+01,1.423000000000000114e+02
9.820000000000000284e+01,8.100000000000000000e+01,1.275999999999999943e+02
1.009000000000000057e+02,1.007999999999999972e+02,1.147999999999999972e+02
9.840000000000000568e+01,8.540000000000000568e+01,1.177000000000000028e+02
1.007000000000000028e+02,1.072000000000000028e+02,1.301999999999999886e+02
9.920000000000000284e+01,8.540000000000000568e+01,1.182000000000000028e+02
9.890000000000000568e+01,8.920000000000000284e+01,1.368000000000000114e+02
9.679999999999999716e+01,8.040000000000000568e+01,1.289000000000000057e+02
1.042999999999999972e+02,8.579999999999999716e+01,1.408000000000000114e+02
1.072000000000000028e+02,8.559999999999999432e+01,1.295000000000000000e+02
9.840000000000000568e+01,8.929999999999999716e+01,1.265999999999999943e+02
1.240999999999999943e+02,8.879999999999999716e+01,1.326999999999999886e+02
1.159000000000000057e+02,9.229999999999999716e+01,1.513000000000000114e+02
1.032999999999999972e+02,9.850000000000000000e+01,1.424000000000000057e+02
1.060000000000000000e+02,1.062000000000000028e+02,1.544000000000000057e+02
1.355999999999999943e+02,1.344000000000000057e+02,1.730000000000000000e+02
1.177999999999999972e+02,1.177999999999999972e+02,1.504000000000000057e+02
1.249000000000000057e+02,1.104000000000000057e+02,1.435999999999999943e+02
1.174000000000000057e+02,1.160999999999999943e+02,1.406999999999999886e+02
1.262000000000000028e+02,1.920999999999999943e+02,1.708000000000000114e+02
1.235000000000000000e+02,1.184000000000000057e+02,1.431999999999999886e+02
1.179000000000000057e+02,1.254000000000000057e+02,1.504000000000000057e+02
1.170000000000000000e+02,1.122000000000000028e+02,1.653000000000000114e+02
1.255999999999999943e+02,1.653000000000000114e+02,1.285999999999999943e+02
1.405999999999999943e+02,1.535000000000000000e+02,1.856999999999999886e+02
1.480000000000000000e+02,1.505000000000000000e+02,2.049000000000000057e+02
1.436999999999999886e+02,1.296999999999999886e+02,1.924000000000000057e+02
1.496999999999999886e+02,1.360000000000000000e+02,1.935000000000000000e+02
1.375000000000000000e+02,1.731999999999999886e+02,1.939000000000000057e+02
1.665999999999999943e+02,1.175999999999999943e+02,1.959000000000000057e+02
1.609000000000000057e+02,1.411999999999999886e+02,1.966999999999999886e+02
1.726999999999999886e+02,1.320999999999999943e+02,2.009000000000000057e+02
1.505999999999999943e+02,1.415000000000000000e+02,2.109000000000000057e+02
1.530000000000000000e+02,1.470999999999999943e+02,2.478000000000000114e+02
1.459000000000000057e+02,1.611999999999999886e+02,2.463000000000000114e+02
1.435999999999999943e+02,1.535000000000000000e+02,2.181999999999999886e+02
1.443000000000000114e+02,1.644000000000000057e+02,2.138000000000000114e+02
1.688000000000000114e+02,1.613000000000000114e+02,2.716999999999999886e+02
1.731999999999999886e+02,1.411999999999999886e+02,2.226999999999999886e+02
1.705999999999999943e+02,1.555000000000000000e+02,2.120999999999999943e+02
1.548000000000000114e+02,1.660000000000000000e+02,1.915999999999999943e+02
1.513000000000000114e+02,1.561999999999999886e+02,2.018000000000000114e+02
1.584000000000000057e+02,1.670000000000000000e+02,1.860000000000000000e+02
1.469000000000000057e+02,1.875999999999999943e+02,2.209000000000000057e+02
1.511999999999999886e+02,1.574000000000000057e+02,1.973000000000000114e+02
1.816999999999999886e+02,1.508000000000000114e+02,1.853000000000000114e+02
1.759000000000000057e+02,1.430999999999999943e+02,2.090000000000000000e+02
1.635999999999999943e+02,1.571999999999999886e+02,1.985000000000000000e+02
1.548000000000000114e+02,1.486999999999999886e+02,1.845999999999999943e+02
1.605999999999999943e+02,1.315999999999999943e+02,1.754000000000000057e+02
1.755000000000000000e+02,1.678000000000000114e+02,2.350999999999999943e+02
1.546999999999999886e+02,1.789000000000000057e+02,2.318000000000000114e+02
1.556999999999999886e+02,1.745000000000000000e+02,1.830000000000000000e+02
1.586999999999999886e+02,1.601999999999999886e+02,2.120000000000000000e+02
1.666999999999999886e+02,1.413000000000000114e+02,2.220999999999999943e+02
1.729000000000000057e+02,1.466999999999999886e+02,2.248000000000000114e+02
1.811999999999999886e+02,1.388000000000000114e+02,2.210999999999999943e+02
1.833000000000000114e+02,1.471999999999999886e+02,2.246999999999999886e+02
1.794000000000000057e+02,1.348000000000000114e+02,1.925999999999999943e+02
1.614000000000000057e+02,1.466999999999999886e+02,1.945999999999999943e+02
1.810999999999999943e+02,1.187000000000000028e+02,1.948000000000000114e+02
1.768000000000000114e+02,1.279000000000000057e+02,1.995999999999999943e+02
1.743000000000000114e+02,1.340000000000000000e+02,2.030000000000000000e+02
1.699000000000000057e+02,1.764000000000000057e+02,2.006999999999999886e+02
1.565000000000000000e+02,1.575999999999999943e+02,1.999000000000000057e+02
1.686999999999999886e+02,1.536999999999999886e+02,2.391999999999999886e+02
1.796999999999999886e+02,1.659000000000000057e+02,2.119000000000000057e+02
1.759000000000000057e+02,1.515000000000000000e+02,2.174000000000000057e+02
1.816999999999999886e+02,1.613000000000000114e+02,2.475999999999999943e+02
2.050000000000000000e+02,1.453000000000000114e+02,2.205999999999999943e+02
1.883000000000000114e+02,1.491999999999999886e+02,2.153000000000000114e+02
1.783000000000000114e+02,1.528000000000000114e+02,2.260000000000000000e+02
1.780000000000000000e+02,1.598000000000000114e+02,2.493000000000000114e+02
1.705000000000000000e+02,1.430000000000000000e+02,2.486999999999999886e+02
1.795000000000000000e+02,1.465999999999999943e+02,2.458000000000000114e+02
2.160999999999999943e+02,1.709000000000000057e+02,2.173000000000000114e+02
1.933000000000000114e+02,1.545999999999999943e+02,2.254000000000000057e+02
1.926999999999999886e+02,1.645999999999999943e+02,2.523000000000000114e+02
2.036999999999999886e+02,1.954000000000000057e+02,2.616999999999999886e+02
2.494000000000000057e+02,1.623000000000000114e+02,2.651999999999999886e+02
2.190000000000000000e+02,1.720000000000000000e+02,2.465000000000000000e+02
2.415999999999999943e+02,1.805000000000000000e+02,2.260000000000000000e+02
2.130999999999999943e+02,1.980999999999999943e+02,2.981000000000000227e+02
2.256999999999999886e+02,2.036999999999999886e+02,2.826000000000000227e+02
2.525999999999999943e+02,2.250999999999999943e+02,2.653999999999999773e+02
2.878000000000000114e+02,2.113000000000000114e+02,2.535999999999999943e+02
2.595000000000000000e+02,2.239000000000000057e+02,2.901999999999999886e+02
2.160999999999999943e+02,1.930999999999999943e+02,3.405000000000000000e+02
2.350000000000000000e+02,1.784000000000000057e+02,3.348000000000000114e+02
2.663999999999999773e+02,1.780999999999999943e+02,2.871999999999999886e+02
2.250000000000000000e+02,2.204000000000000057e+02,2.761000000000000227e+02
2.458000000000000114e+02,2.810000000000000000e+02,2.723999999999999773e+02
2.465000000000000000e+02,2.501999999999999886e+02,3.033000000000000114e+02
2.583999999999999773e+02,2.463000000000000114e+02,2.986999999999999886e+02
2.798000000000000114e+02,2.316999999999999886e+02,2.848999999999999773e+02
2.000999999999999943e+02,2.213000000000000114e+02,3.251000000000000227e+02
2.009000000000000057e+02,1.956999999999999886e+02,3.013000000000000114e+02
2.190000000000000000e+02,2.023000000000000114e+02,3.108000000000000114e+02
2.205999999999999943e+02,1.694000000000000057e+02,3.201999999999999886e+02
1.906999999999999886e+02,1.511999999999999886e+02,2.815000000000000000e+02
1.874000000000000057e+02,1.573000000000000114e+02,2.711999999999999886e+02
1.736999999999999886e+02,1.568000000000000114e+02,2.643999999999999773e+02
1.730999999999999943e+02,1.468000000000000114e+02,2.611000000000000227e+02
1.720999999999999943e+02,1.456999999999999886e+02,2.668000000000000114e+02
2.075999999999999943e+02,1.575999999999999943e+02,2.406999999999999886e+02
1.891999999999999886e+02,1.485000000000000000e+02,2.641999999999999886e+02
1.841999999999999886e+02,1.530999999999999943e+02,2.841000000000000227e+02
1.585000000000000000e+02,1.590000000000000000e+02,2.336999999999999886e+02
1.578000000000000114e+02,1.921999999999999886e+02,2.535000000000000000e+02
1.901999999999999886e+02,1.803000000000000114e+02,2.401999999999999886e+02
1.898000000000000114e+02,1.480000000000000000e+02,2.265999999999999943e+02
1.746999999999999886e+02,1.528000000000000114e+02,2.135999999999999943e+02
1.644000000000000057e+02,1.685000000000000000e+02,2.195999999999999943e+02
1.495000000000000000e+02,1.726999999999999886e+02,1.981999999999999886e+02
1.575999999999999943e+02,1.641999999999999886e+02,1.844000000000000057e+02
1.375000000000000000e+02,1.733000000000000114e+02,1.860999999999999943e+02
1.660000000000000000e+02,1.288000000000000114e+02,1.715999999999999943e+02
1.490999999999999943e+02,1.281999999999999886e+02,1.770999999999999943e+02
1.578000000000000114e+02,1.180999999999999943e+02,1.666999999999999886e+02
1.419000000000000057e+02,1.416999999999999886e+02,1.605000000000000000e+02
1.157999999999999972e+02,1.089000000000000057e+02,1.435999999999999943e+02
1.194000000000000057e+02,1.009000000000000057e+02,1.475000000000000000e+02
1.167999999999999972e+02,1.119000000000000057e+02,1.628000000000000114e+02
1.373000000000000114e+02,9.090000000000000568e+01,1.475999999999999943e+02
1.425999999999999943e+02,1.052999999999999972e+02,1.281999999999999886e+02
1.405999999999999943e+02,9.290000000000000568e+01,1.280000000000000000e+02
1.444000000000000057e+02,1.070000000000000000e+02,1.420999999999999943e+02
1.405999999999999943e+02,1.035000000000000000e+02,1.420999999999999943e+02
1.340000000000000000e+02,1.139000000000000057e+02,1.205000000000000000e+02
1.333000000000000114e+02,1.015999999999999943e+02,1.207999999999999972e+02
1.334000000000000057e+02,9.670000000000000284e+01,1.360000000000000000e+02
1.315999999999999943e+02,1.049000000000000057e+02,1.635999999999999943e+02
1.294000000000000057e+02,1.072000000000000028e+02,1.585000000000000000e+02
1.294000000000000057e+02,1.080999999999999943e+02,1.504000000000000057e+02
1.257000000000000028e+02,1.052999999999999972e+02,1.455000000000000000e+02
1.260000000000000000e+02,1.020000000000000000e+02,1.503000000000000114e+02
1.250000000000000000e+02,8.920000000000000284e+01,1.461999999999999886e+02
1.220000000000000000e+02,1.090999999999999943e+02,1.252000000000000028e+02
1.245999999999999943e+02,9.800000000000000000e+01,1.142000000000000028e+02
1.229000000000000057e+02,1.132999999999999972e+02,1.252000000000000028e+02
1.190999999999999943e+02,9.709999999999999432e+01,1.137000000000000028e+02
1.225000000000000000e+02,1.022999999999999972e+02,1.195000000000000000e+02
1.262000000000000028e+02,9.120000000000000284e+01,1.170000000000000000e+02
1.237999999999999972e+02,9.029999999999999716e+01,1.200999999999999943e+02
1.215000000000000000e+02,9.809999999999999432e+01,1.326999999999999886e+02
1.217999999999999972e+02,9.009999999999999432e+01,1.127000000000000028e+02
1.242000000000000028e+02,1.020000000000000000e+02,1.150999999999999943e+02
1.275999999999999943e+02,9.509999999999999432e+01,1.169000000000000057e+02
1.245999999999999943e+02,9.509999999999999432e+01,1.210000000000000000e+02
1.277999999999999972e+02,8.109999999999999432e+01,1.072999999999999972e+02
1.255999999999999943e+02,1.010999999999999943e+02,1.350999999999999943e+02
1.184000000000000057e+02,7.770000000000000284e+01,1.217000000000000028e+02
1.085000000000000000e+02,8.450000000000000000e+01,1.267999999999999972e+02
1.120000000000000000e+02,8.979999999999999716e+01,1.097000000000000028e+02
1.099000000000000057e+02,1.160000000000000000e+02,1.170999999999999943e+02
1.025999999999999943e+02,9.379999999999999716e+01,1.160999999999999943e+02
1.024000000000000057e+02,9.350000000000000000e+01,1.349000000000000057e+02
1.140000000000000000e+02,9.809999999999999432e+01,1.257999999999999972e+02
1.060000000000000000e+02,1.045000000000000000e+02,1.323000000000000114e+02
1.164000000000000057e+02,8.979999999999999716e+01,1.219000000000000057e+02
1.040000000000000000e+02,1.064000000000000057e+02,1.435999999999999943e+02
1.065000000000000000e+02,1.651999999999999886e+02,1.369000000000000057e+02
1.368000000000000114e+02,1.620999999999999943e+02,1.252999999999999972e+02
1.384000000000000057e+02,1.541999999999999886e+02,1.374000000000000057e+02
1.351999999999999886e+02,1.380999999999999943e+02,1.440999999999999943e+02
1.370999999999999943e+02,1.386999999999999886e+02,1.990000000000000000e+02
1.334000000000000057e+02,1.267999999999999972e+02,1.910000000000000000e+02
1.305000000000000000e+02,1.378000000000000114e+02,1.695000000000000000e+02
1.541999999999999886e+02,1.364000000000000057e+02,1.780000000000000000e+02
1.608000000000000114e+02,1.636999999999999886e+02,1.640999999999999943e+02
1.698000000000000114e+02,1.200000000000000000e+02,2.136999999999999886e+02
1.524000000000000057e+02,1.315999999999999943e+02,2.063000000000000114e+02
1.741999999999999886e+02,1.240999999999999943e+02,1.905999999999999943e+02
1.755000000000000000e+02,1.330999999999999943e+02,2.261999999999999886e+02
1.923000000000000114e+02,1.596999999999999886e+02,2.019000000000000057e+02
2.126999999999999886e+02,1.505000000000000000e+02,2.329000000000000057e+02
1.891999999999999886e+02,1.438000000000000114e+02,2.291999999999999886e+02
1.610000000000000000e+02,1.232000000000000028e+02,2.150999999999999943e+02
1.656999999999999886e+02,1.581999999999999886e+02,2.475999999999999943e+02
1.744000000000000057e+02,1.428000000000000114e+02,2.175000000000000000e+02
1.753000000000000114e+02,1.429000000000000057e+02,2.510999999999999943e+02
1.569000000000000057e+02,1.204000000000000057e+02,2.015999999999999943e+02
1.498000000000000114e+02,1.280999999999999943e+02,2.279000000000000057e+02
1.414000000000000057e+02,1.290000000000000000e+02,1.860000000000000000e+02
1.593000000000000114e+02,1.448000000000000114e+02,1.931999999999999886e+02
1.943000000000000114e+02,1.713000000000000114e+02,2.261999999999999886e+02
1.950999999999999943e+02,1.700999999999999943e+02,2.000000000000000000e+02
2.011999999999999886e+02,1.873000000000000114e+02,1.944000000000000057e+02
1.968000000000000114e+02,1.380000000000000000e+02,1.863000000000000114e+02
2.290000000000000000e+02,1.785999999999999943e+02,2.369000000000000057e+02
2.113000000000000114e+02,1.526999999999999886e+02,2.290999999999999943e+02
1.785999999999999943e+02,1.534000000000000057e+02,2.141999999999999886e+02
1.939000000000000057e+02,1.277999999999999972e+02,2.223000000000000114e+02
2.229000000000000057e+02,1.626999999999999886e+02,1.961999999999999886e+02
2.314000000000000057e+02,1.296999999999999886e+02,2.025999999999999943e+02
2.558000000000000114e+02,1.534000000000000057e+02,2.505999999999999943e+02
2.115000000000000000e+02,1.580000000000000000e+02,3.043999999999999773e+02
1.724000000000000057e+02,1.232000000000000028e+02,2.495999999999999943e+02
1.838000000000000114e+02,1.430000000000000000e+02,2.349000000000000057e+02
1.510999999999999943e+02,1.441999999999999886e+02,2.066999999999999886e+02
1.580999999999999943e+02,1.378000000000000114e+02,2.271999999999999886e+02
1.830999999999999943e+02,1.316999999999999886e+02,2.565000000000000000e+02
1.790000000000000000e+02,1.480000000000000000e+02,2.239000000000000057e+02
1.845999999999999943e+02,1.369000000000000057e+02,2.134000000000000057e+02
1.806999999999999886e+02,1.375000000000000000e+02,2.125999999999999943e+02
1.645000000000000000e+02,1.395999999999999943e+02,2.136999999999999886e+02
1.556999999999999886e+02,1.424000000000000057e+02,2.270000000000000000e+02
1.650000000000000000e+02,1.235000000000000000e+02,2.143000000000000114e+02
1.574000000000000057e+02,1.314000000000000057e+02,1.830000000000000000e+02
1.548000000000000114e+02,1.438000000000000114e+02,2.050000000000000000e+02
1.795999999999999943e+02,1.369000000000000057e+02,2.361999999999999886e+02
1.646999999999999886e+02,1.426999999999999886e+02,2.199000000000000057e+02
1.851999999999999886e+02,1.182999999999999972e+02,2.191999999999999886e+02
1.863000000000000114e+02,1.455999999999999943e+02,1.989000000000000057e+02
2.018000000000000114e+02,1.230000000000000000e+02,2.288000000000000114e+02
1.650000000000000000e+02,1.450000000000000000e+02,2.646000000000000227e+02
1.865000000000000000e+02,1.460999999999999943e+02,2.801000000000000227e+02
2.290000000000000000e+02,1.396999999999999886e+02,2.631000000000000227e+02
1.860000000000000000e+02,1.530000000000000000e+02,2.499000000000000057e+02
1.930000000000000000e+02,1.538000000000000114e+02,2.726999999999999886e+02
1.708000000000000114e+02,1.665000000000000000e+02,2.776000000000000227e+02
1.679000000000000057e+02,1.611999999999999886e+02,2.463000000000000114e+02
1.781999999999999886e+02,1.875999999999999943e+02,2.693999999999999773e+02
1.925000000000000000e+02,1.846999999999999886e+02,2.996000000000000227e+02
2.063000000000000114e+02,2.113000000000000114e+02,2.661999999999999886e+02
2.239000000000000057e+02,1.795000000000000000e+02,2.460999999999999943e+02
2.099000000000000057e+02,1.926999999999999886e+02,2.566000000000000227e+02
2.034000000000000057e+02,2.190999999999999943e+02,2.895000000000000000e+02
1.886999999999999886e+02,2.040999999999999943e+02,2.763999999999999773e+02
2.160999999999999943e+02,1.965000000000000000e+02,2.756999999999999886e+02
2.550999999999999943e+02,1.980000000000000000e+02,2.583999999999999773e+02
2.738000000000000114e+02,1.948000000000000114e+02,2.910000000000000000e+02
2.681999999999999886e+02,2.250999999999999943e+02,2.721999999999999886e+02
2.430000000000000000e+02,2.075999999999999943e+02,3.340000000000000000e+02
2.623000000000000114e+02,2.360000000000000000e+02,2.880000000000000000e+02
2.768000000000000114e+02,2.420000000000000000e+02,2.756999999999999886e+02
2.335000000000000000e+02,2.289000000000000057e+02,2.668000000000000114e+02
2.003000000000000114e+02,1.840000000000000000e+02,2.686999999999999886e+02
1.851999999999999886e+02,1.628000000000000114e+02,2.800000000000000000e+02
2.025000000000000000e+02,1.550999999999999943e+02,3.191999999999999886e+02
2.100999999999999943e+02,1.825000000000000000e+02,2.683000000000000114e+02
1.900999999999999943e+02,1.728000000000000114e+02,2.801000000000000227e+02
1.625000000000000000e+02,1.708000000000000114e+02,2.505999999999999943e+02
1.680999999999999943e+02,1.561999999999999886e+02,2.415000000000000000e+02
1.683000000000000114e+02,1.678000000000000114e+02,2.610000000000000000e+02
1.823000000000000114e+02,1.890999999999999943e+02,2.603999999999999773e+02
1.886999999999999886e+02,1.761999999999999886e+02,2.775000000000000000e+02
1.723000000000000114e+02,1.689000000000000057e+02,2.475000000000000000e+02
1.485000000000000000e+02,1.554000000000000057e+02,2.743000000000000114e+02
1.680000000000000000e+02,1.655999999999999943e+02,2.431999999999999886e+02
1.540000000000000000e+02,1.443000000000000114e+02,2.424000000000000057e+02
1.689000000000000057e+02,1.595999999999999943e+02,2.419000000000000057e+02
1.851999999999999886e+02,1.401999999999999886e+02,2.418000000000000114e+02
1.641999999999999886e+02,1.426999999999999886e+02,2.384000000000000057e+02
1.545999999999999943e+02,1.410000000000000000e+02,2.330999999999999943e+02
1.560000000000000000e+02,1.598000000000000114e+02,2.488000000000000114e+02
1.440000000000000000e+02,1.640999999999999943e+02,2.349000000000000057e+02
1.439000000000000057e+02,1.368000000000000114e+02,2.551999999999999886e+02
1.884000000000000057e+02,1.187000000000000028e+02,2.666000000000000227e+02
1.886999999999999886e+02,1.155999999999999943e+02,2.510999999999999943e+02
1.850000000000000000e+02,1.152000000000000028e+02,2.035999999999999943e+02
1.583000000000000114e+02,1.237999999999999972e+02,2.071999999999999886e+02
1.418000000000000114e+02,1.210000000000000000e+02,2.110999999999999943e+02
1.419000000000000057e+02,1.207999999999999972e+02,1.940000000000000000e+02
1.335000000000000000e+02,1.182000000000000028e+02,2.100000000000000000e+02
1.274000000000000057e+02,9.479999999999999716e+01,1.955999999999999943e+02
1.157000000000000028e+02,1.004000000000000057e+02,1.490999999999999943e+02
1.147000000000000028e+02,8.379999999999999716e+01,1.511999999999999886e+02
1.150999999999999943e+02,9.700000000000000000e+01,1.455000000000000000e+02
1.090999999999999943e+02,9.590000000000000568e+01,1.408000000000000114e+02
1.125000000000000000e+02,9.359999999999999432e+01,1.525000000000000000e+02
1.065000000000000000e+02,9.470000000000000284e+01,1.350999999999999943e+02
1.050000000000000000e+02,1.050999999999999943e+02,1.383000000000000114e+02
9.970000000000000284e+01,1.077000000000000028e+02,1.395999999999999943e+02
1.055000000000000000e+02,1.055999999999999943e+02,1.440000000000000000e+02
1.095000000000000000e+02,1.107000000000000028e+02,1.670999999999999943e+02
1.040999999999999943e+02,1.062999999999999972e+02,1.605999999999999943e+02
1.027999999999999972e+02,1.185000000000000000e+02,1.528000000000000114e+02
9.879999999999999716e+01,1.144000000000000057e+02,1.575999999999999943e+02
1.010999999999999943e+02,1.140999999999999943e+02,1.563000000000000114e+02
9.840000000000000568e+01,9.440000000000000568e+01,1.490999999999999943e+02
1.029000000000000057e+02,1.122000000000000028e+02,1.305999999999999943e+02
1.035999999999999943e+02,9.600000000000000000e+01,1.378000000000000114e+02
9.720000000000000284e+01,9.900000000000000000e+01,1.335999999999999943e+02
1.037999999999999972e+02,7.940000000000000568e+01,1.260000000000000000e+02
9.850000000000000000e+01,8.250000000000000000e+01,1.290999999999999943e+02
9.640000000000000568e+01,7.900000000000000000e+01,1.235999999999999943e+02
9.559999999999999432e+01,8.370000000000000284e+01,1.336999999999999886e+02
9.679999999999999716e+01,8.379999999999999716e+01,1.305999999999999943e+02
1.030999999999999943e+02,8.420000000000000284e+01,1.137000000000000028e+02
9.729999999999999716e+01,9.129999999999999716e+01,1.185999999999999943e+02
1.034000000000000057e+02,7.929999999999999716e+01,1.185999999999999943e+02
9.959999999999999432e+01,8.290000000000000568e+01,1.215000000000000000e+02
1.012000000000000028e+02,8.690000000000000568e+01,1.215000000000000000e+02
9.859999999999999432e+01,9.059999999999999432e+01,1.192000000000000028e+02
9.550000000000000000e+01,7.729999999999999716e+01,1.274000000000000057e+02
1.039000000000000057e+02,8.740000000000000568e+01,1.325000000000000000e+02
9.409999999999999432e+01,9.259999999999999432e+01,1.514000000000000057e+02
9.550000000000000000e+01,1.150000000000000000e+02,1.154000000000000057e+02
1.040000000000000000e+02,9.100000000000000000e+01,1.252999999999999972e+02
1.020000000000000000e+02,8.379999999999999716e+01,1.330999999999999943e+02
1.165000000000000000e+02,9.009999999999999432e+01,1.333000000000000114e+02
1.120000000000000000e+02,8.920000000000000284e+01,1.105999999999999943e+02
1.089000000000000057e+02,1.034000000000000057e+02,1.351999999999999886e+02
1.119000000000000057e+02,8.120000000000000284e+01,1.325999999999999943e+02
1.154000000000000057e+02,9.990000000000000568e+01,1.267000000000000028e+02
1.443000000000000114e+02,1.294000000000000057e+02,1.625999999999999943e+02
1.670000000000000000e+02,1.485999999999999943e+02,1.605000000000000000e+02
1.635999999999999943e+02,1.395999999999999943e+02,1.515000000000000000e+02
1.630999999999999943e+02,1.451999999999999886e+02,1.514000000000000057e+02
1.240000000000000000e+02,1.651999999999999886e+02,2.064000000000000057e+02
1.340999999999999943e+02,1.785000000000000000e+02,1.808000000000000114e+02
1.431999999999999886e+02,1.430000000000000000e+02,1.736999999999999886e+02
1.170000000000000000e+02,1.446999999999999886e+02,1.595999999999999943e+02
1.528000000000000114e+02,1.222000000000000028e+02,1.981999999999999886e+02
1.585999999999999943e+02,1.237999999999999972e+02,1.706999999999999886e+02
1.683000000000000114e+02,1.262999999999999972e+02,1.925000000000000000e+02
1.523000000000000114e+02,1.476999999999999886e+02,2.064000000000000057e+02
1.641999999999999886e+02,1.215999999999999943e+02,2.706000000000000227e+02
1.520999999999999943e+02,1.154000000000000057e+02,2.070999999999999943e+02
1.664000000000000057e+02,1.162000000000000028e+02,1.959000000000000057e+02
1.401999999999999886e+02,1.150000000000000000e+02,2.140000000000000000e+02
1.793000000000000114e+02,1.876999999999999886e+02,2.753000000000000114e+02
1.611999999999999886e+02,1.680000000000000000e+02,2.309000000000000057e+02
1.371999999999999886e+02,2.621999999999999886e+02,2.499000000000000057e+02
1.595000000000000000e+02,1.694000000000000057e+02,2.260999999999999943e+02
1.716999999999999886e+02,1.536999999999999886e+02,2.281999999999999886e+02
1.790999999999999943e+02,1.574000000000000057e+02,1.923000000000000114e+02
1.580000000000000000e+02,1.544000000000000057e+02,1.941999999999999886e+02
1.468000000000000114e+02,1.356999999999999886e+02,2.315000000000000000e+02
1.576999999999999886e+02,1.488000000000000114e+02,1.975999999999999943e+02
1.533000000000000114e+02,1.610000000000000000e+02,2.259000000000000057e+02
1.610000000000000000e+02,1.373000000000000114e+02,2.011999999999999886e+02
1.591999999999999886e+02,1.435999999999999943e+02,1.770000000000000000e+02
1.474000000000000057e+02,1.360000000000000000e+02,1.810000000000000000e+02
1.290999999999999943e+02,1.648000000000000114e+02,1.740000000000000000e+02
1.265000000000000000e+02,1.326999999999999886e+02,1.776999999999999886e+02
1.584000000000000057e+02,1.525000000000000000e+02,1.965999999999999943e+02
1.655000000000000000e+02,1.508000000000000114e+02,2.841999999999999886e+02
1.468000000000000114e+02,1.525000000000000000e+02,2.215000000000000000e+02
1.683000000000000114e+02,1.379000000000000057e+02,2.284000000000000057e+02
1.714000000000000057e+02,1.290999999999999943e+02,2.386999999999999886e+02
1.630000000000000000e+02,1.533000000000000114e+02,2.179000000000000057e+02
1.589000000000000057e+02,1.310000000000000000e+02,1.925999999999999943e+02
1.783000000000000114e+02,1.393000000000000114e+02,2.021999999999999886e+02
1.488000000000000114e+02,1.355000000000000000e+02,1.826999999999999886e+02
1.570000000000000000e+02,1.242000000000000028e+02,1.808000000000000114e+02
1.610000000000000000e+02,1.370999999999999943e+02,1.594000000000000057e+02
1.473000000000000114e+02,1.230999999999999943e+02,1.943000000000000114e+02
1.504000000000000057e+02,1.306999999999999886e+02,1.476999999999999886e+02
1.475000000000000000e+02,1.070000000000000000e+02,1.624000000000000057e+02
1.466999999999999886e+02,1.338000000000000114e+02,1.745000000000000000e+02
1.511999999999999886e+02,1.315000000000000000e+02,1.741999999999999886e+02
1.905999999999999943e+02,1.135999999999999943e+02,1.863000000000000114e+02
1.448000000000000114e+02,1.321999999999999886e+02,1.625000000000000000e+02
1.521999999999999886e+02,1.190000000000000000e+02,1.980999999999999943e+02
1.548000000000000114e+02,1.269000000000000057e+02,2.464000000000000057e+02
1.765000000000000000e+02,1.335000000000000000e+02,2.506999999999999886e+02
1.520999999999999943e+02,1.431999999999999886e+02,2.105000000000000000e+02
1.661999999999999886e+02,1.561999999999999886e+02,2.436999999999999886e+02
1.886999999999999886e+02,1.252000000000000028e+02,2.284000000000000057e+02
1.626999999999999886e+02,1.230000000000000000e+02,2.149000000000000057e+02
1.531999999999999886e+02,1.132000000000000028e+02,2.260000000000000000e+02
1.653000000000000114e+02,1.356999999999999886e+02,2.465999999999999943e+02
1.968000000000000114e+02,1.458000000000000114e+02,2.135999999999999943e+02
1.894000000000000057e+02,1.470999999999999943e+02,2.118000000000000114e+02
2.168000000000000114e+02,1.708000000000000114e+02,2.428000000000000114e+02
1.728000000000000114e+02,1.673000000000000114e+02,2.343000000000000114e+02
1.901999999999999886e+02,1.575999999999999943e+02,2.290000000000000000e+02
1.630999999999999943e+02,1.483000000000000114e+02,2.319000000000000057e+02
1.856999999999999886e+02,1.656999999999999886e+02,2.280999999999999943e+02
1.760999999999999943e+02,2.043000000000000114e+02,2.375000000000000000e+02
1.960000000000000000e+02,1.828000000000000114e+02,2.471999999999999886e+02
1.843000000000000114e+02,1.804000000000000057e+02,2.455000000000000000e+02
2.066999999999999886e+02,1.988000000000000114e+02,2.708000000000000114e+02
2.034000000000000057e+02,1.959000000000000057e+02,2.708000000000000114e+02
2.221999999999999886e+02,2.100999999999999943e+02,2.696999999999999886e+02
2.550999999999999943e+02,1.965000000000000000e+02,2.351999999999999886e+02
2.278000000000000114e+02,2.044000000000000057e+02,2.500000000000000000e+02
2.143000000000000114e+02,2.534000000000000057e+02,2.290999999999999943e+02
1.946999999999999886e+02,1.975000000000000000e+02,2.544000000000000057e+02
2.155999999999999943e+02,1.634000000000000057e+02,2.765000000000000000e+02
1.936999999999999886e+02,2.023000000000000114e+02,3.331000000000000227e+02
1.805000000000000000e+02,1.535000000000000000e+02,2.891000000000000227e+02
1.614000000000000057e+02,1.675000000000000000e+02,2.389000000000000057e+02
1.915999999999999943e+02,1.479000000000000057e+02,2.793999999999999773e+02
1.900999999999999943e+02,1.879000000000000057e+02,2.451999999999999886e+02
1.821999999999999886e+02,1.840000000000000000e+02,2.373000000000000114e+02
1.915999999999999943e+02,1.845000000000000000e+02,2.470999999999999943e+02
2.189000000000000057e+02,1.891999999999999886e+02,2.376999999999999886e+02
1.945000000000000000e+02,1.710999999999999943e+02,2.411999999999999886e+02
1.991999999999999886e+02,1.683000000000000114e+02,2.291999999999999886e+02
1.966999999999999886e+02,1.583000000000000114e+02,2.240999999999999943e+02
1.955999999999999943e+02,1.460999999999999943e+02,2.125000000000000000e+02
1.890999999999999943e+02,1.543000000000000114e+02,2.518000000000000114e+02
1.951999999999999886e+02,1.516999999999999886e+02,2.499000000000000057e+02
2.175000000000000000e+02,1.611999999999999886e+02,2.425999999999999943e+02
2.215999999999999943e+02,1.430999999999999943e+02,2.968000000000000114e+02
1.991999999999999886e+02,1.501999999999999886e+02,2.479000000000000057e+02
2.065000000000000000e+02,1.540000000000000000e+02,2.510000000000000000e+02
1.790000000000000000e+02,1.719000000000000057e+02,2.270000000000000000e+02
1.571999999999999886e+02,1.469000000000000057e+02,2.204000000000000057e+02
1.388000000000000114e+02,1.318000000000000114e+02,1.994000000000000057e+02
1.411999999999999886e+02,1.240000000000000000e+02,1.848000000000000114e+02
1.471999999999999886e+02,1.147000000000000028e+02,1.895999999999999943e+02
1.700999999999999943e+02,1.122999999999999972e+02,1.821999999999999886e+02
1.578000000000000114e+02,1.085999999999999943e+02,1.839000000000000057e+02
1.237999999999999972e+02,9.459999999999999432e+01,1.683000000000000114e+02
1.127000000000000028e+02,1.187999999999999972e+02,1.595000000000000000e+02
1.112000000000000028e+02,9.179999999999999716e+01,1.374000000000000057e+02
1.738000000000000114e+02,9.679999999999999716e+01,1.456999999999999886e+02
1.725000000000000000e+02,8.959999999999999432e+01,1.526999999999999886e+02
1.775999999999999943e+02,9.379999999999999716e+01,1.553000000000000114e+02
1.823000000000000114e+02,8.820000000000000284e+01,1.449000000000000057e+02
1.813000000000000114e+02,1.212999999999999972e+02,1.546999999999999886e+02
1.860000000000000000e+02,1.430999999999999943e+02,1.400999999999999943e+02
1.739000000000000057e+02,1.300999999999999943e+02,1.369000000000000057e+02
1.813000000000000114e+02,1.434000000000000057e+02,1.430999999999999943e+02
1.768000000000000114e+02,1.235999999999999943e+02,1.499000000000000057e+02
1.716999999999999886e+02,1.475999999999999943e+02,1.564000000000000057e+02
1.599000000000000057e+02,1.384000000000000057e+02,1.683000000000000114e+02
1.590000000000000000e+02,1.570000000000000000e+02,1.549000000000000057e+02
1.663000000000000114e+02,1.350000000000000000e+02,1.416999999999999886e+02
1.641999999999999886e+02,1.378000000000000114e+02,1.479000000000000057e+02
1.576999999999999886e+02,1.350999999999999943e+02,1.475999999999999943e+02
1.559000000000000057e+02,1.311999999999999886e+02,1.308000000000000114e+02
1.584000000000000057e+02,9.779999999999999716e+01,1.358000000000000114e+02
1.613000000000000114e+02,8.579999999999999716e+01,1.255000000000000000e+02
1.508000000000000114e+02,9.740000000000000568e+01,1.232999999999999972e+02
1.396999999999999886e+02,8.700000000000000000e+01,1.308000000000000114e+02
1.453000000000000114e+02,9.009999999999999432e+01,1.172000000000000028e+02
1.344000000000000057e+02,7.840000000000000568e+01,1.202000000000000028e+02
1.249000000000000057e+02,9.490000000000000568e+01,1.209000000000000057e+02
1.102999999999999972e+02,7.879999999999999716e+01,1.150000000000000000e+02
1.044000000000000057e+02,8.859999999999999432e+01,1.150000000000000000e+02
1.045999999999999943e+02,8.070000000000000284e+01,1.245999999999999943e+02
1.054000000000000057e+02,8.900000000000000000e+01,1.167000000000000028e+02
1.017999999999999972e+02,9.409999999999999432e+01,1.125999999999999943e+02
1.000999999999999943e+02,9.359999999999999432e+01,1.157999999999999972e+02
1.045999999999999943e+02,8.490000000000000568e+01,1.175999999999999943e+02
1.099000000000000057e+02,8.909999999999999432e+01,1.155999999999999943e+02
1.049000000000000057e+02,8.570000000000000284e+01,1.115999999999999943e+02
1.010999999999999943e+02,9.220000000000000284e+01,1.245000000000000000e+02
1.047999999999999972e+02,8.970000000000000284e+01,1.508000000000000114e+02
1.082999999999999972e+02,8.200000000000000000e+01,1.398000000000000114e+02
1.252000000000000028e+02,1.095000000000000000e+02,1.409000000000000057e+02
1.209000000000000057e+02,8.009999999999999432e+01,1.237000000000000028e+02
1.067999999999999972e+02,8.709999999999999432e+01,1.165000000000000000e+02
1.215999999999999943e+02,8.979999999999999716e+01,1.288000000000000114e+02
1.165999999999999943e+02,1.010999999999999943e+02,1.504000000000000057e+02
1.160000000000000000e+02,1.265000000000000000e+02,1.425000000000000000e+02
1.127000000000000028e+02,1.451999999999999886e+02,1.486999999999999886e+02
1.232999999999999972e+02,1.072999999999999972e+02,1.715999999999999943e+02
1.132999999999999972e+02,9.459999999999999432e+01,1.691999999999999886e+02
1.190000000000000000e+02,1.376999999999999886e+02,2.023000000000000114e+02
1.399000000000000057e+02,1.180999999999999943e+02,1.741999999999999886e+02
1.409000000000000057e+02,1.395999999999999943e+02,1.726999999999999886e+02
1.220000000000000000e+02,1.283000000000000114e+02,1.976999999999999886e+02
1.546999999999999886e+02,1.605000000000000000e+02,1.840000000000000000e+02
1.735999999999999943e+02,1.696999999999999886e+02,1.770000000000000000e+02
1.723000000000000114e+02,1.713000000000000114e+02,2.284000000000000057e+02
1.991999999999999886e+02,1.351999999999999886e+02,2.226999999999999886e+02
1.695999999999999943e+02,1.533000000000000114e+02,2.746999999999999886e+02
1.483000000000000114e+02,1.480999999999999943e+02,2.185000000000000000e+02
1.715000000000000000e+02,1.595999999999999943e+02,2.301999999999999886e+02
1.755999999999999943e+02,1.334000000000000057e+02,1.980999999999999943e+02
1.589000000000000057e+02,1.483000000000000114e+02,2.159000000000000057e+02
1.740999999999999943e+02,1.440000000000000000e+02,2.236999999999999886e+02
1.648000000000000114e+02,1.589000000000000057e+02,1.880000000000000000e+02
1.475999999999999943e+02,1.664000000000000057e+02,1.678000000000000114e+02
1.775000000000000000e+02,1.351999999999999886e+02,2.329000000000000057e+02
1.728000000000000114e+02,1.760000000000000000e+02,2.563999999999999773e+02
1.968000000000000114e+02,1.653000000000000114e+02,1.896999999999999886e+02
1.875999999999999943e+02,1.919000000000000057e+02,2.210999999999999943e+02
1.569000000000000057e+02,1.284000000000000057e+02,1.994000000000000057e+02
1.706999999999999886e+02,1.360000000000000000e+02,1.998000000000000114e+02
1.824000000000000057e+02,1.515000000000000000e+02,2.321999999999999886e+02
2.124000000000000057e+02,1.555999999999999943e+02,2.453000000000000114e+02
1.558000000000000114e+02,1.600999999999999943e+02,2.270000000000000000e+02
1.326999999999999886e+02,1.219000000000000057e+02,2.348000000000000114e+02
1.279000000000000057e+02,1.230999999999999943e+02,2.311999999999999886e+02
1.896999999999999886e+02,1.738000000000000114e+02,2.431999999999999886e+02
2.741000000000000227e+02,1.720999999999999943e+02,2.606000000000000227e+02
2.576999999999999886e+02,1.525000000000000000e+02,2.550000000000000000e+02
1.955000000000000000e+02,1.610000000000000000e+02,1.935999999999999943e+02
1.838000000000000114e+02,1.265999999999999943e+02,2.216999999999999886e+02
1.838000000000000114e+02,1.545000000000000000e+02,2.650000000000000000e+02
1.380999999999999943e+02,1.626999999999999886e+02,2.593000000000000114e+02
1.475000000000000000e+02,1.506999999999999886e+02,2.238000000000000114e+02
1.393000000000000114e+02,1.399000000000000057e+02,1.755999999999999943e+02
1.709000000000000057e+02,1.429000000000000057e+02,1.845999999999999943e+02
1.659000000000000057e+02,1.450000000000000000e+02,1.895000000000000000e+02
1.468000000000000114e+02,1.368000000000000114e+02,1.963000000000000114e+02
1.430999999999999943e+02,1.521999999999999886e+02,1.855000000000000000e+02
1.621999999999999886e+02,1.428000000000000114e+02,1.890999999999999943e+02
1.531999999999999886e+02,1.385999999999999943e+02,1.839000000000000057e+02
1.476999999999999886e+02,1.225999999999999943e+02,2.116999999999999886e+02
1.438000000000000114e+02,1.438000000000000114e+02,2.300000000000000000e+02
1.491999999999999886e+02,1.643000000000000114e+02,2.646999999999999886e+02
1.548000000000000114e+02,1.405000000000000000e+02,2.475999999999999943e+02
1.380999999999999943e+02,1.375999999999999943e+02,2.526999999999999886e+02
1.394000000000000057e+02,1.192999999999999972e+02,2.296999999999999886e+02
1.610000000000000000e+02,1.277999999999999972e+02,2.368000000000000114e+02
1.969000000000000057e+02,1.380999999999999943e+02,2.264000000000000057e+02
2.010999999999999943e+02,1.473000000000000114e+02,2.474000000000000057e+02
1.951999999999999886e+02,1.741999999999999886e+02,2.324000000000000057e+02
1.875000000000000000e+02,1.840999999999999943e+02,2.465999999999999943e+02
1.933000000000000114e+02,1.566999999999999886e+02,2.528000000000000114e+02
1.883000000000000114e+02,1.745000000000000000e+02,2.693000000000000114e+02
1.975999999999999943e+02,1.663000000000000114e+02,2.686000000000000227e+02
1.905999999999999943e+02,1.760000000000000000e+02,2.841000000000000227e+02
2.155000000000000000e+02,2.071999999999999886e+02,2.611000000000000227e+02
1.866999999999999886e+02,1.975000000000000000e+02,2.811999999999999886e+02
1.650000000000000000e+02,1.780000000000000000e+02,2.533000000000000114e+02
2.010999999999999943e+02,1.525999999999999943e+02,2.701000000000000227e+02
2.245000000000000000e+02,1.969000000000000057e+02,2.430999999999999943e+02
2.135000000000000000e+02,2.018000000000000114e+02,2.278000000000000114e+02
2.176999999999999886e+02,1.614000000000000057e+02,2.410000000000000000e+02
2.174000000000000057e+02,1.831999999999999886e+02,2.420999999999999943e+02
1.950000000000000000e+02,1.924000000000000057e+02,2.763999999999999773e+02
2.254000000000000057e+02,2.030000000000000000e+02,3.135000000000000000e+02
2.206999999999999886e+02,2.014000000000000057e+02,2.996999999999999886e+02
2.096999999999999886e+02,2.273000000000000114e+02,3.031999999999999886e+02
2.178000000000000114e+02,2.481999999999999886e+02,2.956000000000000227e+02
2.543000000000000114e+02,2.260999999999999943e+02,3.216999999999999886e+02
2.336999999999999886e+02,2.038000000000000114e+02,3.208999999999999773e+02
2.533000000000000114e+02,1.910999999999999943e+02,3.095000000000000000e+02
2.933999999999999773e+02,1.794000000000000057e+02,3.050000000000000000e+02
3.085000000000000000e+02,1.689000000000000057e+02,2.835000000000000000e+02
2.840000000000000000e+02,1.371999999999999886e+02,2.828999999999999773e+02
2.903000000000000114e+02,1.535000000000000000e+02,3.248000000000000114e+02
2.518000000000000114e+02,1.448000000000000114e+02,2.861999999999999886e+02
2.586999999999999886e+02,1.745999999999999943e+02,3.076999999999999886e+02
2.703000000000000114e+02,1.849000000000000057e+02,2.851000000000000227e+02
2.511999999999999886e+02,1.783000000000000114e+02,2.743999999999999773e+02
2.720000000000000000e+02,1.748000000000000114e+02,2.891000000000000227e+02
2.621999999999999886e+02,1.630000000000000000e+02,2.920000000000000000e+02
2.206999999999999886e+02,1.800999999999999943e+02,2.678999999999999773e+02
2.445999999999999943e+02,1.663000000000000114e+02,2.578000000000000114e+02
2.496999999999999886e+02,1.570000000000000000e+02,2.434000000000000057e+02
2.086999999999999886e+02,1.308000000000000114e+02,2.415000000000000000e+02
1.973000000000000114e+02,1.410999999999999943e+02,2.355999999999999943e+02
1.911999999999999886e+02,1.403000000000000114e+02,1.971999999999999886e+02
1.918000000000000114e+02,1.230999999999999943e+02,1.969000000000000057e+02
1.783000000000000114e+02,1.338000000000000114e+02,1.899000000000000057e+02
1.640000000000000000e+02,1.400999999999999943e+02,2.178000000000000114e+02
1.633000000000000114e+02,1.560999999999999943e+02,1.980999999999999943e+02
1.780000000000000000e+02,1.365999999999999943e+02,2.303000000000000114e+02
1.535000000000000000e+02,1.364000000000000057e+02,1.993000000000000114e+02
1.355999999999999943e+02,1.165999999999999943e+02,1.903000000000000114e+02
1.446999999999999886e+02,1.080999999999999943e+02,1.755000000000000000e+02
1.316999999999999886e+02,9.820000000000000284e+01,1.781999999999999886e+02
1.459000000000000057e+02,9.290000000000000568e+01,1.678000000000000114e+02
1.162999999999999972e+02,9.590000000000000568e+01,1.558000000000000114e+02
1.164000000000000057e+02,8.629999999999999716e+01,1.465999999999999943e+02
1.272999999999999972e+02,9.890000000000000568e+01,1.615999999999999943e+02
1.249000000000000057e+02,8.520000000000000284e+01,1.873000000000000114e+02
1.267000000000000028e+02,9.659999999999999432e+01,1.625999999999999943e+02
1.202999999999999972e+02,1.222999999999999972e+02,1.628000000000000114e+02
1.125999999999999943e+02,1.456999999999999886e+02,1.345999999999999943e+02
1.074000000000000057e+02,1.468000000000000114e+02,1.272000000000000028e+02
1.062000000000000028e+02,1.375000000000000000e+02,1.304000000000000057e+02
1.049000000000000057e+02,1.376999999999999886e+02,1.461999999999999886e+02
1.040999999999999943e+02,1.366999999999999886e+02,1.606999999999999886e+02
1.020000000000000000e+02,1.485999999999999943e+02,1.483000000000000114e+02
9.920000000000000284e+01,1.478000000000000114e+02,1.506999999999999886e+02
9.520000000000000284e+01,1.408000000000000114e+02,1.354000000000000057e+02
9.600000000000000000e+01,1.389000000000000057e+02,1.316999999999999886e+02
9.759999999999999432e+01,1.150999999999999943e+02,1.478000000000000114e+02
1.005999999999999943e+02,1.035000000000000000e+02,1.368000000000000114e+02
9.600000000000000000e+01,9.779999999999999716e+01,1.157999999999999972e+02
9.700000000000000000e+01,1.029000000000000057e+02,1.187000000000000028e+02
9.700000000000000000e+01,8.279999999999999716e+01,1.205000000000000000e+02
9.900000000000000000e+01,7.909999999999999432e+01,1.075000000000000000e+02
9.809999999999999432e+01,8.509999999999999432e+01,1.147999999999999972e+02
1.007999999999999972e+02,7.670000000000000284e+01,1.185000000000000000e+02
1.035999999999999943e+02,8.479999999999999716e+01,1.270999999999999943e+02
9.959999999999999432e+01,8.490000000000000568e+01,1.195999999999999943e+02
1.119000000000000057e+02,8.620000000000000284e+01,1.267000000000000028e+02
1.009000000000000057e+02,7.829999999999999716e+01,1.247999999999999972e+02
9.650000000000000000e+01,8.070000000000000284e+01,1.262999999999999972e+02
9.440000000000000568e+01,8.420000000000000284e+01,1.160000000000000000e+02
1.000000000000000000e+02,8.479999999999999716e+01,1.224000000000000057e+02
9.559999999999999432e+01,9.240000000000000568e+01,1.142000000000000028e+02
9.470000000000000284e+01,8.059999999999999432e+01,1.105000000000000000e+02
9.450000000000000000e+01,8.650000000000000000e+01,1.080000000000000000e+02
1.040999999999999943e+02,8.109999999999999432e+01,1.232000000000000028e+02
9.320000000000000284e+01,8.929999999999999716e+01,1.247000000000000028e+02
9.920000000000000284e+01,7.370000000000000284e+01,1.252000000000000028e+02
1.062999999999999972e+02,8.679999999999999716e+01,1.280999999999999943e+02
1.047999999999999972e+02,8.620000000000000284e+01,1.242000000000000028e+02
1.020999999999999943e+02,9.940000000000000568e+01,1.082999999999999972e+02
9.590000000000000568e+01,1.020000000000000000e+02,1.204000000000000057e+02
1.032000000000000028e+02,1.069000000000000057e+02,1.270000000000000000e+02
1.092000000000000028e+02,1.020999999999999943e+02,1.321999999999999886e+02
1.099000000000000057e+02,1.070999999999999943e+02,1.790000000000000000e+02
1.192999999999999972e+02,1.084000000000000057e+02,2.026999999999999886e+02
1.565000000000000000e+02,1.097999999999999972e+02,1.760000000000000000e+02
1.286999999999999886e+02,1.379000000000000057e+02,1.410999999999999943e+02
1.300999999999999943e+02,1.351999999999999886e+02,1.434000000000000057e+02
1.222999999999999972e+02,1.394000000000000057e+02,1.541999999999999886e+02
1.159000000000000057e+02,1.119000000000000057e+02,1.666999999999999886e+02
1.365999999999999943e+02,1.257000000000000028e+02,1.961999999999999886e+02
1.299000000000000057e+02,1.320000000000000000e+02,1.839000000000000057e+02
1.653000000000000114e+02,1.630999999999999943e+02,1.733000000000000114e+02
1.435999999999999943e+02,1.411999999999999886e+02,2.053000000000000114e+02
1.868000000000000114e+02,1.381999999999999886e+02,1.948000000000000114e+02
2.075999999999999943e+02,1.640000000000000000e+02,1.814000000000000057e+02
1.671999999999999886e+02,1.555999999999999943e+02,2.078000000000000114e+02
1.615999999999999943e+02,1.724000000000000057e+02,2.335000000000000000e+02
1.791999999999999886e+02,1.639000000000000057e+02,2.393000000000000114e+02
2.206999999999999886e+02,1.533000000000000114e+02,2.065999999999999943e+02
1.510000000000000000e+02,2.040999999999999943e+02,2.325999999999999943e+02
1.726999999999999886e+02,1.858000000000000114e+02,2.545000000000000000e+02
1.763000000000000114e+02,1.936999999999999886e+02,2.335000000000000000e+02
1.336999999999999886e+02,1.650000000000000000e+02,2.006999999999999886e+02
1.840999999999999943e+02,1.743000000000000114e+02,1.916999999999999886e+02
1.778000000000000114e+02,2.035000000000000000e+02,1.898000000000000114e+02
1.860999999999999943e+02,1.820000000000000000e+02,1.730999999999999943e+02
1.774000000000000057e+02,2.029000000000000057e+02,1.839000000000000057e+02
2.296999999999999886e+02,2.156999999999999886e+02,2.296999999999999886e+02
1.980000000000000000e+02,1.966999999999999886e+02,2.125999999999999943e+02
1.879000000000000057e+02,1.693000000000000114e+02,1.950999999999999943e+02
1.688000000000000114e+02,1.330999999999999943e+02,1.791999999999999886e+02
1.554000000000000057e+02,1.410000000000000000e+02,1.630999999999999943e+02
1.930999999999999943e+02,1.525000000000000000e+02,1.705000000000000000e+02
2.125999999999999943e+02,1.514000000000000057e+02,1.830000000000000000e+02
1.690999999999999943e+02,1.698000000000000114e+02,2.065999999999999943e+02
1.818000000000000114e+02,1.905000000000000000e+02,1.925000000000000000e+02
1.839000000000000057e+02,1.891999999999999886e+02,2.341999999999999886e+02
2.170000000000000000e+02,2.128000000000000114e+02,2.545000000000000000e+02
2.340000000000000000e+02,1.898000000000000114e+02,2.310999999999999943e+02
2.279000000000000057e+02,1.555999999999999943e+02,1.606999999999999886e+02
1.818000000000000114e+02,1.895999999999999943e+02,1.714000000000000057e+02
1.794000000000000057e+02,1.564000000000000057e+02,1.719000000000000057e+02
1.725999999999999943e+02,1.590000000000000000e+02,1.460999999999999943e+02
1.725000000000000000e+02,1.601999999999999886e+02,2.099000000000000057e+02
2.004000000000000057e+02,1.456999999999999886e+02,2.060000000000000000e+02
1.890999999999999943e+02,1.759000000000000057e+02,1.705000000000000000e+02
1.925000000000000000e+02,1.541999999999999886e+02,1.303000000000000114e+02
1.889000000000000057e+02,1.768000000000000114e+02,1.435999999999999943e+02
1.561999999999999886e+02,1.600000000000000000e+02,1.576999999999999886e+02
1.955000000000000000e+02,1.616999999999999886e+02,1.968000000000000114e+02
1.800000000000000000e+02,1.500999999999999943e+02,1.888000000000000114e+02
1.774000000000000057e+02,1.195000000000000000e+02,1.550999999999999943e+02
1.821999999999999886e+02,1.410000000000000000e+02,1.804000000000000057e+02
1.943000000000000114e+02,1.426999999999999886e+02,1.681999999999999886e+02
1.875999999999999943e+02,1.434000000000000057e+02,1.798000000000000114e+02
1.841999999999999886e+02,1.461999999999999886e+02,2.030000000000000000e+02
1.916999999999999886e+02,1.621999999999999886e+02,2.079000000000000057e+02
1.618000000000000114e+02,1.528000000000000114e+02,2.045999999999999943e+02
1.951999999999999886e+02,1.735000000000000000e+02,2.196999999999999886e+02
1.734000000000000057e+02,1.489000000000000057e+02,2.350999999999999943e+02
1.955999999999999943e+02,1.678000000000000114e+02,2.591000000000000227e+02
1.840999999999999943e+02,1.555000000000000000e+02,2.410000000000000000e+02
1.738000000000000114e+02,1.609000000000000057e+02,2.494000000000000057e+02
2.241999999999999886e+02,1.681999999999999886e+02,2.768000000000000114e+02
1.886999999999999886e+02,1.654000000000000057e+02,2.610000000000000000e+02
1.890999999999999943e+02,1.615000000000000000e+02,2.636999999999999886e+02
2.013000000000000114e+02,1.699000000000000057e+02,2.428000000000000114e+02
2.005000000000000000e+02,1.801999999999999886e+02,2.058000000000000114e+02
1.965000000000000000e+02,1.948000000000000114e+02,2.048000000000000114e+02
2.040000000000000000e+02,1.910000000000000000e+02,1.823000000000000114e+02
2.364000000000000057e+02,1.980999999999999943e+02,1.924000000000000057e+02
2.425000000000000000e+02,1.790000000000000000e+02,2.408000000000000114e+02
1.999000000000000057e+02,1.728000000000000114e+02,2.521999999999999886e+02
2.243000000000000114e+02,2.250999999999999943e+02,2.606999999999999886e+02
2.115999999999999943e+02,2.208000000000000114e+02,2.683999999999999773e+02
2.256999999999999886e+02,2.274000000000000057e+02,2.348000000000000114e+02
1.945000000000000000e+02,1.725000000000000000e+02,2.781999999999999886e+02
1.940999999999999943e+02,1.816999999999999886e+02,2.678999999999999773e+02
1.691999999999999886e+02,1.836999999999999886e+02,2.716999999999999886e+02
2.008000000000000114e+02,1.661999999999999886e+02,2.545000000000000000e+02
1.909000000000000057e+02,1.481999999999999886e+02,2.656999999999999886e+02
2.005000000000000000e+02,1.609000000000000057e+02,2.443000000000000114e+02
1.821999999999999886e+02,1.424000000000000057e+02,2.345999999999999943e+02
1.685999999999999943e+02,1.569000000000000057e+02,2.788000000000000114e+02
1.660999999999999943e+02,1.388000000000000114e+02,2.398000000000000114e+02
1.596999999999999886e+02,1.460000000000000000e+02,2.430999999999999943e+02
1.801999999999999886e+02,1.458000000000000114e+02,2.098000000000000114e+02
1.645999999999999943e+02,1.534000000000000057e+02,2.408000000000000114e+02
2.106999999999999886e+02,1.655000000000000000e+02,2.320000000000000000e+02
1.675999999999999943e+02,1.280000000000000000e+02,2.616999999999999886e+02
1.520999999999999943e+02,1.383000000000000114e+02,2.314000000000000057e+02
1.549000000000000057e+02,1.456999999999999886e+02,2.425999999999999943e+02
1.705999999999999943e+02,1.598000000000000114e+02,2.275000000000000000e+02
1.613000000000000114e+02,1.483000000000000114e+02,2.176999999999999886e+02
1.558000000000000114e+02,1.410999999999999943e+02,2.204000000000000057e+02
1.411999999999999886e+02,1.524000000000000057e+02,2.175000000000000000e+02
1.369000000000000057e+02,1.257999999999999972e+02,2.055000000000000000e+02
1.435999999999999943e+02,1.365999999999999943e+02,1.881999999999999886e+02
1.476999999999999886e+02,1.180000000000000000e+02,1.803000000000000114e+02
1.254000000000000057e+02,1.172999999999999972e+02,1.721999999999999886e+02
1.275000000000000000e+02,1.230000000000000000e+02,1.671999999999999886e+02
1.262000000000000028e+02,1.019000000000000057e+02,1.803000000000000114e+02
1.460999999999999943e+02,1.120000000000000000e+02,1.681999999999999886e+02
1.275000000000000000e+02,1.099000000000000057e+02,1.540999999999999943e+02
1.388000000000000114e+02,1.067000000000000028e+02,1.506999999999999886e+02
1.348000000000000114e+02,9.629999999999999716e+01,1.446999999999999886e+02
1.619000000000000057e+02,8.659999999999999432e+01,1.640999999999999943e+02
1.643000000000000114e+02,9.750000000000000000e+01,1.525999999999999943e+02
1.478000000000000114e+02,8.959999999999999432e+01,1.364000000000000057e+02
1.366999999999999886e+02,9.009999999999999432e+01,1.301999999999999886e+02
1.328000000000000114e+02,1.060999999999999943e+02,1.365999999999999943e+02
1.324000000000000057e+02,9.259999999999999432e+01,1.613000000000000114e+02
1.383000000000000114e+02,1.077999999999999972e+02,1.350000000000000000e+02
1.345999999999999943e+02,9.320000000000000284e+01,1.453000000000000114e+02
1.299000000000000057e+02,1.172999999999999972e+02,1.523000000000000114e+02
1.386999999999999886e+02,1.254000000000000057e+02,1.626999999999999886e+02
1.290999999999999943e+02,1.095999999999999943e+02,1.506999999999999886e+02
1.319000000000000057e+02,1.045999999999999943e+02,1.455999999999999943e+02
1.130999999999999943e+02,9.759999999999999432e+01,1.346999999999999886e+02
1.037999999999999972e+02,9.740000000000000568e+01,1.453000000000000114e+02
1.040000000000000000e+02,8.200000000000000000e+01,1.185999999999999943e+02
1.134000000000000057e+02,9.170000000000000284e+01,1.177000000000000028e+02
1.097999999999999972e+02,8.879999999999999716e+01,1.232999999999999972e+02
9.559999999999999432e+01,1.072000000000000028e+02,1.194000000000000057e+02
1.000000000000000000e+02,8.600000000000000000e+01,1.237000000000000028e+02
1.002000000000000028e+02,8.059999999999999432e+01,1.137000000000000028e+02
9.720000000000000284e+01,8.959999999999999432e+01,1.319000000000000057e+02
9.679999999999999716e+01,7.929999999999999716e+01,1.260999999999999943e+02
9.440000000000000568e+01,8.979999999999999716e+01,1.192000000000000028e+02
9.670000000000000284e+01,8.159999999999999432e+01,1.184000000000000057e+02
1.002000000000000028e+02,8.320000000000000284e+01,1.170999999999999943e+02
9.740000000000000568e+01,9.559999999999999432e+01,1.150000000000000000e+02
9.140000000000000568e+01,1.065000000000000000e+02,1.045000000000000000e+02
9.100000000000000000e+01,1.100000000000000000e+02,1.160000000000000000e+02
9.129999999999999716e+01,8.390000000000000568e+01,1.192999999999999972e+02
1.037000000000000028e+02,1.000000000000000000e+02,1.250999999999999943e+02
9.829999999999999716e+01,9.400000000000000000e+01,1.340000000000000000e+02
9.909999999999999432e+01,8.329999999999999716e+01,1.254000000000000057e+02
9.890000000000000568e+01,8.600000000000000000e+01,1.280000000000000000e+02
1.037999999999999972e+02,8.329999999999999716e+01,1.277999999999999972e+02
9.029999999999999716e+01,9.150000000000000000e+01,1.448000000000000114e+02
9.050000000000000000e+01,8.320000000000000284e+01,1.182000000000000028e+02
9.179999999999999716e+01,1.012000000000000028e+02,1.074000000000000057e+02
9.709999999999999432e+01,8.520000000000000284e+01,1.142999999999999972e+02
1.020000000000000000e+02,8.520000000000000284e+01,1.140999999999999943e+02
1.007999999999999972e+02,8.159999999999999432e+01,1.172999999999999972e+02
9.529999999999999716e+01,8.550000000000000000e+01,1.549000000000000057e+02
1.057999999999999972e+02,9.640000000000000568e+01,1.495000000000000000e+02
9.940000000000000568e+01,8.390000000000000568e+01,1.305000000000000000e+02
9.700000000000000000e+01,9.579999999999999716e+01,1.506999999999999886e+02
1.082999999999999972e+02,8.840000000000000568e+01,1.550000000000000000e+02
1.104000000000000057e+02,9.720000000000000284e+01,1.620000000000000000e+02
1.225000000000000000e+02,8.979999999999999716e+01,1.483000000000000114e+02
1.736999999999999886e+02,1.105999999999999943e+02,1.724000000000000057e+02
1.736999999999999886e+02,1.117000000000000028e+02,1.649000000000000057e+02
1.576999999999999886e+02,1.320000000000000000e+02,1.568000000000000114e+02
1.461999999999999886e+02,1.234000000000000057e+02,1.545999999999999943e+02
2.220999999999999943e+02,1.676999999999999886e+02,1.871999999999999886e+02
2.003000000000000114e+02,1.730000000000000000e+02,1.656999999999999886e+02
2.206999999999999886e+02,1.681999999999999886e+02,1.848000000000000114e+02
1.575000000000000000e+02,1.854000000000000057e+02,2.064000000000000057e+02
1.545000000000000000e+02,2.033000000000000114e+02,2.088000000000000114e+02
1.406999999999999886e+02,2.148000000000000114e+02,1.690999999999999943e+02
1.720999999999999943e+02,1.935999999999999943e+02,2.053000000000000114e+02
1.923000000000000114e+02,1.661999999999999886e+02,2.079000000000000057e+02
2.145999999999999943e+02,2.299000000000000057e+02,2.239000000000000057e+02
1.730999999999999943e+02,1.773000000000000114e+02,2.550000000000000000e+02
1.764000000000000057e+02,1.605000000000000000e+02,2.078000000000000114e+02
1.501999999999999886e+02,1.518000000000000114e+02,2.006999999999999886e+02
1.790000000000000000e+02,1.603000000000000114e+02,1.805000000000000000e+02
1.988000000000000114e+02,1.346999999999999886e+02,2.195999999999999943e+02
1.888000000000000114e+02,1.870000000000000000e+02,2.133000000000000114e+02
1.768000000000000114e+02,1.766999999999999886e+02,2.546999999999999886e+02
2.163000000000000114e+02,1.860999999999999943e+02,2.988000000000000114e+02
1.831999999999999886e+02,1.848000000000000114e+02,2.549000000000000057e+02
2.123000000000000114e+02,1.923000000000000114e+02,2.078000000000000114e+02
1.773000000000000114e+02,1.828000000000000114e+02,2.034000000000000057e+02
1.809000000000000057e+02,1.849000000000000057e+02,1.953000000000000114e+02
2.090999999999999943e+02,1.724000000000000057e+02,1.863000000000000114e+02
2.235000000000000000e+02,1.760999999999999943e+02,1.935999999999999943e+02
2.543000000000000114e+02,2.134000000000000057e+02,2.470000000000000000e+02
2.170000000000000000e+02,2.140000000000000000e+02,2.488000000000000114e+02
2.321999999999999886e+02,2.131999999999999886e+02,2.643999999999999773e+02
2.039000000000000057e+02,1.714000000000000057e+02,2.330999999999999943e+02
2.110000000000000000e+02,2.048000000000000114e+02,2.100999999999999943e+02
2.516999999999999886e+02,2.138000000000000114e+02,2.221999999999999886e+02
2.286999999999999886e+02,1.935000000000000000e+02,2.114000000000000057e+02
1.988000000000000114e+02,2.016999999999999886e+02,2.231999999999999886e+02
1.780999999999999943e+02,1.499000000000000057e+02,2.020999999999999943e+02
1.583000000000000114e+02,1.420000000000000000e+02,1.945000000000000000e+02
1.805999999999999943e+02,1.676999999999999886e+02,1.868000000000000114e+02
1.873000000000000114e+02,1.641999999999999886e+02,1.803000000000000114e+02
1.619000000000000057e+02,1.614000000000000057e+02,1.819000000000000057e+02
1.655000000000000000e+02,1.543000000000000114e+02,2.200999999999999943e+02
1.851999999999999886e+02,1.374000000000000057e+02,2.519000000000000057e+02
2.040000000000000000e+02,1.836999999999999886e+02,2.489000000000000057e+02
1.753000000000000114e+02,2.440999999999999943e+02,1.956999999999999886e+02
1.694000000000000057e+02,1.984000000000000057e+02,1.925999999999999943e+02
1.815000000000000000e+02,1.898000000000000114e+02,2.000000000000000000e+02
1.644000000000000057e+02,1.524000000000000057e+02,2.270000000000000000e+02
1.873000000000000114e+02,1.414000000000000057e+02,1.985000000000000000e+02
1.995000000000000000e+02,1.353000000000000114e+02,2.093000000000000114e+02
2.174000000000000057e+02,1.300000000000000000e+02,2.046999999999999886e+02
2.073000000000000114e+02,1.570999999999999943e+02,2.346999999999999886e+02
1.934000000000000057e+02,1.666999999999999886e+02,2.341999999999999886e+02
1.930999999999999943e+02,1.666999999999999886e+02,2.210000000000000000e+02
2.105999999999999943e+02,1.819000000000000057e+02,2.345999999999999943e+02
1.805000000000000000e+02,1.944000000000000057e+02,2.296999999999999886e+02
1.733000000000000114e+02,1.878000000000000114e+02,2.128000000000000114e+02
1.913000000000000114e+02,1.860000000000000000e+02,2.403000000000000114e+02
1.841999999999999886e+02,2.760000000000000000e+02,2.014000000000000057e+02
2.043000000000000114e+02,2.534000000000000057e+02,2.075000000000000000e+02
2.088000000000000114e+02,2.163000000000000114e+02,2.060999999999999943e+02
1.946999999999999886e+02,1.808000000000000114e+02,2.030999999999999943e+02
2.016999999999999886e+02,2.010000000000000000e+02,2.290999999999999943e+02
2.049000000000000057e+02,2.015999999999999943e+02,2.160999999999999943e+02
2.105999999999999943e+02,1.825000000000000000e+02,2.126999999999999886e+02
1.964000000000000057e+02,1.823000000000000114e+02,2.470999999999999943e+02
1.839000000000000057e+02,1.843000000000000114e+02,2.416999999999999886e+02
2.039000000000000057e+02,1.613000000000000114e+02,2.641999999999999886e+02
2.235000000000000000e+02,1.935999999999999943e+02,2.463000000000000114e+02
2.290000000000000000e+02,1.770000000000000000e+02,2.586000000000000227e+02
1.800000000000000000e+02,1.873000000000000114e+02,2.433000000000000114e+02
1.716999999999999886e+02,1.948000000000000114e+02,2.371999999999999886e+02
1.608000000000000114e+02,1.593000000000000114e+02,2.363000000000000114e+02
1.786999999999999886e+02,2.018000000000000114e+02,1.929000000000000057e+02
1.521999999999999886e+02,1.834000000000000057e+02,2.166999999999999886e+02
1.479000000000000057e+02,1.581999999999999886e+02,2.154000000000000057e+02
1.590000000000000000e+02,1.701999999999999886e+02,2.041999999999999886e+02
1.315999999999999943e+02,1.465999999999999943e+02,2.278000000000000114e+02
1.525999999999999943e+02,1.526999999999999886e+02,2.071999999999999886e+02
1.390999999999999943e+02,1.275000000000000000e+02,2.068000000000000114e+02
1.553000000000000114e+02,1.200000000000000000e+02,2.070000000000000000e+02
1.396999999999999886e+02,1.180999999999999943e+02,2.030999999999999943e+02
1.558000000000000114e+02,1.152999999999999972e+02,2.019000000000000057e+02
1.565000000000000000e+02,1.376999999999999886e+02,2.333000000000000114e+02
1.660999999999999943e+02,1.413000000000000114e+02,2.033000000000000114e+02
1.655999999999999943e+02,1.528000000000000114e+02,2.058000000000000114e+02
1.581999999999999886e+02,1.308000000000000114e+02,2.255000000000000000e+02
1.530000000000000000e+02,1.247000000000000028e+02,1.929000000000000057e+02
1.599000000000000057e+02,1.385000000000000000e+02,1.700999999999999943e+02
1.776999999999999886e+02,1.341999999999999886e+02,1.973000000000000114e+02
1.720999999999999943e+02,1.296999999999999886e+02,1.900000000000000000e+02
1.815000000000000000e+02,1.425000000000000000e+02,1.716999999999999886e+02
1.400999999999999943e+02,1.232999999999999972e+02,1.959000000000000057e+02
1.364000000000000057e+02,1.242000000000000028e+02,1.835999999999999943e+02
1.324000000000000057e+02,1.147000000000000028e+02,1.526999999999999886e+02
1.305000000000000000e+02,9.859999999999999432e+01,1.435000000000000000e+02
1.309000000000000057e+02,1.355999999999999943e+02,1.585999999999999943e+02
1.204000000000000057e+02,1.077999999999999972e+02,1.649000000000000057e+02
1.260000000000000000e+02,1.000999999999999943e+02,1.639000000000000057e+02
1.279000000000000057e+02,1.030000000000000000e+02,1.525999999999999943e+02
1.095000000000000000e+02,9.370000000000000284e+01,1.335999999999999943e+02
1.102999999999999972e+02,1.064000000000000057e+02,1.369000000000000057e+02
1.291999999999999886e+02,9.920000000000000284e+01,1.192999999999999972e+02
1.140999999999999943e+02,1.042999999999999972e+02,1.144000000000000057e+02
1.079000000000000057e+02,1.120999999999999943e+02,1.364000000000000057e+02
1.025999999999999943e+02,1.037000000000000028e+02,1.490999999999999943e+02
1.027999999999999972e+02,1.210999999999999943e+02,1.450999999999999943e+02
9.900000000000000000e+01,9.829999999999999716e+01,1.469000000000000057e+02
9.990000000000000568e+01,1.070000000000000000e+02,1.549000000000000057e+02
1.007999999999999972e+02,9.370000000000000284e+01,1.504000000000000057e+02
9.900000000000000000e+01,9.109999999999999432e+01,1.478000000000000114e+02
1.110999999999999943e+02,9.479999999999999716e+01,1.475999999999999943e+02
1.059000000000000057e+02,7.670000000000000284e+01,1.380000000000000000e+02
1.064000000000000057e+02,8.659999999999999432e+01,1.309000000000000057e+02
1.080999999999999943e+02,7.490000000000000568e+01,1.247000000000000028e+02
1.077000000000000028e+02,8.109999999999999432e+01,1.227000000000000028e+02
1.147000000000000028e+02,8.709999999999999432e+01,1.265999999999999943e+02
1.115000000000000000e+02,9.090000000000000568e+01,1.149000000000000057e+02
1.089000000000000057e+02,8.840000000000000568e+01,1.250999999999999943e+02
1.069000000000000057e+02,7.329999999999999716e+01,1.175999999999999943e+02
1.022000000000000028e+02,8.550000000000000000e+01,1.190999999999999943e+02
1.039000000000000057e+02,7.670000000000000284e+01,1.155000000000000000e+02
1.030000000000000000e+02,7.929999999999999716e+01,1.239000000000000057e+02
1.022999999999999972e+02,8.809999999999999432e+01,1.240999999999999943e+02
9.900000000000000000e+01,7.800000000000000000e+01,1.222999999999999972e+02
9.170000000000000284e+01,8.679999999999999716e+01,1.185000000000000000e+02
9.450000000000000000e+01,8.370000000000000284e+01,1.114000000000000057e+02
8.900000000000000000e+01,8.750000000000000000e+01,1.102000000000000028e+02
9.459999999999999432e+01,8.070000000000000284e+01,1.100000000000000000e+02
9.790000000000000568e+01,8.170000000000000284e+01,1.105000000000000000e+02
9.679999999999999716e+01,8.120000000000000284e+01,1.050999999999999943e+02
9.679999999999999716e+01,8.309999999999999432e+01,1.190000000000000000e+02
9.490000000000000568e+01,8.600000000000000000e+01,1.340000000000000000e+02
1.007999999999999972e+02,8.159999999999999432e+01,1.134000000000000057e+02
1.097999999999999972e+02,1.185000000000000000e+02,1.132000000000000028e+02
1.117999999999999972e+02,1.012000000000000028e+02,1.129000000000000057e+02
9.959999999999999432e+01,1.159000000000000057e+02,1.335000000000000000e+02
1.127999999999999972e+02,1.057999999999999972e+02,1.611999999999999886e+02
1.260999999999999943e+02,1.192000000000000028e+02,1.434000000000000057e+02
1.405000000000000000e+02,1.365000000000000000e+02,1.475999999999999943e+02
1.334000000000000057e+02,1.659000000000000057e+02,1.810000000000000000e+02
1.463000000000000114e+02,1.675000000000000000e+02,1.535000000000000000e+02
1.405000000000000000e+02,1.443000000000000114e+02,1.529000000000000057e+02
1.326999999999999886e+02,1.476999999999999886e+02,1.419000000000000057e+02
1.689000000000000057e+02,1.277000000000000028e+02,1.515000000000000000e+02
1.423000000000000114e+02,1.473000000000000114e+02,1.691999999999999886e+02
1.409000000000000057e+02,1.560999999999999943e+02,1.786999999999999886e+02
1.528000000000000114e+02,1.506999999999999886e+02,1.679000000000000057e+02
1.540999999999999943e+02,1.931999999999999886e+02,1.695000000000000000e+02
1.480999999999999943e+02,1.525999999999999943e+02,2.131999999999999886e+02
1.450000000000000000e+02,1.670999999999999943e+02,1.938000000000000114e+02
1.725000000000000000e+02,1.311999999999999886e+02,2.150000000000000000e+02
1.655999999999999943e+02,1.329000000000000057e+02,1.939000000000000057e+02
1.449000000000000057e+02,1.546999999999999886e+02,1.694000000000000057e+02
1.820000000000000000e+02,1.498000000000000114e+02,1.920999999999999943e+02
1.640999999999999943e+02,1.580000000000000000e+02,1.986999999999999886e+02
1.635999999999999943e+02,1.400999999999999943e+02,1.991999999999999886e+02
1.695999999999999943e+02,1.724000000000000057e+02,1.900999999999999943e+02
1.529000000000000057e+02,1.488000000000000114e+02,2.001999999999999886e+02
1.431999999999999886e+02,1.495000000000000000e+02,1.966999999999999886e+02
1.486999999999999886e+02,1.349000000000000057e+02,1.708000000000000114e+02
1.753000000000000114e+02,1.851999999999999886e+02,1.913000000000000114e+02
2.044000000000000057e+02,1.915000000000000000e+02,2.385999999999999943e+02
1.694000000000000057e+02,1.723000000000000114e+02,2.380999999999999943e+02
1.548000000000000114e+02,1.800000000000000000e+02,2.119000000000000057e+02
1.490000000000000000e+02,1.760999999999999943e+02,1.985999999999999943e+02
1.355000000000000000e+02,1.880000000000000000e+02,1.956999999999999886e+02
1.518000000000000114e+02,1.806999999999999886e+02,2.100999999999999943e+02
1.541999999999999886e+02,1.899000000000000057e+02,1.994000000000000057e+02
1.695999999999999943e+02,1.926999999999999886e+02,2.391999999999999886e+02
1.960000000000000000e+02,1.789000000000000057e+02,2.143000000000000114e+02
1.826999999999999886e+02,1.790999999999999943e+02,2.185000000000000000e+02
1.750000000000000000e+02,1.795999999999999943e+02,1.941999999999999886e+02
1.626999999999999886e+02,1.835999999999999943e+02,2.135999999999999943e+02
1.670000000000000000e+02,1.905000000000000000e+02,1.975000000000000000e+02
1.535000000000000000e+02,1.895000000000000000e+02,2.615000000000000000e+02
1.918000000000000114e+02,1.825999999999999943e+02,2.826999999999999886e+02
1.724000000000000057e+02,1.710999999999999943e+02,2.151999999999999886e+02
1.800999999999999943e+02,1.668000000000000114e+02,2.133000000000000114e+02
1.704000000000000057e+02,1.610999999999999943e+02,2.089000000000000057e+02
1.480000000000000000e+02,1.665999999999999943e+02,2.065999999999999943e+02
1.803000000000000114e+02,2.155000000000000000e+02,2.150999999999999943e+02
2.110999999999999943e+02,1.821999999999999886e+02,2.044000000000000057e+02
2.053000000000000114e+02,1.785999999999999943e+02,2.143000000000000114e+02
2.283000000000000114e+02,1.541999999999999886e+02,2.543000000000000114e+02
1.968000000000000114e+02,1.610000000000000000e+02,2.293000000000000114e+02
1.794000000000000057e+02,1.571999999999999886e+02,2.371999999999999886e+02
1.878000000000000114e+02,1.383000000000000114e+02,2.148000000000000114e+02
1.760999999999999943e+02,1.485000000000000000e+02,2.140999999999999943e+02
1.538000000000000114e+02,1.321999999999999886e+02,2.166999999999999886e+02
1.789000000000000057e+02,1.436999999999999886e+02,2.013000000000000114e+02
1.910999999999999943e+02,1.294000000000000057e+02,2.271999999999999886e+02
1.873000000000000114e+02,1.463000000000000114e+02,2.023000000000000114e+02
2.271999999999999886e+02,1.430000000000000000e+02,2.576000000000000227e+02
2.108000000000000114e+02,1.610000000000000000e+02,2.334000000000000057e+02
2.084000000000000057e+02,1.481999999999999886e+02,2.256999999999999886e+02
1.881999999999999886e+02,1.600999999999999943e+02,2.280000000000000000e+02
1.995000000000000000e+02,1.546999999999999886e+02,2.383000000000000114e+02
2.235000000000000000e+02,1.425999999999999943e+02,2.545000000000000000e+02
2.091999999999999886e+02,1.876999999999999886e+02,2.588000000000000114e+02
1.948000000000000114e+02,1.706999999999999886e+02,2.528000000000000114e+02
2.261999999999999886e+02,2.180999999999999943e+02,2.294000000000000057e+02
2.335999999999999943e+02,1.886999999999999886e+02,2.718999999999999773e+02
2.848999999999999773e+02,2.036999999999999886e+02,2.765000000000000000e+02
2.701000000000000227e+02,2.029000000000000057e+02,2.651000000000000227e+02
2.625000000000000000e+02,2.165000000000000000e+02,2.893999999999999773e+02
2.390000000000000000e+02,2.613999999999999773e+02,3.048000000000000114e+02
2.501999999999999886e+02,2.545999999999999943e+02,3.200000000000000000e+02
2.586999999999999886e+02,2.460000000000000000e+02,3.038000000000000114e+02
2.485999999999999943e+02,2.605000000000000000e+02,2.803000000000000114e+02
2.941999999999999886e+02,2.751000000000000227e+02,2.653999999999999773e+02
2.956999999999999886e+02,2.610000000000000000e+02,2.556999999999999886e+02
2.723999999999999773e+02,2.786000000000000227e+02,2.503000000000000114e+02
2.416999999999999886e+02,2.628000000000000114e+02,2.820000000000000000e+02
2.350999999999999943e+02,2.683000000000000114e+02,2.750000000000000000e+02
2.015000000000000000e+02,2.203000000000000114e+02,2.643000000000000114e+02
2.309000000000000057e+02,1.830000000000000000e+02,2.753000000000000114e+02
2.386999999999999886e+02,1.639000000000000057e+02,2.419000000000000057e+02
2.260999999999999943e+02,1.870000000000000000e+02,2.486999999999999886e+02
2.581999999999999886e+02,2.111999999999999886e+02,2.291999999999999886e+02
2.360000000000000000e+02,2.288000000000000114e+02,2.280000000000000000e+02
2.346999999999999886e+02,1.750999999999999943e+02,2.126999999999999886e+02
1.916999999999999886e+02,1.709000000000000057e+02,2.591999999999999886e+02
1.909000000000000057e+02,1.685999999999999943e+02,2.488000000000000114e+02
1.900999999999999943e+02,1.740000000000000000e+02,2.138000000000000114e+02
2.340000000000000000e+02,1.889000000000000057e+02,2.049000000000000057e+02
1.853000000000000114e+02,1.920999999999999943e+02,2.338000000000000114e+02
1.844000000000000057e+02,1.638000000000000114e+02,2.263000000000000114e+02
1.705999999999999943e+02,1.900000000000000000e+02,2.070000000000000000e+02
1.630999999999999943e+02,1.595000000000000000e+02,1.960000000000000000e+02
1.649000000000000057e+02,1.715000000000000000e+02,2.021999999999999886e+02
1.713000000000000114e+02,1.436999999999999886e+02,1.961999999999999886e+02
1.969000000000000057e+02,1.494000000000000057e+02,1.939000000000000057e+02
1.533000000000000114e+02,1.545000000000000000e+02,2.015000000000000000e+02
1.405999999999999943e+02,1.376999999999999886e+02,1.591999999999999886e+02
1.469000000000000057e+02,1.424000000000000057e+02,1.775000000000000000e+02
1.680000000000000000e+02,1.281999999999999886e+02,1.593000000000000114e+02
1.755999999999999943e+02,1.194000000000000057e+02,1.580999999999999943e+02
1.439000000000000057e+02,9.770000000000000284e+01,1.680000000000000000e+02
1.340000000000000000e+02,1.109000000000000057e+02,1.820000000000000000e+02
1.521999999999999886e+02,1.165000000000000000e+02,1.448000000000000114e+02
1.575000000000000000e+02,1.135999999999999943e+02,1.499000000000000057e+02
1.590999999999999943e+02,8.979999999999999716e+01,1.389000000000000057e+02
1.789000000000000057e+02,9.400000000000000000e+01,1.541999999999999886e+02
1.735999999999999943e+02,9.379999999999999716e+01,1.428000000000000114e+02
1.720999999999999943e+02,1.185000000000000000e+02,1.272999999999999972e+02
1.739000000000000057e+02,1.495999999999999943e+02,1.275000000000000000e+02
1.751999999999999886e+02,1.510000000000000000e+02,1.350000000000000000e+02
1.734000000000000057e+02,1.440000000000000000e+02,1.350999999999999943e+02
1.713000000000000114e+02,1.242000000000000028e+02,1.415999999999999943e+02
1.641999999999999886e+02,1.434000000000000057e+02,1.520999999999999943e+02
1.626999999999999886e+02,1.495999999999999943e+02,1.566999999999999886e+02
1.655000000000000000e+02,1.525000000000000000e+02,1.486999999999999886e+02
1.634000000000000057e+02,1.306999999999999886e+02,1.559000000000000057e+02
1.605000000000000000e+02,1.350999999999999943e+02,1.536999999999999886e+02
1.620999999999999943e+02,1.272000000000000028e+02,1.453000000000000114e+02
1.623000000000000114e+02,1.200000000000000000e+02,1.215999999999999943e+02
1.624000000000000057e+02,1.177000000000000028e+02,1.207000000000000028e+02
1.586999999999999886e+02,1.137999999999999972e+02,1.217999999999999972e+02
1.573000000000000114e+02,1.250000000000000000e+02,1.340999999999999943e+02
1.540999999999999943e+02,1.189000000000000057e+02,1.371999999999999886e+02
1.528000000000000114e+02,1.205999999999999943e+02,1.320000000000000000e+02
1.573000000000000114e+02,1.074000000000000057e+02,1.214000000000000057e+02
1.570000000000000000e+02,1.222999999999999972e+02,1.463000000000000114e+02
1.500999999999999943e+02,1.095000000000000000e+02,1.301999999999999886e+02
1.535000000000000000e+02,1.247000000000000028e+02,1.370000000000000000e+02
1.559000000000000057e+02,1.225000000000000000e+02,1.315999999999999943e+02
1.534000000000000057e+02,1.209000000000000057e+02,1.157999999999999972e+02
1.398000000000000114e+02,1.270000000000000000e+02,1.127000000000000028e+02
1.242999999999999972e+02,1.034000000000000057e+02,1.165000000000000000e+02
1.368000000000000114e+02,7.859999999999999432e+01,1.147000000000000028e+02
1.185000000000000000e+02,7.740000000000000568e+01,1.182999999999999972e+02
1.190000000000000000e+02,8.029999999999999716e+01,1.380000000000000000e+02
1.169000000000000057e+02,7.970000000000000284e+01,1.296999999999999886e+02
1.425999999999999943e+02,8.329999999999999716e+01,1.220999999999999943e+02
1.092000000000000028e+02,8.670000000000000284e+01,1.289000000000000057e+02
1.020000000000000000e+02,1.157000000000000028e+02,1.479000000000000057e+02
1.005000000000000000e+02,1.062000000000000028e+02,1.365000000000000000e+02
1.170000000000000000e+02,1.219000000000000057e+02,1.200999999999999943e+02
1.132000000000000028e+02,1.027999999999999972e+02,1.219000000000000057e+02
1.087999999999999972e+02,9.859999999999999432e+01,1.225999999999999943e+02
1.037999999999999972e+02,9.640000000000000568e+01,1.329000000000000057e+02
1.257999999999999972e+02,1.520999999999999943e+02,1.660000000000000000e+02
1.275000000000000000e+02,1.010000000000000000e+02,1.473000000000000114e+02
1.341999999999999886e+02,1.315000000000000000e+02,1.515999999999999943e+02
1.389000000000000057e+02,1.366999999999999886e+02,1.949000000000000057e+02
1.294000000000000057e+02,1.209000000000000057e+02,1.745999999999999943e+02
1.330000000000000000e+02,1.165000000000000000e+02,1.581999999999999886e+02
1.260999999999999943e+02,1.359000000000000057e+02,1.783000000000000114e+02
1.100999999999999943e+02,1.375999999999999943e+02,1.885999999999999943e+02
1.525000000000000000e+02,1.047000000000000028e+02,1.680999999999999943e+02
1.870000000000000000e+02,1.350999999999999943e+02,2.101999999999999886e+02
1.434000000000000057e+02,1.663000000000000114e+02,2.076999999999999886e+02
1.710000000000000000e+02,1.631999999999999886e+02,2.149000000000000057e+02
1.451999999999999886e+02,1.509000000000000057e+02,2.054000000000000057e+02
1.455000000000000000e+02,1.420999999999999943e+02,2.123000000000000114e+02
1.568000000000000114e+02,1.591999999999999886e+02,2.256999999999999886e+02
1.484000000000000057e+02,1.500000000000000000e+02,1.971999999999999886e+02
1.435999999999999943e+02,1.440000000000000000e+02,1.876999999999999886e+02
1.252000000000000028e+02,1.900000000000000000e+02,2.175999999999999943e+02
1.400000000000000000e+02,1.705999999999999943e+02,2.158000000000000114e+02
1.209000000000000057e+02,1.293000000000000114e+02,1.996999999999999886e+02
1.385999999999999943e+02,1.255000000000000000e+02,1.786999999999999886e+02
1.189000000000000057e+02,1.423000000000000114e+02,1.815000000000000000e+02
1.425000000000000000e+02,1.496999999999999886e+02,2.055999999999999943e+02
1.460999999999999943e+02,1.225000000000000000e+02,1.860999999999999943e+02
1.425000000000000000e+02,1.344000000000000057e+02,1.721999999999999886e+02
1.365000000000000000e+02,1.510999999999999943e+02,1.840000000000000000e+02
1.380999999999999943e+02,1.576999999999999886e+02,1.754000000000000057e+02
1.371999999999999886e+02,1.455999999999999943e+02,2.004000000000000057e+02
1.766999999999999886e+02,1.455999999999999943e+02,2.086999999999999886e+02
1.676999999999999886e+02,1.394000000000000057e+02,1.986999999999999886e+02
1.831999999999999886e+02,1.366999999999999886e+02,1.788000000000000114e+02
1.960999999999999943e+02,1.329000000000000057e+02,2.050000000000000000e+02
2.100999999999999943e+02,1.305999999999999943e+02,2.214000000000000057e+02
1.775999999999999943e+02,1.726999999999999886e+02,1.971999999999999886e+02
1.728000000000000114e+02,1.381999999999999886e+02,1.990000000000000000e+02
1.529000000000000057e+02,1.455000000000000000e+02,1.845000000000000000e+02
1.443000000000000114e+02,1.549000000000000057e+02,1.781999999999999886e+02
1.635000000000000000e+02,1.806999999999999886e+02,2.010000000000000000e+02
1.435999999999999943e+02,1.623000000000000114e+02,2.621000000000000227e+02
1.755000000000000000e+02,1.663000000000000114e+02,2.345000000000000000e+02
1.810999999999999943e+02,1.544000000000000057e+02,1.895999999999999943e+02
1.691999999999999886e+02,1.391999999999999886e+02,2.050999999999999943e+02
1.795999999999999943e+02,1.249000000000000057e+02,2.230999999999999943e+02
1.741999999999999886e+02,1.272999999999999972e+02,2.260000000000000000e+02
1.811999999999999886e+02,1.384000000000000057e+02,2.201999999999999886e+02
1.620000000000000000e+02,1.229000000000000057e+02,2.059000000000000057e+02
1.585999999999999943e+02,1.305999999999999943e+02,2.101999999999999886e+02
1.816999999999999886e+02,1.303000000000000114e+02,1.875999999999999943e+02
2.070999999999999943e+02,1.428000000000000114e+02,2.034000000000000057e+02
1.911999999999999886e+02,1.245000000000000000e+02,2.085000000000000000e+02
1.464000000000000057e+02,1.370000000000000000e+02,1.666999999999999886e+02
1.520999999999999943e+02,1.298000000000000114e+02,1.804000000000000057e+02
1.471999999999999886e+02,1.177999999999999972e+02,2.073000000000000114e+02
2.045999999999999943e+02,1.365999999999999943e+02,2.166999999999999886e+02
2.001999999999999886e+02,1.439000000000000057e+02,1.800000000000000000e+02
1.980999999999999943e+02,1.455999999999999943e+02,1.631999999999999886e+02
2.170000000000000000e+02,1.760999999999999943e+02,2.120000000000000000e+02
1.955999999999999943e+02,1.533000000000000114e+02,2.290999999999999943e+02
1.569000000000000057e+02,1.620999999999999943e+02,2.359000000000000057e+02
1.568000000000000114e+02,2.111999999999999886e+02,2.586000000000000227e+02
1.780999999999999943e+02,2.070000000000000000e+02,2.620000000000000000e+02
1.803000000000000114e+02,1.724000000000000057e+02,2.390000000000000000e+02
1.935000000000000000e+02,1.750000000000000000e+02,2.333000000000000114e+02
2.500999999999999943e+02,2.168000000000000114e+02,1.983000000000000114e+02
2.444000000000000057e+02,1.781999999999999886e+02,2.210000000000000000e+02
2.420000000000000000e+02,1.845999999999999943e+02,2.314000000000000057e+02
2.431999999999999886e+02,1.651999999999999886e+02,2.429000000000000057e+02
2.421999999999999886e+02,1.610000000000000000e+02,2.961999999999999886e+02
2.055000000000000000e+02,2.015999999999999943e+02,2.513000000000000114e+02
2.663000000000000114e+02,2.018000000000000114e+02,2.900000000000000000e+02
2.535000000000000000e+02,2.310000000000000000e+02,2.810000000000000000e+02
2.504000000000000057e+02,2.406999999999999886e+02,2.505000000000000000e+02
2.633999999999999773e+02,2.315999999999999943e+02,2.606000000000000227e+02
2.295000000000000000e+02,2.424000000000000057e+02,2.415999999999999943e+02
2.391999999999999886e+02,2.315999999999999943e+02,2.461999999999999886e+02
2.230000000000000000e+02,2.201999999999999886e+02,2.495999999999999943e+02
2.525000000000000000e+02,1.814000000000000057e+02,2.264000000000000057e+02
2.415000000000000000e+02,2.005000000000000000e+02,2.280000000000000000e+02
2.549000000000000057e+02,2.253000000000000114e+02,2.335999999999999943e+02
2.364000000000000057e+02,1.925999999999999943e+02,2.295000000000000000e+02
2.213000000000000114e+02,1.716999999999999886e+02,2.398000000000000114e+02
2.291999999999999886e+02,1.508000000000000114e+02,2.186999999999999886e+02
2.340999999999999943e+02,1.713000000000000114e+02,2.298000000000000114e+02
2.534000000000000057e+02,1.713000000000000114e+02,2.226999999999999886e+02
2.238000000000000114e+02,1.805000000000000000e+02,2.573999999999999773e+02
2.341999999999999886e+02,1.770999999999999943e+02,2.623999999999999773e+02
2.486999999999999886e+02,1.289000000000000057e+02,2.423000000000000114e+02
2.378000000000000114e+02,1.618000000000000114e+02,2.524000000000000057e+02
2.401999999999999886e+02,1.530999999999999943e+02,2.491999999999999886e+02
2.289000000000000057e+02,1.739000000000000057e+02,2.768000000000000114e+02
2.046999999999999886e+02,1.783000000000000114e+02,2.531999999999999886e+02
2.071999999999999886e+02,1.803000000000000114e+02,2.530999999999999943e+02
2.109000000000000057e+02,1.985999999999999943e+02,2.710000000000000000e+02
1.968000000000000114e+02,1.725999999999999943e+02,2.618000000000000114e+02
1.679000000000000057e+02,1.695999999999999943e+02,2.220999999999999943e+02
1.964000000000000057e+02,1.366999999999999886e+02,2.054000000000000057e+02
1.610999999999999943e+02,1.493000000000000114e+02,1.925999999999999943e+02
1.620000000000000000e+02,1.385000000000000000e+02,2.333000000000000114e+02
1.494000000000000057e+02,1.077000000000000028e+02,1.944000000000000057e+02
1.286999999999999886e+02,1.022000000000000028e+02,1.815999999999999943e+02
1.356999999999999886e+02,1.145000000000000000e+02,1.743000000000000114e+02
1.318000000000000114e+02,1.440000000000000000e+02,1.585999999999999943e+02
1.275999999999999943e+02,1.160999999999999943e+02,1.374000000000000057e+02
1.187000000000000028e+02,1.155000000000000000e+02,1.348000000000000114e+02
1.175999999999999943e+02,1.007999999999999972e+02,1.379000000000000057e+02
1.115999999999999943e+02,1.182999999999999972e+02,1.358000000000000114e+02
1.107999999999999972e+02,9.690000000000000568e+01,1.305000000000000000e+02
1.054000000000000057e+02,8.909999999999999432e+01,1.335999999999999943e+02
1.045000000000000000e+02,9.940000000000000568e+01,1.363000000000000114e+02
9.840000000000000568e+01,1.005000000000000000e+02,1.325000000000000000e+02
1.010000000000000000e+02,1.154000000000000057e+02,1.275000000000000000e+02
1.024000000000000057e+02,1.010999999999999943e+02,1.430999999999999943e+02
9.690000000000000568e+01,1.164000000000000057e+02,1.635000000000000000e+02
1.015000000000000000e+02,1.127999999999999972e+02,1.664000000000000057e+02
1.020000000000000000e+02,1.160000000000000000e+02,1.490999999999999943e+02
9.970000000000000284e+01,1.050999999999999943e+02,1.565000000000000000e+02
1.015000000000000000e+02,9.729999999999999716e+01,1.393000000000000114e+02
1.077999999999999972e+02,9.600000000000000000e+01,1.368000000000000114e+02
1.139000000000000057e+02,9.170000000000000284e+01,1.360000000000000000e+02
9.700000000000000000e+01,8.590000000000000568e+01,1.420000000000000000e+02
9.909999999999999432e+01,7.550000000000000000e+01,1.257000000000000028e+02
9.920000000000000284e+01,9.700000000000000000e+01,1.217000000000000028e+02
9.690000000000000568e+01,7.809999999999999432e+01,1.245000000000000000e+02
9.500000000000000000e+01,9.620000000000000284e+01,1.169000000000000057e+02
1.032999999999999972e+02,8.040000000000000568e+01,1.413000000000000114e+02
1.045000000000000000e+02,8.220000000000000284e+01,1.192999999999999972e+02
1.014000000000000057e+02,8.600000000000000000e+01,1.074000000000000057e+02
9.840000000000000568e+01,8.079999999999999716e+01,1.293000000000000114e+02
1.042000000000000028e+02,8.609999999999999432e+01,1.510000000000000000e+02
9.950000000000000000e+01,7.320000000000000284e+01,1.431999999999999886e+02
1.197000000000000028e+02,9.370000000000000284e+01,1.167000000000000028e+02
9.640000000000000568e+01,8.070000000000000284e+01,1.112999999999999972e+02
9.079999999999999716e+01,8.440000000000000568e+01,1.127999999999999972e+02
9.140000000000000568e+01,9.420000000000000284e+01,1.329000000000000057e+02
9.740000000000000568e+01,9.270000000000000284e+01,1.350999999999999943e+02
9.200000000000000000e+01,8.379999999999999716e+01,1.380000000000000000e+02
9.179999999999999716e+01,7.959999999999999432e+01,1.355000000000000000e+02
1.027999999999999972e+02,1.075000000000000000e+02,1.398000000000000114e+02
9.409999999999999432e+01,8.850000000000000000e+01,1.277999999999999972e+02
1.075000000000000000e+02,9.390000000000000568e+01,1.299000000000000057e+02
1.060999999999999943e+02,1.242999999999999972e+02,1.167000000000000028e+02
9.740000000000000568e+01,1.152000000000000028e+02,1.180999999999999943e+02
1.145999999999999943e+02,1.210000000000000000e+02,1.240000000000000000e+02
1.085000000000000000e+02,1.272999999999999972e+02,1.301999999999999886e+02
1.259000000000000057e+02,1.335000000000000000e+02,1.308000000000000114e+02
1.395999999999999943e+02,1.165000000000000000e+02,1.510000000000000000e+02
1.294000000000000057e+02,1.681999999999999886e+02,1.519000000000000057e+02
1.568000000000000114e+02,1.640999999999999943e+02,1.338000000000000114e+02
1.575999999999999943e+02,1.595000000000000000e+02,1.368000000000000114e+02
1.400000000000000000e+02,1.264000000000000057e+02,1.696999999999999886e+02
1.458000000000000114e+02,1.498000000000000114e+02,1.948000000000000114e+02
1.748000000000000114e+02,1.305000000000000000e+02,2.190000000000000000e+02
2.213000000000000114e+02,1.130999999999999943e+02,1.990000000000000000e+02
1.729000000000000057e+02,1.533000000000000114e+02,1.940999999999999943e+02
1.916999999999999886e+02,1.450999999999999943e+02,1.994000000000000057e+02
1.830000000000000000e+02,1.498000000000000114e+02,1.966999999999999886e+02
1.578000000000000114e+02,1.538000000000000114e+02,1.836999999999999886e+02
1.458000000000000114e+02,1.764000000000000057e+02,1.611999999999999886e+02
1.526999999999999886e+02,1.334000000000000057e+02,1.826999999999999886e+02
1.279000000000000057e+02,1.490000000000000000e+02,1.720999999999999943e+02
1.299000000000000057e+02,1.390999999999999943e+02,1.910999999999999943e+02
1.310000000000000000e+02,1.340999999999999943e+02,1.885999999999999943e+02
1.846999999999999886e+02,1.145000000000000000e+02,2.300000000000000000e+02
2.110999999999999943e+02,1.285000000000000000e+02,2.170000000000000000e+02
1.950000000000000000e+02,1.355000000000000000e+02,2.154000000000000057e+02
1.475999999999999943e+02,1.239000000000000057e+02,1.900999999999999943e+02
1.701999999999999886e+02,1.398000000000000114e+02,1.855000000000000000e+02
1.794000000000000057e+02,1.129000000000000057e+02,2.265000000000000000e+02
1.780999999999999943e+02,1.290000000000000000e+02,2.038000000000000114e+02
1.545000000000000000e+02,1.464000000000000057e+02,1.664000000000000057e+02
1.341999999999999886e+02,1.783000000000000114e+02,2.009000000000000057e+02
1.681999999999999886e+02,1.734000000000000057e+02,1.925000000000000000e+02
1.836999999999999886e+02,1.149000000000000057e+02,1.905000000000000000e+02
1.474000000000000057e+02,1.350999999999999943e+02,2.026999999999999886e+02
1.573000000000000114e+02,1.323000000000000114e+02,2.020000000000000000e+02
1.439000000000000057e+02,1.524000000000000057e+02,1.895000000000000000e+02
1.579000000000000057e+02,1.543000000000000114e+02,1.789000000000000057e+02
1.491999999999999886e+02,1.486999999999999886e+02,1.945000000000000000e+02
1.458000000000000114e+02,1.745999999999999943e+02,1.805000000000000000e+02
1.724000000000000057e+02,1.585999999999999943e+02,1.936999999999999886e+02
1.646999999999999886e+02,1.580999999999999943e+02,1.813000000000000114e+02
1.498000000000000114e+02,1.495000000000000000e+02,2.215999999999999943e+02
1.675000000000000000e+02,1.601999999999999886e+02,2.129000000000000057e+02
1.421999999999999886e+02,1.539000000000000057e+02,2.089000000000000057e+02
1.765999999999999943e+02,1.610999999999999943e+02,2.128000000000000114e+02
1.526999999999999886e+02,1.474000000000000057e+02,2.454000000000000057e+02
1.701999999999999886e+02,1.559000000000000057e+02,2.113000000000000114e+02
1.631999999999999886e+02,1.541999999999999886e+02,2.066999999999999886e+02
1.634000000000000057e+02,1.418000000000000114e+02,2.229000000000000057e+02
1.810999999999999943e+02,1.579000000000000057e+02,2.454000000000000057e+02
1.696999999999999886e+02,1.669000000000000057e+02,2.364000000000000057e+02
1.933000000000000114e+02,1.609000000000000057e+02,2.521999999999999886e+02
1.610000000000000000e+02,1.531999999999999886e+02,2.174000000000000057e+02
1.768000000000000114e+02,2.090999999999999943e+02,2.636999999999999886e+02
1.705999999999999943e+02,1.974000000000000057e+02,2.581999999999999886e+02
1.954000000000000057e+02,1.590999999999999943e+02,2.486999999999999886e+02
1.878000000000000114e+02,1.481999999999999886e+02,2.440000000000000000e+02
1.744000000000000057e+02,1.343000000000000114e+02,2.136999999999999886e+02
1.591999999999999886e+02,1.480999999999999943e+02,2.016999999999999886e+02
1.578000000000000114e+02,1.756999999999999886e+02,2.245999999999999943e+02
1.946999999999999886e+02,1.446999999999999886e+02,2.404000000000000057e+02
1.993000000000000114e+02,1.478000000000000114e+02,2.390999999999999943e+02
2.095000000000000000e+02,1.486999999999999886e+02,2.375000000000000000e+02
2.139000000000000057e+02,1.845000000000000000e+02,2.848999999999999773e+02
1.979000000000000057e+02,1.774000000000000057e+02,2.391999999999999886e+02
2.204000000000000057e+02,1.690000000000000000e+02,2.470999999999999943e+02
1.973000000000000114e+02,1.825000000000000000e+02,2.528000000000000114e+02
1.951999999999999886e+02,1.949000000000000057e+02,2.658999999999999773e+02
2.369000000000000057e+02,2.405000000000000000e+02,3.018000000000000114e+02
2.148000000000000114e+02,1.996999999999999886e+02,2.803999999999999773e+02
2.249000000000000057e+02,2.180999999999999943e+02,2.641999999999999886e+02
2.485999999999999943e+02,2.073000000000000114e+02,2.598999999999999773e+02
2.708000000000000114e+02,1.989000000000000057e+02,2.188000000000000114e+02
2.681999999999999886e+02,1.964000000000000057e+02,2.550000000000000000e+02
2.480000000000000000e+02,2.110999999999999943e+02,2.846999999999999886e+02
2.218000000000000114e+02,2.445999999999999943e+02,2.480000000000000000e+02
2.169000000000000057e+02,2.425000000000000000e+02,2.243000000000000114e+02
2.070999999999999943e+02,2.360999999999999943e+02,2.115000000000000000e+02
2.360999999999999943e+02,2.315000000000000000e+02,2.340000000000000000e+02
2.126999999999999886e+02,2.353000000000000114e+02,2.231999999999999886e+02
2.260000000000000000e+02,2.390000000000000000e+02,2.473000000000000114e+02
2.195000000000000000e+02,2.334000000000000057e+02,2.643000000000000114e+02
2.155999999999999943e+02,1.933000000000000114e+02,2.636000000000000227e+02
2.109000000000000057e+02,1.851999999999999886e+02,2.544000000000000057e+02
1.770000000000000000e+02,1.590000000000000000e+02,2.790000000000000000e+02
2.059000000000000057e+02,1.715000000000000000e+02,2.541999999999999886e+02
2.165999999999999943e+02,1.570000000000000000e+02,2.591999999999999886e+02
2.171999999999999886e+02,1.663000000000000114e+02,2.465000000000000000e+02
2.430000000000000000e+02,1.774000000000000057e+02,2.446999999999999886e+02
1.860999999999999943e+02,1.646999999999999886e+02,2.301999999999999886e+02
2.106999999999999886e+02,2.156999999999999886e+02,2.656000000000000227e+02
1.779000000000000057e+02,2.023000000000000114e+02,2.258000000000000114e+02
1.859000000000000057e+02,1.908000000000000114e+02,2.785000000000000000e+02
2.030000000000000000e+02,1.741999999999999886e+02,2.738999999999999773e+02
2.154000000000000057e+02,1.618000000000000114e+02,2.788999999999999773e+02
1.839000000000000057e+02,1.720000000000000000e+02,2.658999999999999773e+02
1.975000000000000000e+02,1.684000000000000057e+02,2.623000000000000114e+02
1.773000000000000114e+02,1.796999999999999886e+02,2.299000000000000057e+02
1.580000000000000000e+02,1.740000000000000000e+02,2.230999999999999943e+02
1.404000000000000057e+02,1.666999999999999886e+02,2.249000000000000057e+02
1.380000000000000000e+02,1.308000000000000114e+02,1.915999999999999943e+02
1.696999999999999886e+02,1.454000000000000057e+02,1.915000000000000000e+02
1.406999999999999886e+02,1.288000000000000114e+02,2.000000000000000000e+02
1.321999999999999886e+02,1.455000000000000000e+02,1.788000000000000114e+02
1.132999999999999972e+02,1.235999999999999943e+02,1.686999999999999886e+02
1.112000000000000028e+02,1.114000000000000057e+02,1.591999999999999886e+02
1.150999999999999943e+02,1.037999999999999972e+02,1.549000000000000057e+02
1.125000000000000000e+02,1.000999999999999943e+02,1.580999999999999943e+02
1.286999999999999886e+02,1.065000000000000000e+02,1.690999999999999943e+02
1.444000000000000057e+02,8.570000000000000284e+01,1.413000000000000114e+02
1.329000000000000057e+02,1.207000000000000028e+02,1.364000000000000057e+02
1.410000000000000000e+02,8.359999999999999432e+01,1.360000000000000000e+02
1.405999999999999943e+02,8.640000000000000568e+01,1.162999999999999972e+02
1.376999999999999886e+02,1.017999999999999972e+02,1.252000000000000028e+02
1.370999999999999943e+02,8.890000000000000568e+01,1.270000000000000000e+02
1.348000000000000114e+02,9.620000000000000284e+01,1.365000000000000000e+02
1.375000000000000000e+02,9.420000000000000284e+01,1.490000000000000000e+02
1.395000000000000000e+02,1.090000000000000000e+02,1.631999999999999886e+02
1.381999999999999886e+02,1.080000000000000000e+02,1.528000000000000114e+02
1.309000000000000057e+02,1.029000000000000057e+02,1.365000000000000000e+02
1.284000000000000057e+02,1.057999999999999972e+02,1.288000000000000114e+02
1.252999999999999972e+02,7.250000000000000000e+01,1.400000000000000000e+02
1.230999999999999943e+02,8.250000000000000000e+01,1.380999999999999943e+02
1.280999999999999943e+02,7.959999999999999432e+01,1.335999999999999943e+02
1.313000000000000114e+02,8.970000000000000284e+01,1.330999999999999943e+02
1.293000000000000114e+02,8.520000000000000284e+01,1.274000000000000057e+02
1.264000000000000057e+02,7.679999999999999716e+01,1.117000000000000028e+02
1.255000000000000000e+02,8.429999999999999716e+01,1.129000000000000057e+02
1.240000000000000000e+02,7.179999999999999716e+01,1.205999999999999943e+02
1.288000000000000114e+02,9.890000000000000568e+01,1.179000000000000057e+02
1.175999999999999943e+02,8.559999999999999432e+01,1.127999999999999972e+02
1.155999999999999943e+02,9.940000000000000568e+01,1.070999999999999943e+02
1.202999999999999972e+02,8.029999999999999716e+01,1.127999999999999972e+02
1.117999999999999972e+02,8.279999999999999716e+01,1.090999999999999943e+02
1.092999999999999972e+02,8.609999999999999432e+01,1.095999999999999943e+02
1.057999999999999972e+02,7.809999999999999432e+01,1.040000000000000000e+02
9.659999999999999432e+01,8.690000000000000568e+01,1.180000000000000000e+02
9.409999999999999432e+01,7.379999999999999716e+01,1.280000000000000000e+02
9.940000000000000568e+01,9.829999999999999716e+01,1.165999999999999943e+02
9.400000000000000000e+01,8.109999999999999432e+01,1.204000000000000057e+02
9.459999999999999432e+01,8.209999999999999432e+01,1.200000000000000000e+02
9.859999999999999432e+01,9.459999999999999432e+01,1.152999999999999972e+02
9.820000000000000284e+01,8.709999999999999432e+01,1.285999999999999943e+02
9.690000000000000568e+01,8.979999999999999716e+01,1.434000000000000057e+02
9.850000000000000000e+01,9.159999999999999432e+01,1.296999999999999886e+02
1.020000000000000000e+02,9.400000000000000000e+01,1.242000000000000028e+02
1.295000000000000000e+02,8.670000000000000284e+01,1.259000000000000057e+02
1.142999999999999972e+02,1.087000000000000028e+02,1.200000000000000000e+02
1.242000000000000028e+02,1.205000000000000000e+02,1.331999999999999886e+02
1.418000000000000114e+02,1.549000000000000057e+02,1.415000000000000000e+02
1.190000000000000000e+02,1.689000000000000057e+02,1.330999999999999943e+02
1.374000000000000057e+02,1.124000000000000057e+02,1.674000000000000057e+02
1.664000000000000057e+02,1.325999999999999943e+02,1.685999999999999943e+02
1.413000000000000114e+02,1.295000000000000000e+02,1.870999999999999943e+02
1.550000000000000000e+02,1.112000000000000028e+02,2.035999999999999943e+02
1.621999999999999886e+02,1.142000000000000028e+02,2.451999999999999886e+02
1.894000000000000057e+02,1.022000000000000028e+02,1.500999999999999943e+02
1.663000000000000114e+02,9.500000000000000000e+01,1.844000000000000057e+02
1.217000000000000028e+02,1.326999999999999886e+02,1.945999999999999943e+02
1.375000000000000000e+02,1.610000000000000000e+02,2.013000000000000114e+02
1.389000000000000057e+02,2.014000000000000057e+02,2.625000000000000000e+02
1.566999999999999886e+02,1.723000000000000114e+02,1.890999999999999943e+02
1.428000000000000114e+02,1.365000000000000000e+02,1.940000000000000000e+02
1.409000000000000057e+02,1.318000000000000114e+02,2.095000000000000000e+02
1.370999999999999943e+02,1.235999999999999943e+02,1.938000000000000114e+02
1.566999999999999886e+02,1.570000000000000000e+02,1.983000000000000114e+02
1.314000000000000057e+02,1.435999999999999943e+02,1.810000000000000000e+02
1.315000000000000000e+02,1.471999999999999886e+02,1.885000000000000000e+02
1.570000000000000000e+02,1.600999999999999943e+02,1.820000000000000000e+02
1.855999999999999943e+02,1.468000000000000114e+02,2.020000000000000000e+02
1.918000000000000114e+02,1.463000000000000114e+02,2.209000000000000057e+02
1.749000000000000057e+02,1.644000000000000057e+02,1.819000000000000057e+02
1.669000000000000057e+02,1.681999999999999886e+02,2.275000000000000000e+02
1.498000000000000114e+02,1.923000000000000114e+02,1.869000000000000057e+02
1.440999999999999943e+02,1.581999999999999886e+02,1.876999999999999886e+02
1.368000000000000114e+02,1.928000000000000114e+02,2.086999999999999886e+02
1.606999999999999886e+02,1.854000000000000057e+02,2.388000000000000114e+02
1.635000000000000000e+02,1.673000000000000114e+02,2.178000000000000114e+02
1.430000000000000000e+02,1.665999999999999943e+02,2.140999999999999943e+02
1.343000000000000114e+02,1.644000000000000057e+02,2.145999999999999943e+02
1.450000000000000000e+02,1.759000000000000057e+02,2.310999999999999943e+02
1.645999999999999943e+02,1.830999999999999943e+02,2.125999999999999943e+02
1.515999999999999943e+02,1.845999999999999943e+02,1.930999999999999943e+02
1.753000000000000114e+02,1.538000000000000114e+02,1.863000000000000114e+02
2.005999999999999943e+02,2.103000000000000114e+02,1.764000000000000057e+02
1.820999999999999943e+02,1.735999999999999943e+02,1.759000000000000057e+02
1.530000000000000000e+02,1.428000000000000114e+02,1.631999999999999886e+02
1.380000000000000000e+02,1.666999999999999886e+02,1.638000000000000114e+02
1.345999999999999943e+02,1.645000000000000000e+02,1.605000000000000000e+02
1.489000000000000057e+02,1.553000000000000114e+02,1.778000000000000114e+02
1.361999999999999886e+02,1.806999999999999886e+02,2.046999999999999886e+02
1.551999999999999886e+02,1.705999999999999943e+02,2.439000000000000057e+02
1.481999999999999886e+02,1.726999999999999886e+02,2.265000000000000000e+02
1.363000000000000114e+02,1.544000000000000057e+02,2.525000000000000000e+02
1.393000000000000114e+02,1.430999999999999943e+02,2.736000000000000227e+02
1.900000000000000000e+02,1.655999999999999943e+02,2.608000000000000114e+02
2.044000000000000057e+02,1.625000000000000000e+02,2.350000000000000000e+02
1.960999999999999943e+02,1.690999999999999943e+02,2.241999999999999886e+02
1.795999999999999943e+02,1.620000000000000000e+02,2.085000000000000000e+02
1.600000000000000000e+02,1.410999999999999943e+02,2.200000000000000000e+02
1.625000000000000000e+02,1.510000000000000000e+02,2.040000000000000000e+02
1.790000000000000000e+02,1.750999999999999943e+02,2.151999999999999886e+02
2.185999999999999943e+02,1.950000000000000000e+02,2.736999999999999886e+02
1.931999999999999886e+02,1.819000000000000057e+02,2.366999999999999886e+02
1.811999999999999886e+02,1.826999999999999886e+02,2.533000000000000114e+02
1.783000000000000114e+02,1.930999999999999943e+02,2.385999999999999943e+02
1.699000000000000057e+02,1.746999999999999886e+02,2.326999999999999886e+02
1.744000000000000057e+02,1.751999999999999886e+02,2.408000000000000114e+02
2.003000000000000114e+02,1.645999999999999943e+02,2.298000000000000114e+02
1.885999999999999943e+02,1.728000000000000114e+02,2.068000000000000114e+02
2.081999999999999886e+02,1.694000000000000057e+02,2.249000000000000057e+02
1.888000000000000114e+02,1.540000000000000000e+02,2.265999999999999943e+02
2.033000000000000114e+02,1.694000000000000057e+02,2.259000000000000057e+02
1.914000000000000057e+02,1.825000000000000000e+02,2.185999999999999943e+02
2.236999999999999886e+02,2.284000000000000057e+02,2.510999999999999943e+02
2.658000000000000114e+02,2.175000000000000000e+02,3.000000000000000000e+02
2.381999999999999886e+02,2.456999999999999886e+02,3.191999999999999886e+02
2.510999999999999943e+02,2.064000000000000057e+02,2.971999999999999886e+02
2.495000000000000000e+02,2.010999999999999943e+02,2.551999999999999886e+02
2.485000000000000000e+02,1.935999999999999943e+02,2.603999999999999773e+02
2.470000000000000000e+02,2.184000000000000057e+02,2.716999999999999886e+02
2.241999999999999886e+02,2.056999999999999886e+02,2.389000000000000057e+02
1.940000000000000000e+02,1.919000000000000057e+02,2.181999999999999886e+02
1.805000000000000000e+02,1.776999999999999886e+02,2.343000000000000114e+02
1.894000000000000057e+02,1.600000000000000000e+02,2.391999999999999886e+02
1.791999999999999886e+02,1.663000000000000114e+02,2.439000000000000057e+02
1.816999999999999886e+02,1.740999999999999943e+02,2.415000000000000000e+02
1.915999999999999943e+02,1.998000000000000114e+02,2.540000000000000000e+02
2.490000000000000000e+02,1.665999999999999943e+02,2.563000000000000114e+02
2.605000000000000000e+02,1.519000000000000057e+02,2.781999999999999886e+02
2.484000000000000057e+02,1.740000000000000000e+02,2.800000000000000000e+02
2.210999999999999943e+02,1.965999999999999943e+02,2.474000000000000057e+02
1.908000000000000114e+02,1.833000000000000114e+02,2.265000000000000000e+02
2.203000000000000114e+02,1.850000000000000000e+02,2.398000000000000114e+02
1.810999999999999943e+02,1.633000000000000114e+02,2.873999999999999773e+02
1.724000000000000057e+02,1.639000000000000057e+02,2.731000000000000227e+02
1.795000000000000000e+02,1.625000000000000000e+02,2.364000000000000057e+02
1.639000000000000057e+02,1.645999999999999943e+02,2.890000000000000000e+02
1.819000000000000057e+02,1.688000000000000114e+02,2.936000000000000227e+02
1.759000000000000057e+02,1.390000000000000000e+02,2.500000000000000000e+02
1.840999999999999943e+02,1.530000000000000000e+02,2.035999999999999943e+02
2.113000000000000114e+02,1.495000000000000000e+02,2.118000000000000114e+02
1.980999999999999943e+02,1.555999999999999943e+02,1.953000000000000114e+02
1.631999999999999886e+02,1.470000000000000000e+02,1.843000000000000114e+02
1.545000000000000000e+02,1.280999999999999943e+02,1.784000000000000057e+02
1.433000000000000114e+02,1.301999999999999886e+02,1.784000000000000057e+02
1.524000000000000057e+02,1.395999999999999943e+02,2.608000000000000114e+02
1.470000000000000000e+02,1.277000000000000028e+02,1.789000000000000057e+02
1.481999999999999886e+02,1.112000000000000028e+02,1.915000000000000000e+02
1.316999999999999886e+02,1.544000000000000057e+02,1.438000000000000114e+02
1.320999999999999943e+02,1.062000000000000028e+02,1.325999999999999943e+02
1.400999999999999943e+02,9.870000000000000284e+01,1.523000000000000114e+02
1.280000000000000000e+02,1.069000000000000057e+02,1.620000000000000000e+02
1.368000000000000114e+02,9.750000000000000000e+01,1.388000000000000114e+02
1.279000000000000057e+02,1.112000000000000028e+02,1.523000000000000114e+02
1.115999999999999943e+02,1.345000000000000000e+02,1.443000000000000114e+02
1.094000000000000057e+02,1.364000000000000057e+02,1.293000000000000114e+02
1.192000000000000028e+02,1.493000000000000114e+02,1.272000000000000028e+02
1.180999999999999943e+02,1.494000000000000057e+02,1.299000000000000057e+02
1.075000000000000000e+02,1.333000000000000114e+02,1.444000000000000057e+02
1.092999999999999972e+02,1.373000000000000114e+02,1.494000000000000057e+02
1.167999999999999972e+02,1.500999999999999943e+02,1.560999999999999943e+02
1.125000000000000000e+02,1.376999999999999886e+02,1.546999999999999886e+02
1.149000000000000057e+02,1.162000000000000028e+02,1.610999999999999943e+02
1.122000000000000028e+02,9.859999999999999432e+01,1.393000000000000114e+02
1.075999999999999943e+02,8.320000000000000284e+01,1.200000000000000000e+02
1.037999999999999972e+02,9.340000000000000568e+01,1.298000000000000114e+02
1.064000000000000057e+02,8.100000000000000000e+01,1.350000000000000000e+02
1.034000000000000057e+02,9.159999999999999432e+01,1.195000000000000000e+02
1.032999999999999972e+02,9.459999999999999432e+01,1.323000000000000114e+02
9.650000000000000000e+01,7.440000000000000568e+01,1.281999999999999886e+02
1.009000000000000057e+02,8.509999999999999432e+01,1.348000000000000114e+02
9.850000000000000000e+01,8.709999999999999432e+01,1.097000000000000028e+02
9.540000000000000568e+01,7.840000000000000568e+01,1.310999999999999943e+02
9.450000000000000000e+01,1.020000000000000000e+02,1.174000000000000057e+02
9.529999999999999716e+01,9.159999999999999432e+01,1.122999999999999972e+02
9.870000000000000284e+01,8.100000000000000000e+01,1.182999999999999972e+02
9.840000000000000568e+01,9.820000000000000284e+01,1.122000000000000028e+02
1.054000000000000057e+02,9.020000000000000284e+01,1.159000000000000057e+02
1.057000000000000028e+02,8.079999999999999716e+01,1.187999999999999972e+02
1.045000000000000000e+02,8.640000000000000568e+01,1.145000000000000000e+02
1.012999999999999972e+02,7.700000000000000000e+01,1.185000000000000000e+02
1.055999999999999943e+02,8.359999999999999432e+01,1.294000000000000057e+02
1.117999999999999972e+02,8.659999999999999432e+01,1.335999999999999943e+02
1.004000000000000057e+02,8.059999999999999432e+01,1.466999999999999886e+02
1.154000000000000057e+02,9.109999999999999432e+01,1.700999999999999943e+02
9.720000000000000284e+01,9.590000000000000568e+01,1.416999999999999886e+02
1.100999999999999943e+02,9.770000000000000284e+01,1.559000000000000057e+02
1.047999999999999972e+02,9.529999999999999716e+01,1.420000000000000000e+02
9.800000000000000000e+01,1.007000000000000028e+02,1.350999999999999943e+02
1.062999999999999972e+02,1.127999999999999972e+02,1.395000000000000000e+02
1.137999999999999972e+02,1.533000000000000114e+02,1.425000000000000000e+02
1.169000000000000057e+02,1.436999999999999886e+02,1.705999999999999943e+02
1.400999999999999943e+02,1.154000000000000057e+02,1.813000000000000114e+02
1.494000000000000057e+02,8.620000000000000284e+01,1.540000000000000000e+02
1.979000000000000057e+02,1.485000000000000000e+02,1.566999999999999886e+02
1.455000000000000000e+02,1.304000000000000057e+02,1.635000000000000000e+02
1.380999999999999943e+02,1.510000000000000000e+02,1.525999999999999943e+02
1.300999999999999943e+02,1.595000000000000000e+02,1.624000000000000057e+02
1.446999999999999886e+02,1.345999999999999943e+02,1.776999999999999886e+02
1.460999999999999943e+02,1.465000000000000000e+02,2.100999999999999943e+02
1.578000000000000114e+02,1.165999999999999943e+02,2.239000000000000057e+02
1.654000000000000057e+02,1.406999999999999886e+02,2.096999999999999886e+02
1.650999999999999943e+02,1.863000000000000114e+02,2.044000000000000057e+02
1.575000000000000000e+02,1.569000000000000057e+02,2.359000000000000057e+02
1.698000000000000114e+02,1.486999999999999886e+02,2.456999999999999886e+02
1.330000000000000000e+02,1.279000000000000057e+02,2.270000000000000000e+02
1.666999999999999886e+02,1.873000000000000114e+02,2.465999999999999943e+02
1.815999999999999943e+02,1.649000000000000057e+02,2.421999999999999886e+02
1.828000000000000114e+02,1.640999999999999943e+02,2.204000000000000057e+02
1.764000000000000057e+02,1.187999999999999972e+02,2.320999999999999943e+02
1.775000000000000000e+02,1.152000000000000028e+02,2.293000000000000114e+02
1.423000000000000114e+02,1.134000000000000057e+02,1.864000000000000057e+02
1.378000000000000114e+02,1.314000000000000057e+02,1.749000000000000057e+02
1.630000000000000000e+02,1.663000000000000114e+02,2.151999999999999886e+02
1.728000000000000114e+02,1.570999999999999943e+02,2.076999999999999886e+02
1.703000000000000114e+02,1.470000000000000000e+02,1.930999999999999943e+02
1.640999999999999943e+02,1.656999999999999886e+02,2.150000000000000000e+02
1.705000000000000000e+02,1.519000000000000057e+02,2.073000000000000114e+02
1.586999999999999886e+02,1.720000000000000000e+02,2.054000000000000057e+02
1.574000000000000057e+02,1.725000000000000000e+02,2.350000000000000000e+02
1.666999999999999886e+02,1.546999999999999886e+02,1.905999999999999943e+02
1.860999999999999943e+02,1.479000000000000057e+02,1.943000000000000114e+02
1.811999999999999886e+02,1.785000000000000000e+02,2.316999999999999886e+02
1.598000000000000114e+02,1.601999999999999886e+02,1.990999999999999943e+02
1.739000000000000057e+02,1.740000000000000000e+02,2.180000000000000000e+02
1.624000000000000057e+02,1.683000000000000114e+02,1.985000000000000000e+02
1.540999999999999943e+02,1.554000000000000057e+02,1.645999999999999943e+02
1.883000000000000114e+02,1.428000000000000114e+02,1.791999999999999886e+02
1.928000000000000114e+02,1.558000000000000114e+02,1.815999999999999943e+02
1.640999999999999943e+02,1.635999999999999943e+02,1.764000000000000057e+02
1.505999999999999943e+02,1.463000000000000114e+02,1.875999999999999943e+02
1.486999999999999886e+02,1.549000000000000057e+02,2.180999999999999943e+02
1.588000000000000114e+02,1.576999999999999886e+02,1.935000000000000000e+02
1.548000000000000114e+02,1.463000000000000114e+02,1.644000000000000057e+02
1.588000000000000114e+02,1.350000000000000000e+02,1.629000000000000057e+02
1.589000000000000057e+02,1.583000000000000114e+02,1.800000000000000000e+02
1.453000000000000114e+02,1.600000000000000000e+02,1.829000000000000057e+02
1.584000000000000057e+02,1.558000000000000114e+02,1.945000000000000000e+02
1.749000000000000057e+02,1.528000000000000114e+02,2.328000000000000114e+02
1.304000000000000057e+02,1.540000000000000000e+02,2.240999999999999943e+02
1.410999999999999943e+02,1.635999999999999943e+02,2.429000000000000057e+02
1.569000000000000057e+02,1.754000000000000057e+02,2.064000000000000057e+02
1.640000000000000000e+02,1.761999999999999886e+02,1.969000000000000057e+02
1.485000000000000000e+02,1.550999999999999943e+02,2.018000000000000114e+02
1.610999999999999943e+02,1.603000000000000114e+02,2.553000000000000114e+02
1.700999999999999943e+02,1.869000000000000057e+02,2.513000000000000114e+02
1.694000000000000057e+02,1.585999999999999943e+02,2.086999999999999886e+02
1.896999999999999886e+02,1.605000000000000000e+02,2.015000000000000000e+02
1.851999999999999886e+02,1.759000000000000057e+02,2.273000000000000114e+02
1.931999999999999886e+02,1.846999999999999886e+02,2.830000000000000000e+02
1.930000000000000000e+02,1.658000000000000114e+02,2.615000000000000000e+02
2.056999999999999886e+02,1.513000000000000114e+02,2.214000000000000057e+02
1.955999999999999943e+02,1.543000000000000114e+02,2.098000000000000114e+02
2.059000000000000057e+02,1.518000000000000114e+02,2.229000000000000057e+02
2.116999999999999886e+02,1.764000000000000057e+02,2.280999999999999943e+02
2.070000000000000000e+02,1.718000000000000114e+02,2.349000000000000057e+02
2.095999999999999943e+02,1.825000000000000000e+02,2.196999999999999886e+02
2.365999999999999943e+02,1.935999999999999943e+02,2.596000000000000227e+02
2.486999999999999886e+02,2.191999999999999886e+02,2.773999999999999773e+02
2.250000000000000000e+02,2.321999999999999886e+02,2.638999999999999773e+02
2.404000000000000057e+02,2.289000000000000057e+02,2.478000000000000114e+02
2.753000000000000114e+02,2.078000000000000114e+02,2.968000000000000114e+02
2.524000000000000057e+02,2.169000000000000057e+02,3.075000000000000000e+02
2.336999999999999886e+02,2.136999999999999886e+02,2.768999999999999773e+02
1.973000000000000114e+02,1.880000000000000000e+02,2.460999999999999943e+02
2.133000000000000114e+02,1.606999999999999886e+02,2.773000000000000114e+02
2.114000000000000057e+02,1.735999999999999943e+02,2.495000000000000000e+02
2.158000000000000114e+02,1.725999999999999943e+02,2.565000000000000000e+02
2.114000000000000057e+02,1.669000000000000057e+02,2.310000000000000000e+02
2.121999999999999886e+02,1.859000000000000057e+02,2.571000000000000227e+02
1.946999999999999886e+02,1.460999999999999943e+02,2.201999999999999886e+02
2.094000000000000057e+02,1.485000000000000000e+02,2.240000000000000000e+02
2.256999999999999886e+02,1.463000000000000114e+02,2.246999999999999886e+02
2.100000000000000000e+02,1.546999999999999886e+02,2.220999999999999943e+02
2.180000000000000000e+02,1.800999999999999943e+02,2.401999999999999886e+02
1.961999999999999886e+02,1.528000000000000114e+02,2.380999999999999943e+02
1.904000000000000057e+02,1.434000000000000057e+02,2.873000000000000114e+02
2.060000000000000000e+02,1.705000000000000000e+02,2.528000000000000114e+02
2.005000000000000000e+02,1.610000000000000000e+02,2.618999999999999773e+02
1.870000000000000000e+02,1.535000000000000000e+02,2.499000000000000057e+02
2.053000000000000114e+02,1.578000000000000114e+02,2.156999999999999886e+02
2.133000000000000114e+02,1.470999999999999943e+02,2.135000000000000000e+02
2.034000000000000057e+02,1.424000000000000057e+02,2.193000000000000114e+02
2.170999999999999943e+02,1.426999999999999886e+02,2.060999999999999943e+02
1.993000000000000114e+02,1.693000000000000114e+02,2.160000000000000000e+02
1.751999999999999886e+02,1.589000000000000057e+02,2.050000000000000000e+02
2.049000000000000057e+02,1.575000000000000000e+02,1.995000000000000000e+02
2.026999999999999886e+02,1.583000000000000114e+02,2.361999999999999886e+02
1.831999999999999886e+02,1.390999999999999943e+02,2.314000000000000057e+02
1.474000000000000057e+02,1.290999999999999943e+02,2.089000000000000057e+02
1.420999999999999943e+02,1.234000000000000057e+02,1.858000000000000114e+02
1.360000000000000000e+02,1.225999999999999943e+02,1.754000000000000057e+02
1.348000000000000114e+02,1.162999999999999972e+02,1.830999999999999943e+02
1.749000000000000057e+02,1.165000000000000000e+02,2.059000000000000057e+02
1.886999999999999886e+02,1.090999999999999943e+02,1.608000000000000114e+02
2.095999999999999943e+02,1.057999999999999972e+02,1.739000000000000057e+02
1.970999999999999943e+02,1.102999999999999972e+02,1.560000000000000000e+02
2.214000000000000057e+02,1.202999999999999972e+02,1.606999999999999886e+02
1.960000000000000000e+02,1.030000000000000000e+02,1.769000000000000057e+02
1.761999999999999886e+02,1.070000000000000000e+02,1.595999999999999943e+02
1.731999999999999886e+02,1.127999999999999972e+02,1.511999999999999886e+02
1.998000000000000114e+02,1.075999999999999943e+02,1.423000000000000114e+02
2.076999999999999886e+02,1.087999999999999972e+02,1.496999999999999886e+02
2.116999999999999886e+02,1.286999999999999886e+02,1.645999999999999943e+02
1.999000000000000057e+02,1.232000000000000028e+02,1.569000000000000057e+02
2.000000000000000000e+02,1.184000000000000057e+02,1.591999999999999886e+02
2.026999999999999886e+02,1.157999999999999972e+02,1.560000000000000000e+02
1.981999999999999886e+02,1.109000000000000057e+02,1.445000000000000000e+02
1.906999999999999886e+02,9.729999999999999716e+01,1.413000000000000114e+02
1.960999999999999943e+02,1.012999999999999972e+02,1.410999999999999943e+02
1.986999999999999886e+02,8.450000000000000000e+01,1.384000000000000057e+02
1.950999999999999943e+02,9.309999999999999432e+01,1.217000000000000028e+02
1.995999999999999943e+02,1.004000000000000057e+02,1.400999999999999943e+02
1.944000000000000057e+02,8.740000000000000568e+01,1.353000000000000114e+02
1.910000000000000000e+02,8.470000000000000284e+01,1.435999999999999943e+02
1.948000000000000114e+02,9.229999999999999716e+01,1.324000000000000057e+02
1.875999999999999943e+02,8.190000000000000568e+01,1.212000000000000028e+02
1.904000000000000057e+02,8.159999999999999432e+01,1.145000000000000000e+02
1.898000000000000114e+02,9.190000000000000568e+01,1.260000000000000000e+02
1.880999999999999943e+02,8.329999999999999716e+01,1.167999999999999972e+02
1.923000000000000114e+02,8.559999999999999432e+01,1.325000000000000000e+02
1.891999999999999886e+02,1.022999999999999972e+02,1.257999999999999972e+02
1.761999999999999886e+02,8.829999999999999716e+01,1.298000000000000114e+02
1.578000000000000114e+02,7.920000000000000284e+01,1.144000000000000057e+02
1.536999999999999886e+02,8.820000000000000284e+01,1.199000000000000057e+02
1.538000000000000114e+02,7.929999999999999716e+01,1.152000000000000028e+02
1.483000000000000114e+02,7.720000000000000284e+01,1.114000000000000057e+02
1.418000000000000114e+02,8.200000000000000000e+01,1.160999999999999943e+02
1.381999999999999886e+02,7.240000000000000568e+01,1.249000000000000057e+02
1.289000000000000057e+02,8.279999999999999716e+01,1.165000000000000000e+02
1.199000000000000057e+02,8.870000000000000284e+01,1.230000000000000000e+02
9.720000000000000284e+01,8.020000000000000284e+01,1.217000000000000028e+02
1.289000000000000057e+02,8.190000000000000568e+01,1.129000000000000057e+02
1.304000000000000057e+02,9.790000000000000568e+01,1.195999999999999943e+02
1.035999999999999943e+02,8.279999999999999716e+01,1.400000000000000000e+02
1.050999999999999943e+02,9.690000000000000568e+01,1.703000000000000114e+02
1.040999999999999943e+02,1.035999999999999943e+02,1.593000000000000114e+02
1.190999999999999943e+02,1.097000000000000028e+02,1.270000000000000000e+02
1.259000000000000057e+02,1.306999999999999886e+02,1.283000000000000114e+02
1.321999999999999886e+02,1.480999999999999943e+02,1.225999999999999943e+02
1.197999999999999972e+02,1.155999999999999943e+02,1.286999999999999886e+02
1.220000000000000000e+02,1.240999999999999943e+02,1.514000000000000057e+02
1.152000000000000028e+02,1.192999999999999972e+02,1.488000000000000114e+02
1.366999999999999886e+02,1.182999999999999972e+02,1.769000000000000057e+02
1.290999999999999943e+02,1.215000000000000000e+02,1.763000000000000114e+02
1.385999999999999943e+02,1.326999999999999886e+02,1.659000000000000057e+02
1.490999999999999943e+02,1.334000000000000057e+02,1.386999999999999886e+02
1.925000000000000000e+02,1.584000000000000057e+02,1.786999999999999886e+02
1.724000000000000057e+02,1.371999999999999886e+02,1.778000000000000114e+02
1.680000000000000000e+02,1.450999999999999943e+02,1.630999999999999943e+02
1.766999999999999886e+02,1.615999999999999943e+02,1.765999999999999943e+02
2.071999999999999886e+02,1.550000000000000000e+02,2.040000000000000000e+02
2.269000000000000057e+02,1.406999999999999886e+02,2.340000000000000000e+02
2.205000000000000000e+02,1.413000000000000114e+02,2.105000000000000000e+02
1.981999999999999886e+02,1.424000000000000057e+02,1.780000000000000000e+02
1.745999999999999943e+02,1.680000000000000000e+02,1.716999999999999886e+02
1.615000000000000000e+02,1.520000000000000000e+02,1.909000000000000057e+02
1.645000000000000000e+02,1.391999999999999886e+02,1.995000000000000000e+02
1.986999999999999886e+02,2.056999999999999886e+02,2.105000000000000000e+02
2.235999999999999943e+02,1.739000000000000057e+02,1.908000000000000114e+02
2.274000000000000057e+02,2.059000000000000057e+02,1.984000000000000057e+02
2.189000000000000057e+02,2.101999999999999886e+02,1.715000000000000000e+02
1.990000000000000000e+02,1.801999999999999886e+02,1.908000000000000114e+02
2.163000000000000114e+02,1.709000000000000057e+02,1.913000000000000114e+02
2.134000000000000057e+02,1.741999999999999886e+02,2.144000000000000057e+02
2.193000000000000114e+02,2.000999999999999943e+02,2.378000000000000114e+02
2.370999999999999943e+02,1.753000000000000114e+02,2.225000000000000000e+02
2.080000000000000000e+02,1.915000000000000000e+02,2.239000000000000057e+02
2.150000000000000000e+02,1.656999999999999886e+02,2.358000000000000114e+02
1.940999999999999943e+02,1.775000000000000000e+02,2.534000000000000057e+02
2.303000000000000114e+02,1.965999999999999943e+02,2.561000000000000227e+02
2.173000000000000114e+02,1.500000000000000000e+02,2.881000000000000227e+02
2.016999999999999886e+02,1.450000000000000000e+02,2.545999999999999943e+02
2.153000000000000114e+02,1.505000000000000000e+02,2.423000000000000114e+02
2.018000000000000114e+02,1.590999999999999943e+02,2.106999999999999886e+02
1.919000000000000057e+02,1.803000000000000114e+02,1.883000000000000114e+02
1.930000000000000000e+02,1.459000000000000057e+02,1.916999999999999886e+02
2.026999999999999886e+02,1.838000000000000114e+02,2.325000000000000000e+02
1.829000000000000057e+02,1.489000000000000057e+02,2.220999999999999943e+02
1.665000000000000000e+02,1.376999999999999886e+02,2.073000000000000114e+02
1.960999999999999943e+02,1.571999999999999886e+02,2.150999999999999943e+02
2.054000000000000057e+02,1.664000000000000057e+02,2.100000000000000000e+02
2.111999999999999886e+02,1.449000000000000057e+02,1.995999999999999943e+02
2.176999999999999886e+02,1.701999999999999886e+02,2.195999999999999943e+02
2.356999999999999886e+02,1.674000000000000057e+02,2.330999999999999943e+02
2.041999999999999886e+02,1.684000000000000057e+02,2.125999999999999943e+02
1.641999999999999886e+02,1.606999999999999886e+02,2.338000000000000114e+02
1.765000000000000000e+02,1.388000000000000114e+02,2.471999999999999886e+02
1.855000000000000000e+02,1.558000000000000114e+02,2.195000000000000000e+02
1.766999999999999886e+02,1.434000000000000057e+02,2.218000000000000114e+02
1.695000000000000000e+02,1.560000000000000000e+02,2.275000000000000000e+02
2.143000000000000114e+02,1.525999999999999943e+02,2.548000000000000114e+02
2.075999999999999943e+02,1.668000000000000114e+02,2.309000000000000057e+02
1.765000000000000000e+02,1.272000000000000028e+02,2.375000000000000000e+02
1.765999999999999943e+02,1.381999999999999886e+02,2.750000000000000000e+02
2.125000000000000000e+02,1.365999999999999943e+02,2.623999999999999773e+02
2.505999999999999943e+02,1.339000000000000057e+02,2.460000000000000000e+02
2.213000000000000114e+02,1.415999999999999943e+02,2.413000000000000114e+02
1.995999999999999943e+02,1.591999999999999886e+02,2.480999999999999943e+02
2.093000000000000114e+02,1.750999999999999943e+02,2.488000000000000114e+02
2.385999999999999943e+02,1.799000000000000057e+02,2.215999999999999943e+02
2.390000000000000000e+02,1.970999999999999943e+02,2.573999999999999773e+02
2.403000000000000114e+02,1.933000000000000114e+02,2.833999999999999773e+02
2.458000000000000114e+02,1.995999999999999943e+02,2.648000000000000114e+02
2.573999999999999773e+02,1.873000000000000114e+02,2.515000000000000000e+02
2.570000000000000000e+02,1.838000000000000114e+02,2.646000000000000227e+02
2.711000000000000227e+02,2.068000000000000114e+02,2.388000000000000114e+02
2.340000000000000000e+02,1.631999999999999886e+02,2.285000000000000000e+02
2.180000000000000000e+02,1.689000000000000057e+02,2.586999999999999886e+02
2.050999999999999943e+02,1.695000000000000000e+02,2.796000000000000227e+02
2.134000000000000057e+02,1.656999999999999886e+02,2.700000000000000000e+02
1.981999999999999886e+02,1.658000000000000114e+02,2.911999999999999886e+02
2.053000000000000114e+02,1.711999999999999886e+02,2.260999999999999943e+02
2.119000000000000057e+02,1.370999999999999943e+02,2.020999999999999943e+02
2.268000000000000114e+02,1.911999999999999886e+02,2.293000000000000114e+02
2.508000000000000114e+02,1.486999999999999886e+02,2.338000000000000114e+02
2.186999999999999886e+02,1.490000000000000000e+02,1.944000000000000057e+02
2.073000000000000114e+02,1.410999999999999943e+02,2.005999999999999943e+02
2.059000000000000057e+02,1.210999999999999943e+02,2.070999999999999943e+02
2.128000000000000114e+02,1.309000000000000057e+02,2.369000000000000057e+02
1.995999999999999943e+02,1.272000000000000028e+02,2.375999999999999943e+02
1.951999999999999886e+02,1.125999999999999943e+02,2.578000000000000114e+02
2.004000000000000057e+02,1.450000000000000000e+02,2.651000000000000227e+02
1.946999999999999886e+02,1.395999999999999943e+02,2.174000000000000057e+02
1.659000000000000057e+02,1.214000000000000057e+02,2.055000000000000000e+02
1.584000000000000057e+02,1.189000000000000057e+02,2.084000000000000057e+02
1.576999999999999886e+02,1.329000000000000057e+02,2.148000000000000114e+02
1.631999999999999886e+02,1.515999999999999943e+02,2.030000000000000000e+02
1.605999999999999943e+02,1.570999999999999943e+02,2.091999999999999886e+02
1.738000000000000114e+02,1.187000000000000028e+02,2.270000000000000000e+02
1.820999999999999943e+02,1.205000000000000000e+02,2.041999999999999886e+02
1.790999999999999943e+02,1.047999999999999972e+02,2.065999999999999943e+02
1.880999999999999943e+02,1.358000000000000114e+02,2.145999999999999943e+02
1.621999999999999886e+02,1.267000000000000028e+02,1.813000000000000114e+02
1.703000000000000114e+02,1.122000000000000028e+02,1.648000000000000114e+02
1.626999999999999886e+02,1.383000000000000114e+02,1.748000000000000114e+02
1.415000000000000000e+02,1.152000000000000028e+02,1.506999999999999886e+02
1.545999999999999943e+02,1.035999999999999943e+02,1.473000000000000114e+02
1.269000000000000057e+02,1.012000000000000028e+02,1.399000000000000057e+02
1.199000000000000057e+02,8.979999999999999716e+01,1.295000000000000000e+02
1.132000000000000028e+02,1.002999999999999972e+02,1.195999999999999943e+02
1.142999999999999972e+02,1.022999999999999972e+02,1.363000000000000114e+02
1.080999999999999943e+02,9.700000000000000000e+01,1.391999999999999886e+02
1.230000000000000000e+02,1.149000000000000057e+02,1.443000000000000114e+02
1.355999999999999943e+02,9.659999999999999432e+01,1.259000000000000057e+02
1.235999999999999943e+02,1.062000000000000028e+02,1.309000000000000057e+02
1.114000000000000057e+02,9.770000000000000284e+01,1.350999999999999943e+02
1.057000000000000028e+02,1.007999999999999972e+02,1.424000000000000057e+02
1.104000000000000057e+02,1.142999999999999972e+02,1.460000000000000000e+02
9.929999999999999716e+01,1.044000000000000057e+02,1.505999999999999943e+02
9.520000000000000284e+01,1.042000000000000028e+02,1.500000000000000000e+02
9.640000000000000568e+01,9.400000000000000000e+01,1.379000000000000057e+02
9.600000000000000000e+01,9.070000000000000284e+01,1.430999999999999943e+02
1.010999999999999943e+02,9.979999999999999716e+01,1.436999999999999886e+02
9.850000000000000000e+01,8.900000000000000000e+01,1.334000000000000057e+02
1.047000000000000028e+02,8.570000000000000284e+01,1.289000000000000057e+02
1.097000000000000028e+02,9.150000000000000000e+01,1.260000000000000000e+02
1.084000000000000057e+02,8.600000000000000000e+01,1.167000000000000028e+02
1.040999999999999943e+02,1.027000000000000028e+02,1.182000000000000028e+02
1.000999999999999943e+02,7.809999999999999432e+01,1.230999999999999943e+02
1.000000000000000000e+02,9.379999999999999716e+01,1.172000000000000028e+02
9.800000000000000000e+01,8.609999999999999432e+01,1.130000000000000000e+02
9.740000000000000568e+01,7.900000000000000000e+01,1.120999999999999943e+02
9.870000000000000284e+01,8.750000000000000000e+01,1.192000000000000028e+02
1.027000000000000028e+02,7.670000000000000284e+01,1.127999999999999972e+02
1.029000000000000057e+02,9.190000000000000568e+01,1.242000000000000028e+02
1.005000000000000000e+02,9.470000000000000284e+01,1.212999999999999972e+02
9.970000000000000284e+01,7.540000000000000568e+01,1.390000000000000000e+02
9.979999999999999716e+01,8.550000000000000000e+01,1.331999999999999886e+02
9.550000000000000000e+01,7.290000000000000568e+01,1.134000000000000057e+02
9.779999999999999716e+01,8.400000000000000000e+01,1.185999999999999943e+02
9.059999999999999432e+01,7.440000000000000568e+01,1.094000000000000057e+02
9.470000000000000284e+01,7.440000000000000568e+01,1.250000000000000000e+02
9.159999999999999432e+01,7.929999999999999716e+01,1.262000000000000028e+02
1.035999999999999943e+02,7.340000000000000568e+01,1.104000000000000057e+02
1.030000000000000000e+02,8.740000000000000568e+01,1.240999999999999943e+02
1.019000000000000057e+02,8.109999999999999432e+01,1.152999999999999972e+02
1.045999999999999943e+02,9.250000000000000000e+01,1.242999999999999972e+02
1.100000000000000000e+02,1.252000000000000028e+02,1.465999999999999943e+02
1.174000000000000057e+02,1.194000000000000057e+02,1.659000000000000057e+02
1.245999999999999943e+02,1.255999999999999943e+02,1.843000000000000114e+02
1.254000000000000057e+02,1.084000000000000057e+02,1.475999999999999943e+02
1.210000000000000000e+02,1.122999999999999972e+02,1.335999999999999943e+02
1.200999999999999943e+02,1.002999999999999972e+02,1.340999999999999943e+02
1.274000000000000057e+02,8.720000000000000284e+01,1.651999999999999886e+02
1.343000000000000114e+02,1.120000000000000000e+02,1.481999999999999886e+02
1.316999999999999886e+02,1.157999999999999972e+02,1.601999999999999886e+02
1.420999999999999943e+02,1.174000000000000057e+02,1.518000000000000114e+02
1.328000000000000114e+02,1.074000000000000057e+02,2.165000000000000000e+02
1.598000000000000114e+02,1.381999999999999886e+02,1.935000000000000000e+02
1.795000000000000000e+02,1.350999999999999943e+02,1.910000000000000000e+02
1.621999999999999886e+02,1.534000000000000057e+02,1.893000000000000114e+02
1.621999999999999886e+02,1.629000000000000057e+02,1.609000000000000057e+02
1.740999999999999943e+02,1.923000000000000114e+02,1.948000000000000114e+02
1.600999999999999943e+02,1.518000000000000114e+02,1.944000000000000057e+02
1.815999999999999943e+02,1.485999999999999943e+02,2.260999999999999943e+02
2.058000000000000114e+02,1.645000000000000000e+02,2.520000000000000000e+02
1.895999999999999943e+02,1.620000000000000000e+02,2.049000000000000057e+02
1.933000000000000114e+02,1.439000000000000057e+02,1.700000000000000000e+02
1.901999999999999886e+02,1.990999999999999943e+02,2.140000000000000000e+02
1.840000000000000000e+02,1.701999999999999886e+02,2.170000000000000000e+02
1.825000000000000000e+02,1.604000000000000057e+02,2.108000000000000114e+02
2.188000000000000114e+02,1.715000000000000000e+02,2.305000000000000000e+02
2.376999999999999886e+02,1.621999999999999886e+02,2.093000000000000114e+02
2.170999999999999943e+02,1.464000000000000057e+02,2.091999999999999886e+02
2.210000000000000000e+02,1.345999999999999943e+02,2.235999999999999943e+02
2.060000000000000000e+02,1.395000000000000000e+02,2.135999999999999943e+02
1.978000000000000114e+02,1.834000000000000057e+02,1.933000000000000114e+02
2.288000000000000114e+02,1.321999999999999886e+02,2.501999999999999886e+02
2.234000000000000057e+02,1.563000000000000114e+02,2.435999999999999943e+02
2.030000000000000000e+02,1.378000000000000114e+02,2.148000000000000114e+02
1.789000000000000057e+02,1.436999999999999886e+02,1.805000000000000000e+02
1.473000000000000114e+02,1.293000000000000114e+02,2.020000000000000000e+02
1.808000000000000114e+02,1.281999999999999886e+02,1.960999999999999943e+02
1.870999999999999943e+02,1.419000000000000057e+02,1.768000000000000114e+02
1.854000000000000057e+02,1.709000000000000057e+02,1.723000000000000114e+02
1.890999999999999943e+02,1.544000000000000057e+02,1.790999999999999943e+02
1.499000000000000057e+02,1.765000000000000000e+02,1.674000000000000057e+02
1.595000000000000000e+02,1.664000000000000057e+02,1.585999999999999943e+02
1.574000000000000057e+02,1.604000000000000057e+02,1.965000000000000000e+02
1.373000000000000114e+02,1.690999999999999943e+02,1.495000000000000000e+02
1.800999999999999943e+02,1.901999999999999886e+02,1.610000000000000000e+02
1.960000000000000000e+02,1.748000000000000114e+02,1.495000000000000000e+02
1.786999999999999886e+02,1.693000000000000114e+02,1.458000000000000114e+02
1.619000000000000057e+02,1.746999999999999886e+02,1.565000000000000000e+02
1.789000000000000057e+02,1.875000000000000000e+02,1.411999999999999886e+02
1.685999999999999943e+02,1.581999999999999886e+02,1.605999999999999943e+02
1.840000000000000000e+02,1.839000000000000057e+02,1.620000000000000000e+02
1.599000000000000057e+02,1.908000000000000114e+02,1.490000000000000000e+02
1.616999999999999886e+02,1.713000000000000114e+02,1.698000000000000114e+02
1.508000000000000114e+02,1.735999999999999943e+02,1.859000000000000057e+02
1.574000000000000057e+02,1.648000000000000114e+02,1.979000000000000057e+02
1.679000000000000057e+02,1.655000000000000000e+02,2.408000000000000114e+02
1.798000000000000114e+02,1.539000000000000057e+02,1.880000000000000000e+02
1.900000000000000000e+02,1.588000000000000114e+02,1.876999999999999886e+02
2.019000000000000057e+02,1.529000000000000057e+02,2.198000000000000114e+02
1.781999999999999886e+02,1.568000000000000114e+02,2.190999999999999943e+02
2.070000000000000000e+02,1.515000000000000000e+02,2.014000000000000057e+02
1.783000000000000114e+02,1.689000000000000057e+02,2.298000000000000114e+02
2.205000000000000000e+02,1.946999999999999886e+02,2.299000000000000057e+02
1.995999999999999943e+02,1.908000000000000114e+02,2.169000000000000057e+02
2.673000000000000114e+02,2.365000000000000000e+02,2.534000000000000057e+02
2.505999999999999943e+02,2.048000000000000114e+02,2.411999999999999886e+02
2.301999999999999886e+02,2.301999999999999886e+02,2.281999999999999886e+02
2.260000000000000000e+02,2.059000000000000057e+02,2.675000000000000000e+02
2.068000000000000114e+02,1.968000000000000114e+02,2.328000000000000114e+02
2.150999999999999943e+02,2.390999999999999943e+02,3.096999999999999886e+02
2.445000000000000000e+02,2.363000000000000114e+02,2.611000000000000227e+02
2.778999999999999773e+02,2.436999999999999886e+02,2.251999999999999886e+02
2.385999999999999943e+02,2.520999999999999943e+02,2.796999999999999886e+02
2.458000000000000114e+02,2.200999999999999943e+02,2.768000000000000114e+02
2.261999999999999886e+02,1.754000000000000057e+02,2.398000000000000114e+02
2.410000000000000000e+02,1.560000000000000000e+02,2.826999999999999886e+02
2.770000000000000000e+02,1.956999999999999886e+02,2.838000000000000114e+02
2.505000000000000000e+02,1.784000000000000057e+02,2.475999999999999943e+02
1.970999999999999943e+02,1.759000000000000057e+02,2.174000000000000057e+02
1.840999999999999943e+02,1.859000000000000057e+02,2.645000000000000000e+02
1.805000000000000000e+02,1.934000000000000057e+02,2.628000000000000114e+02
1.948000000000000114e+02,1.581999999999999886e+02,2.430999999999999943e+02
2.128000000000000114e+02,1.660000000000000000e+02,2.350999999999999943e+02
2.016999999999999886e+02,2.140000000000000000e+02,2.289000000000000057e+02
2.379000000000000057e+02,2.085000000000000000e+02,2.658999999999999773e+02
2.206999999999999886e+02,2.105999999999999943e+02,2.403000000000000114e+02
2.188000000000000114e+02,1.679000000000000057e+02,2.531999999999999886e+02
2.089000000000000057e+02,2.248000000000000114e+02,2.365000000000000000e+02
2.166999999999999886e+02,1.935000000000000000e+02,2.485999999999999943e+02
2.006999999999999886e+02,1.629000000000000057e+02,2.210000000000000000e+02
1.575999999999999943e+02,1.619000000000000057e+02,1.985999999999999943e+02
1.570000000000000000e+02,1.401999999999999886e+02,2.284000000000000057e+02
1.636999999999999886e+02,1.456999999999999886e+02,2.064000000000000057e+02
1.660000000000000000e+02,1.519000000000000057e+02,2.244000000000000057e+02
1.561999999999999886e+02,1.549000000000000057e+02,2.010000000000000000e+02
1.668000000000000114e+02,1.434000000000000057e+02,2.083000000000000114e+02
1.749000000000000057e+02,1.224000000000000057e+02,2.051999999999999886e+02
1.683000000000000114e+02,1.112000000000000028e+02,2.431999999999999886e+02
1.331999999999999886e+02,1.200000000000000000e+02,2.148000000000000114e+02
1.376999999999999886e+02,1.134000000000000057e+02,1.996999999999999886e+02
1.486999999999999886e+02,1.097999999999999972e+02,2.129000000000000057e+02
1.355999999999999943e+02,1.077999999999999972e+02,2.033000000000000114e+02
1.152999999999999972e+02,9.659999999999999432e+01,1.560000000000000000e+02
1.170000000000000000e+02,1.070999999999999943e+02,1.541999999999999886e+02
1.179000000000000057e+02,9.509999999999999432e+01,1.534000000000000057e+02
1.090999999999999943e+02,9.629999999999999716e+01,1.481999999999999886e+02
1.044000000000000057e+02,8.920000000000000284e+01,1.820999999999999943e+02
1.075000000000000000e+02,8.790000000000000568e+01,1.396999999999999886e+02
1.109000000000000057e+02,9.720000000000000284e+01,1.291999999999999886e+02
1.115000000000000000e+02,1.092999999999999972e+02,1.295000000000000000e+02
1.077999999999999972e+02,1.338000000000000114e+02,1.303000000000000114e+02
1.047000000000000028e+02,1.315000000000000000e+02,1.235999999999999943e+02
1.040000000000000000e+02,1.369000000000000057e+02,1.252000000000000028e+02
9.909999999999999432e+01,1.449000000000000057e+02,1.485999999999999943e+02
1.220999999999999943e+02,1.320999999999999943e+02,1.606999999999999886e+02
1.229000000000000057e+02,1.455000000000000000e+02,1.530000000000000000e+02
1.045000000000000000e+02,1.474000000000000057e+02,1.523000000000000114e+02
9.770000000000000284e+01,1.300999999999999943e+02,1.441999999999999886e+02
9.579999999999999716e+01,1.400999999999999943e+02,1.480999999999999943e+02
9.909999999999999432e+01,1.284000000000000057e+02,1.351999999999999886e+02
9.970000000000000284e+01,1.235000000000000000e+02,1.320999999999999943e+02
1.000000000000000000e+02,1.124000000000000057e+02,1.212000000000000028e+02
1.017000000000000028e+02,1.229000000000000057e+02,1.240999999999999943e+02
1.002000000000000028e+02,1.237000000000000028e+02,1.380000000000000000e+02
1.012999999999999972e+02,1.280999999999999943e+02,1.147000000000000028e+02
1.040999999999999943e+02,1.366999999999999886e+02,1.245000000000000000e+02
1.032000000000000028e+02,1.135000000000000000e+02,1.344000000000000057e+02
9.909999999999999432e+01,9.390000000000000568e+01,1.190999999999999943e+02
9.650000000000000000e+01,8.209999999999999432e+01,1.210000000000000000e+02
1.004000000000000057e+02,8.100000000000000000e+01,1.167999999999999972e+02
1.037999999999999972e+02,8.570000000000000284e+01,1.301999999999999886e+02
1.057999999999999972e+02,7.750000000000000000e+01,1.338000000000000114e+02
1.045999999999999943e+02,1.010999999999999943e+02,1.215000000000000000e+02
9.920000000000000284e+01,9.309999999999999432e+01,1.257999999999999972e+02
1.044000000000000057e+02,9.259999999999999432e+01,1.232000000000000028e+02
1.114000000000000057e+02,8.200000000000000000e+01,1.267000000000000028e+02
1.090000000000000000e+02,7.870000000000000284e+01,1.255999999999999943e+02
1.090000000000000000e+02,7.929999999999999716e+01,1.115000000000000000e+02
1.005999999999999943e+02,7.459999999999999432e+01,1.170000000000000000e+02
1.074000000000000057e+02,8.979999999999999716e+01,1.315000000000000000e+02
1.107000000000000028e+02,7.740000000000000568e+01,1.374000000000000057e+02
1.119000000000000057e+02,8.100000000000000000e+01,1.308000000000000114e+02
1.085000000000000000e+02,9.229999999999999716e+01,1.479000000000000057e+02
1.219000000000000057e+02,8.379999999999999716e+01,1.455999999999999943e+02
1.220000000000000000e+02,1.326999999999999886e+02,1.585000000000000000e+02
1.474000000000000057e+02,1.272999999999999972e+02,2.193000000000000114e+02
1.356999999999999886e+02,1.533000000000000114e+02,2.028000000000000114e+02
1.376999999999999886e+02,1.438000000000000114e+02,1.685000000000000000e+02
1.710999999999999943e+02,1.616999999999999886e+02,1.868000000000000114e+02
1.433000000000000114e+02,1.403000000000000114e+02,1.679000000000000057e+02
1.240000000000000000e+02,1.403000000000000114e+02,1.860999999999999943e+02
1.142000000000000028e+02,1.561999999999999886e+02,1.591999999999999886e+02
1.162000000000000028e+02,1.095000000000000000e+02,1.861999999999999886e+02
1.185999999999999943e+02,1.501999999999999886e+02,2.043000000000000114e+02
1.170999999999999943e+02,1.295000000000000000e+02,1.946999999999999886e+02
1.396999999999999886e+02,1.252999999999999972e+02,2.158000000000000114e+02
1.601999999999999886e+02,1.162999999999999972e+02,1.888000000000000114e+02
1.325999999999999943e+02,1.291999999999999886e+02,2.208000000000000114e+02
1.310999999999999943e+02,1.488000000000000114e+02,2.103000000000000114e+02
1.758000000000000114e+02,1.671999999999999886e+02,2.380000000000000000e+02
2.300999999999999943e+02,2.046999999999999886e+02,2.781000000000000227e+02
2.039000000000000057e+02,2.050000000000000000e+02,2.836000000000000227e+02
1.860000000000000000e+02,2.079000000000000057e+02,2.778999999999999773e+02
1.674000000000000057e+02,1.640000000000000000e+02,2.393000000000000114e+02
1.534000000000000057e+02,1.770999999999999943e+02,2.070000000000000000e+02
1.514000000000000057e+02,1.486999999999999886e+02,1.886999999999999886e+02
1.655000000000000000e+02,1.420999999999999943e+02,2.055000000000000000e+02
1.868000000000000114e+02,1.314000000000000057e+02,1.980000000000000000e+02
1.500000000000000000e+02,1.192000000000000028e+02,1.936999999999999886e+02
1.369000000000000057e+02,1.286999999999999886e+02,1.931999999999999886e+02
1.420999999999999943e+02,1.182999999999999972e+02,1.936999999999999886e+02
1.441999999999999886e+02,1.277999999999999972e+02,2.400000000000000000e+02
1.550000000000000000e+02,1.420999999999999943e+02,2.370000000000000000e+02
1.658000000000000114e+02,1.210999999999999943e+02,2.455999999999999943e+02
1.560000000000000000e+02,1.345000000000000000e+02,2.495000000000000000e+02
1.639000000000000057e+02,1.115000000000000000e+02,2.420000000000000000e+02
1.665000000000000000e+02,1.335000000000000000e+02,2.174000000000000057e+02
1.805999999999999943e+02,1.384000000000000057e+02,2.170000000000000000e+02
1.930999999999999943e+02,1.305000000000000000e+02,2.076999999999999886e+02
2.468000000000000114e+02,1.544000000000000057e+02,2.100000000000000000e+02
2.314000000000000057e+02,1.606999999999999886e+02,2.214000000000000057e+02
2.129000000000000057e+02,1.781999999999999886e+02,1.848000000000000114e+02
2.015000000000000000e+02,1.725999999999999943e+02,1.934000000000000057e+02
1.815000000000000000e+02,1.621999999999999886e+02,1.841999999999999886e+02
2.044000000000000057e+02,1.796999999999999886e+02,1.950999999999999943e+02
1.925000000000000000e+02,1.794000000000000057e+02,1.828000000000000114e+02
2.125000000000000000e+02,1.720000000000000000e+02,1.725999999999999943e+02
1.695000000000000000e+02,1.548000000000000114e+02,1.913000000000000114e+02
1.795999999999999943e+02,1.493000000000000114e+02,1.914000000000000057e+02
1.764000000000000057e+02,1.539000000000000057e+02,1.908000000000000114e+02
1.630000000000000000e+02,1.530000000000000000e+02,1.916999999999999886e+02
1.473000000000000114e+02,1.458000000000000114e+02,1.756999999999999886e+02
1.834000000000000057e+02,1.570000000000000000e+02,1.820999999999999943e+02
1.961999999999999886e+02,1.350999999999999943e+02,2.044000000000000057e+02
1.835000000000000000e+02,1.705999999999999943e+02,2.359000000000000057e+02
1.524000000000000057e+02,1.580999999999999943e+02,1.623000000000000114e+02
1.798000000000000114e+02,1.404000000000000057e+02,1.735000000000000000e+02
1.756999999999999886e+02,1.495999999999999943e+02,1.880999999999999943e+02
1.670000000000000000e+02,1.564000000000000057e+02,1.675999999999999943e+02
1.605999999999999943e+02,1.381999999999999886e+02,1.841999999999999886e+02
1.599000000000000057e+02,1.435000000000000000e+02,1.794000000000000057e+02
1.904000000000000057e+02,1.344000000000000057e+02,2.156999999999999886e+02
2.010999999999999943e+02,1.376999999999999886e+02,1.781999999999999886e+02
1.654000000000000057e+02,1.629000000000000057e+02,1.980000000000000000e+02
1.450999999999999943e+02,1.465000000000000000e+02,1.965000000000000000e+02
2.091999999999999886e+02,1.769000000000000057e+02,2.434000000000000057e+02
1.910999999999999943e+02,1.955999999999999943e+02,2.475000000000000000e+02
2.100000000000000000e+02,1.783000000000000114e+02,2.390999999999999943e+02
1.938000000000000114e+02,1.828000000000000114e+02,2.516999999999999886e+02
2.136999999999999886e+02,1.825000000000000000e+02,2.420000000000000000e+02
2.305000000000000000e+02,2.173000000000000114e+02,2.485000000000000000e+02
2.324000000000000057e+02,2.096999999999999886e+02,2.666999999999999886e+02
2.636999999999999886e+02,1.906999999999999886e+02,2.549000000000000057e+02
2.608999999999999773e+02,1.956999999999999886e+02,2.330000000000000000e+02
2.045999999999999943e+02,2.128000000000000114e+02,2.445000000000000000e+02
2.240000000000000000e+02,1.881999999999999886e+02,2.134000000000000057e+02
2.648999999999999773e+02,2.270999999999999943e+02,2.516999999999999886e+02
2.585000000000000000e+02,2.536999999999999886e+02,2.788000000000000114e+02
2.384000000000000057e+02,2.186999999999999886e+02,2.580000000000000000e+02
2.573000000000000114e+02,2.490000000000000000e+02,2.813000000000000114e+02
2.214000000000000057e+02,2.444000000000000057e+02,2.663000000000000114e+02
2.315999999999999943e+02,2.551999999999999886e+02,2.791000000000000227e+02
2.215000000000000000e+02,2.089000000000000057e+02,2.581000000000000227e+02
2.368000000000000114e+02,2.260999999999999943e+02,2.523000000000000114e+02
2.205999999999999943e+02,2.030999999999999943e+02,2.485999999999999943e+02
1.950999999999999943e+02,1.859000000000000057e+02,2.491999999999999886e+02
1.681999999999999886e+02,1.825999999999999943e+02,2.670000000000000000e+02
2.340999999999999943e+02,1.850000000000000000e+02,2.443000000000000114e+02
2.049000000000000057e+02,1.930999999999999943e+02,2.304000000000000057e+02
1.805999999999999943e+02,1.496999999999999886e+02,2.543000000000000114e+02
1.910000000000000000e+02,1.596999999999999886e+02,2.746000000000000227e+02
1.920999999999999943e+02,1.520999999999999943e+02,2.793999999999999773e+02
1.995000000000000000e+02,1.315999999999999943e+02,2.250000000000000000e+02
2.028000000000000114e+02,1.425999999999999943e+02,2.344000000000000057e+02
2.139000000000000057e+02,1.785000000000000000e+02,2.648999999999999773e+02
2.305999999999999943e+02,1.905000000000000000e+02,2.926000000000000227e+02
1.858000000000000114e+02,1.613000000000000114e+02,2.831999999999999886e+02
1.765000000000000000e+02,1.876999999999999886e+02,2.325000000000000000e+02
1.584000000000000057e+02,1.893000000000000114e+02,2.321999999999999886e+02
1.650999999999999943e+02,1.631999999999999886e+02,2.116999999999999886e+02
1.680000000000000000e+02,1.409000000000000057e+02,2.315000000000000000e+02
1.741999999999999886e+02,1.540999999999999943e+02,2.341999999999999886e+02
2.020000000000000000e+02,1.775000000000000000e+02,2.106999999999999886e+02
1.785000000000000000e+02,1.290000000000000000e+02,1.938000000000000114e+02
1.584000000000000057e+02,1.217000000000000028e+02,1.824000000000000057e+02
1.470999999999999943e+02,1.328000000000000114e+02,1.549000000000000057e+02
1.343000000000000114e+02,1.244000000000000057e+02,1.544000000000000057e+02
1.199000000000000057e+02,1.212000000000000028e+02,1.770000000000000000e+02
1.190000000000000000e+02,1.212999999999999972e+02,1.590999999999999943e+02
1.154000000000000057e+02,1.140000000000000000e+02,1.431999999999999886e+02
1.339000000000000057e+02,1.065000000000000000e+02,1.446999999999999886e+02
1.505999999999999943e+02,9.459999999999999432e+01,1.410999999999999943e+02
1.431999999999999886e+02,1.019000000000000057e+02,1.370000000000000000e+02
1.365999999999999943e+02,1.290999999999999943e+02,1.411999999999999886e+02
1.431999999999999886e+02,1.360000000000000000e+02,1.301999999999999886e+02
1.393000000000000114e+02,1.421999999999999886e+02,1.366999999999999886e+02
1.414000000000000057e+02,1.290000000000000000e+02,1.430000000000000000e+02
1.388000000000000114e+02,1.330000000000000000e+02,1.478000000000000114e+02
1.395000000000000000e+02,1.373000000000000114e+02,1.634000000000000057e+02
1.489000000000000057e+02,1.395000000000000000e+02,1.574000000000000057e+02
1.393000000000000114e+02,1.471999999999999886e+02,1.548000000000000114e+02
1.343000000000000114e+02,1.252999999999999972e+02,1.529000000000000057e+02
1.340999999999999943e+02,1.348000000000000114e+02,1.489000000000000057e+02
1.360999999999999943e+02,1.250999999999999943e+02,1.359000000000000057e+02
1.300000000000000000e+02,1.155999999999999943e+02,1.349000000000000057e+02
1.240000000000000000e+02,1.225999999999999943e+02,1.185000000000000000e+02
1.255000000000000000e+02,1.105999999999999943e+02,1.182999999999999972e+02
1.348000000000000114e+02,1.235000000000000000e+02,1.300999999999999943e+02
1.291999999999999886e+02,1.212000000000000028e+02,1.207000000000000028e+02
1.254000000000000057e+02,1.215999999999999943e+02,1.260999999999999943e+02
1.242999999999999972e+02,1.107000000000000028e+02,1.130000000000000000e+02
1.230000000000000000e+02,8.050000000000000000e+01,1.262999999999999972e+02
1.222000000000000028e+02,8.050000000000000000e+01,1.230999999999999943e+02
1.110000000000000000e+02,7.759999999999999432e+01,1.107000000000000028e+02
1.145999999999999943e+02,7.240000000000000568e+01,1.135999999999999943e+02
1.147000000000000028e+02,9.159999999999999432e+01,1.159000000000000057e+02
1.107999999999999972e+02,9.159999999999999432e+01,1.197999999999999972e+02
9.620000000000000284e+01,9.459999999999999432e+01,1.177000000000000028e+02
9.629999999999999716e+01,8.079999999999999716e+01,1.142999999999999972e+02
9.370000000000000284e+01,8.740000000000000568e+01,1.264000000000000057e+02
9.420000000000000284e+01,1.005000000000000000e+02,1.351999999999999886e+02
1.022000000000000028e+02,7.940000000000000568e+01,1.315999999999999943e+02
1.055000000000000000e+02,9.750000000000000000e+01,1.499000000000000057e+02
1.012000000000000028e+02,9.029999999999999716e+01,1.275999999999999943e+02
1.057999999999999972e+02,9.090000000000000568e+01,1.349000000000000057e+02
1.057999999999999972e+02,9.590000000000000568e+01,1.320000000000000000e+02
1.097000000000000028e+02,1.010000000000000000e+02,1.145999999999999943e+02
9.959999999999999432e+01,1.445000000000000000e+02,1.217000000000000028e+02
1.254000000000000057e+02,1.097999999999999972e+02,1.495000000000000000e+02
1.541999999999999886e+02,1.480000000000000000e+02,1.771999999999999886e+02
1.409000000000000057e+02,1.430000000000000000e+02,1.808000000000000114e+02
1.455999999999999943e+02,1.888000000000000114e+02,1.419000000000000057e+02
1.499000000000000057e+02,1.289000000000000057e+02,1.645000000000000000e+02
1.294000000000000057e+02,1.009000000000000057e+02,1.966999999999999886e+02
1.545000000000000000e+02,1.523000000000000114e+02,1.889000000000000057e+02
1.296999999999999886e+02,1.500000000000000000e+02,1.816999999999999886e+02
1.513000000000000114e+02,1.753000000000000114e+02,1.904000000000000057e+02
1.318000000000000114e+02,1.490000000000000000e+02,2.164000000000000057e+02
1.150999999999999943e+02,1.574000000000000057e+02,1.821999999999999886e+02
1.385999999999999943e+02,1.360000000000000000e+02,2.448000000000000114e+02
1.349000000000000057e+02,1.825999999999999943e+02,2.550999999999999943e+02
1.335999999999999943e+02,1.800999999999999943e+02,2.175000000000000000e+02
1.454000000000000057e+02,1.475999999999999943e+02,2.078000000000000114e+02
1.405000000000000000e+02,1.960000000000000000e+02,2.440000000000000000e+02
1.410000000000000000e+02,1.774000000000000057e+02,2.055999999999999943e+02
1.291999999999999886e+02,1.376999999999999886e+02,2.506999999999999886e+02
1.334000000000000057e+02,1.275999999999999943e+02,2.985000000000000000e+02
1.708000000000000114e+02,1.304000000000000057e+02,2.653000000000000114e+02
1.339000000000000057e+02,1.504000000000000057e+02,2.184000000000000057e+02
1.730000000000000000e+02,1.756999999999999886e+02,2.591999999999999886e+02
1.430000000000000000e+02,1.819000000000000057e+02,2.504000000000000057e+02
1.500000000000000000e+02,1.845000000000000000e+02,2.345999999999999943e+02
1.695000000000000000e+02,1.869000000000000057e+02,2.685000000000000000e+02
1.525999999999999943e+02,1.490999999999999943e+02,2.179000000000000057e+02
1.751999999999999886e+02,1.212999999999999972e+02,1.845000000000000000e+02
1.609000000000000057e+02,1.099000000000000057e+02,1.831999999999999886e+02
1.959000000000000057e+02,1.275999999999999943e+02,1.886999999999999886e+02
1.508000000000000114e+02,1.468000000000000114e+02,2.374000000000000057e+02
1.459000000000000057e+02,1.330000000000000000e+02,2.371999999999999886e+02
1.540000000000000000e+02,1.490000000000000000e+02,2.205000000000000000e+02
1.784000000000000057e+02,1.257999999999999972e+02,2.025999999999999943e+02
1.780000000000000000e+02,1.269000000000000057e+02,1.993000000000000114e+02
1.975999999999999943e+02,1.192999999999999972e+02,2.056999999999999886e+02
1.769000000000000057e+02,1.294000000000000057e+02,2.344000000000000057e+02
1.408000000000000114e+02,1.455999999999999943e+02,2.213000000000000114e+02
1.818000000000000114e+02,1.319000000000000057e+02,2.328000000000000114e+02
1.760999999999999943e+02,1.696999999999999886e+02,2.135000000000000000e+02
1.498000000000000114e+02,1.798000000000000114e+02,2.051999999999999886e+02
1.549000000000000057e+02,1.535999999999999943e+02,2.056999999999999886e+02
1.568000000000000114e+02,1.500000000000000000e+02,1.865000000000000000e+02
1.466999999999999886e+02,1.455000000000000000e+02,2.109000000000000057e+02
1.525000000000000000e+02,1.600000000000000000e+02,2.035000000000000000e+02
1.555999999999999943e+02,1.465000000000000000e+02,2.330999999999999943e+02
1.590000000000000000e+02,1.320999999999999943e+02,2.051999999999999886e+02
1.703000000000000114e+02,1.303000000000000114e+02,2.045000000000000000e+02
1.580999999999999943e+02,1.381999999999999886e+02,1.705999999999999943e+02
1.460000000000000000e+02,1.290999999999999943e+02,1.698000000000000114e+02
1.429000000000000057e+02,1.360999999999999943e+02,1.735000000000000000e+02
1.390999999999999943e+02,1.350000000000000000e+02,1.776999999999999886e+02
1.615999999999999943e+02,1.395999999999999943e+02,1.830999999999999943e+02
1.598000000000000114e+02,1.504000000000000057e+02,2.063000000000000114e+02
1.725999999999999943e+02,1.289000000000000057e+02,2.074000000000000057e+02
1.586999999999999886e+02,1.189000000000000057e+02,2.065000000000000000e+02
1.640999999999999943e+02,1.391999999999999886e+02,2.036999999999999886e+02
1.580999999999999943e+02,1.272000000000000028e+02,2.243000000000000114e+02
1.703000000000000114e+02,1.426999999999999886e+02,2.320000000000000000e+02
1.835999999999999943e+02,1.465999999999999943e+02,2.224000000000000057e+02
1.425000000000000000e+02,1.480999999999999943e+02,2.171999999999999886e+02
1.513000000000000114e+02,1.670000000000000000e+02,2.379000000000000057e+02
1.874000000000000057e+02,1.855999999999999943e+02,2.231999999999999886e+02
1.695999999999999943e+02,1.723000000000000114e+02,2.356999999999999886e+02
1.431999999999999886e+02,1.619000000000000057e+02,2.520000000000000000e+02
1.569000000000000057e+02,1.798000000000000114e+02,2.390999999999999943e+02
1.675000000000000000e+02,2.015999999999999943e+02,2.573999999999999773e+02
1.820999999999999943e+02,2.175999999999999943e+02,2.611999999999999886e+02
2.291999999999999886e+02,2.393000000000000114e+02,2.665000000000000000e+02
2.410999999999999943e+02,2.139000000000000057e+02,2.455000000000000000e+02
2.465000000000000000e+02,2.168000000000000114e+02,2.109000000000000057e+02
2.540000000000000000e+02,2.088000000000000114e+02,2.515000000000000000e+02
2.556999999999999886e+02,2.529000000000000057e+02,2.696000000000000227e+02
2.255000000000000000e+02,2.510999999999999943e+02,2.603000000000000114e+02
2.071999999999999886e+02,2.686000000000000227e+02,2.533000000000000114e+02
2.489000000000000057e+02,2.853999999999999773e+02,3.051000000000000227e+02
2.403000000000000114e+02,2.648999999999999773e+02,3.116000000000000227e+02
2.459000000000000057e+02,2.426999999999999886e+02,2.788999999999999773e+02
2.169000000000000057e+02,2.370999999999999943e+02,2.220999999999999943e+02
1.983000000000000114e+02,2.311999999999999886e+02,2.598999999999999773e+02
2.035000000000000000e+02,2.363000000000000114e+02,2.911000000000000227e+02
2.106999999999999886e+02,2.440000000000000000e+02,2.836999999999999886e+02
2.033000000000000114e+02,2.195999999999999943e+02,2.800000000000000000e+02
1.945000000000000000e+02,2.066999999999999886e+02,2.700000000000000000e+02
1.763000000000000114e+02,1.929000000000000057e+02,2.515000000000000000e+02
1.766999999999999886e+02,1.755999999999999943e+02,2.563999999999999773e+02
2.269000000000000057e+02,1.930999999999999943e+02,2.758000000000000114e+02
2.159000000000000057e+02,1.905000000000000000e+02,2.363000000000000114e+02
2.218000000000000114e+02,1.895999999999999943e+02,2.331999999999999886e+02
2.554000000000000057e+02,2.021999999999999886e+02,2.436999999999999886e+02
2.171999999999999886e+02,1.825999999999999943e+02,2.793999999999999773e+02
2.176999999999999886e+02,1.510999999999999943e+02,2.820000000000000000e+02
2.133000000000000114e+02,1.450000000000000000e+02,2.758999999999999773e+02
1.764000000000000057e+02,1.593000000000000114e+02,2.721000000000000227e+02
1.775000000000000000e+02,1.495000000000000000e+02,2.360000000000000000e+02
1.880999999999999943e+02,1.431999999999999886e+02,2.470999999999999943e+02
1.699000000000000057e+02,1.528000000000000114e+02,2.631999999999999886e+02
2.018000000000000114e+02,2.000000000000000000e+02,2.560000000000000000e+02
1.849000000000000057e+02,1.856999999999999886e+02,2.199000000000000057e+02
1.834000000000000057e+02,1.888000000000000114e+02,2.549000000000000057e+02
1.633000000000000114e+02,1.716999999999999886e+02,2.215000000000000000e+02
1.414000000000000057e+02,1.264000000000000057e+02,2.148000000000000114e+02
1.825000000000000000e+02,1.157000000000000028e+02,2.130999999999999943e+02
1.428000000000000114e+02,1.164000000000000057e+02,1.940999999999999943e+02
1.272999999999999972e+02,1.010999999999999943e+02,1.625999999999999943e+02
1.351999999999999886e+02,9.800000000000000000e+01,1.551999999999999886e+02
1.446999999999999886e+02,9.079999999999999716e+01,1.488000000000000114e+02
1.229000000000000057e+02,1.019000000000000057e+02,1.785000000000000000e+02
1.215000000000000000e+02,1.102999999999999972e+02,1.656999999999999886e+02
1.202999999999999972e+02,9.250000000000000000e+01,1.420000000000000000e+02
1.152999999999999972e+02,7.920000000000000284e+01,1.530999999999999943e+02
1.107999999999999972e+02,1.012999999999999972e+02,1.391999999999999886e+02
1.132000000000000028e+02,8.709999999999999432e+01,1.378000000000000114e+02
1.145999999999999943e+02,9.440000000000000568e+01,1.478000000000000114e+02
1.157999999999999972e+02,1.007000000000000028e+02,1.629000000000000057e+02
1.124000000000000057e+02,1.095999999999999943e+02,1.523000000000000114e+02
1.112999999999999972e+02,1.230000000000000000e+02,1.634000000000000057e+02
1.094000000000000057e+02,1.055000000000000000e+02,1.686999999999999886e+02
1.072000000000000028e+02,9.440000000000000568e+01,1.665999999999999943e+02
1.114000000000000057e+02,9.840000000000000568e+01,1.461999999999999886e+02
1.064000000000000057e+02,9.359999999999999432e+01,1.413000000000000114e+02
1.042000000000000028e+02,8.850000000000000000e+01,1.365999999999999943e+02
1.045000000000000000e+02,9.229999999999999716e+01,1.330999999999999943e+02
1.095000000000000000e+02,9.729999999999999716e+01,1.360999999999999943e+02
9.879999999999999716e+01,1.017000000000000028e+02,1.217999999999999972e+02
9.620000000000000284e+01,8.679999999999999716e+01,1.262000000000000028e+02
9.670000000000000284e+01,8.450000000000000000e+01,1.285999999999999943e+02
9.620000000000000284e+01,8.279999999999999716e+01,1.326999999999999886e+02
9.559999999999999432e+01,8.150000000000000000e+01,1.224000000000000057e+02
9.909999999999999432e+01,8.790000000000000568e+01,1.376999999999999886e+02
1.047999999999999972e+02,7.970000000000000284e+01,1.330000000000000000e+02
1.067999999999999972e+02,1.099000000000000057e+02,1.210000000000000000e+02
1.280000000000000000e+02,8.940000000000000568e+01,1.194000000000000057e+02
1.145999999999999943e+02,8.850000000000000000e+01,1.185999999999999943e+02
1.100999999999999943e+02,9.700000000000000000e+01,1.200999999999999943e+02
1.065000000000000000e+02,7.690000000000000568e+01,1.267000000000000028e+02
1.045999999999999943e+02,8.040000000000000568e+01,1.244000000000000057e+02
1.045999999999999943e+02,7.640000000000000568e+01,1.202999999999999972e+02
1.007999999999999972e+02,9.140000000000000568e+01,1.220999999999999943e+02
1.052999999999999972e+02,1.005000000000000000e+02,1.232999999999999972e+02
1.080000000000000000e+02,8.029999999999999716e+01,1.438000000000000114e+02
1.122999999999999972e+02,8.870000000000000284e+01,1.373000000000000114e+02
1.075000000000000000e+02,8.409999999999999432e+01,1.300999999999999943e+02
1.075000000000000000e+02,1.255000000000000000e+02,1.272000000000000028e+02
1.207000000000000028e+02,1.214000000000000057e+02,1.364000000000000057e+02
1.155000000000000000e+02,1.628000000000000114e+02,1.620000000000000000e+02
1.443000000000000114e+02,1.548000000000000114e+02,1.973000000000000114e+02
1.050999999999999943e+02,1.195999999999999943e+02,1.971999999999999886e+02
1.320999999999999943e+02,1.510000000000000000e+02,1.838000000000000114e+02
1.348000000000000114e+02,1.262999999999999972e+02,1.713000000000000114e+02
1.399000000000000057e+02,1.308000000000000114e+02,1.655000000000000000e+02
1.242999999999999972e+02,1.254000000000000057e+02,1.649000000000000057e+02
1.270000000000000000e+02,1.135999999999999943e+02,1.929000000000000057e+02
1.330999999999999943e+02,1.170999999999999943e+02,1.889000000000000057e+02
1.443000000000000114e+02,1.255000000000000000e+02,1.954000000000000057e+02
1.866999999999999886e+02,1.783000000000000114e+02,2.588000000000000114e+02
1.921999999999999886e+02,1.479000000000000057e+02,2.189000000000000057e+02
1.670999999999999943e+02,1.590999999999999943e+02,2.164000000000000057e+02
1.840999999999999943e+02,1.500000000000000000e+02,2.355999999999999943e+02
1.879000000000000057e+02,1.579000000000000057e+02,1.975000000000000000e+02
2.223000000000000114e+02,1.591999999999999886e+02,2.199000000000000057e+02
1.920999999999999943e+02,1.610000000000000000e+02,2.478000000000000114e+02
1.408000000000000114e+02,1.970999999999999943e+02,2.198000000000000114e+02
1.835000000000000000e+02,1.426999999999999886e+02,2.220000000000000000e+02
1.566999999999999886e+02,1.400999999999999943e+02,2.323000000000000114e+02
1.575999999999999943e+02,1.272000000000000028e+02,2.061999999999999886e+02
1.458000000000000114e+02,1.505999999999999943e+02,2.406999999999999886e+02
1.555999999999999943e+02,1.464000000000000057e+02,2.370999999999999943e+02
1.595000000000000000e+02,1.551999999999999886e+02,2.425999999999999943e+02
1.696999999999999886e+02,1.746999999999999886e+02,2.365999999999999943e+02
1.484000000000000057e+02,1.385999999999999943e+02,1.886999999999999886e+02
1.618000000000000114e+02,1.840000000000000000e+02,2.380000000000000000e+02
1.699000000000000057e+02,1.670000000000000000e+02,2.363000000000000114e+02
1.790000000000000000e+02,1.625000000000000000e+02,2.115999999999999943e+02
1.673000000000000114e+02,1.603000000000000114e+02,2.218000000000000114e+02
1.780999999999999943e+02,1.459000000000000057e+02,2.200999999999999943e+02
2.008000000000000114e+02,1.576999999999999886e+02,2.129000000000000057e+02
1.970000000000000000e+02,1.638000000000000114e+02,2.060000000000000000e+02
2.065000000000000000e+02,1.705000000000000000e+02,2.123000000000000114e+02
2.053000000000000114e+02,1.375999999999999943e+02,2.110999999999999943e+02
1.980000000000000000e+02,1.395999999999999943e+02,2.493000000000000114e+02
1.700999999999999943e+02,1.608000000000000114e+02,2.349000000000000057e+02
1.680999999999999943e+02,1.590999999999999943e+02,2.469000000000000057e+02
2.006999999999999886e+02,1.470000000000000000e+02,2.513000000000000114e+02
1.683000000000000114e+02,1.434000000000000057e+02,2.271999999999999886e+02
1.586999999999999886e+02,1.734000000000000057e+02,2.448000000000000114e+02
1.675999999999999943e+02,2.068000000000000114e+02,2.326999999999999886e+02
1.759000000000000057e+02,1.623000000000000114e+02,2.315999999999999943e+02
1.746999999999999886e+02,1.746999999999999886e+02,2.358000000000000114e+02
1.760000000000000000e+02,1.419000000000000057e+02,2.443000000000000114e+02
1.708000000000000114e+02,1.445999999999999943e+02,2.568000000000000114e+02
1.886999999999999886e+02,1.260000000000000000e+02,2.365999999999999943e+02
1.745000000000000000e+02,1.167999999999999972e+02,2.175000000000000000e+02
1.769000000000000057e+02,1.503000000000000114e+02,2.301999999999999886e+02
1.726999999999999886e+02,1.401999999999999886e+02,2.195999999999999943e+02
1.625000000000000000e+02,1.456999999999999886e+02,2.398000000000000114e+02
1.881999999999999886e+02,1.370000000000000000e+02,2.880000000000000000e+02
2.000000000000000000e+02,1.438000000000000114e+02,2.470999999999999943e+02
1.805000000000000000e+02,1.551999999999999886e+02,2.275999999999999943e+02
1.710000000000000000e+02,1.375999999999999943e+02,2.200999999999999943e+02
1.835999999999999943e+02,1.295999999999999943e+02,2.553000000000000114e+02
1.705000000000000000e+02,1.478000000000000114e+02,2.540000000000000000e+02
1.731999999999999886e+02,1.359000000000000057e+02,2.588000000000000114e+02
1.749000000000000057e+02,1.340999999999999943e+02,2.691999999999999886e+02
1.794000000000000057e+02,1.301999999999999886e+02,2.406999999999999886e+02
1.848000000000000114e+02,1.479000000000000057e+02,2.798000000000000114e+02
1.879000000000000057e+02,1.428000000000000114e+02,2.998000000000000114e+02
1.939000000000000057e+02,1.518000000000000114e+02,2.603000000000000114e+02
1.775999999999999943e+02,1.774000000000000057e+02,2.623999999999999773e+02
2.186999999999999886e+02,1.840999999999999943e+02,2.321999999999999886e+02
1.768000000000000114e+02,1.620999999999999943e+02,2.665000000000000000e+02
1.808000000000000114e+02,1.691999999999999886e+02,2.650000000000000000e+02
2.473000000000000114e+02,1.675000000000000000e+02,2.336999999999999886e+02
2.370000000000000000e+02,1.633000000000000114e+02,2.398000000000000114e+02
2.289000000000000057e+02,1.605999999999999943e+02,2.648999999999999773e+02
2.561000000000000227e+02,2.245999999999999943e+02,2.891999999999999886e+02
2.309000000000000057e+02,1.923000000000000114e+02,2.693999999999999773e+02
2.295000000000000000e+02,2.250999999999999943e+02,2.753000000000000114e+02
2.165999999999999943e+02,2.525999999999999943e+02,2.746000000000000227e+02
2.806000000000000227e+02,2.443000000000000114e+02,2.658999999999999773e+02
2.510000000000000000e+02,1.826999999999999886e+02,2.661999999999999886e+02
2.446999999999999886e+02,1.700999999999999943e+02,2.716000000000000227e+02
2.081999999999999886e+02,2.123000000000000114e+02,2.976999999999999886e+02
2.045000000000000000e+02,1.729000000000000057e+02,3.278000000000000114e+02
2.081999999999999886e+02,1.896999999999999886e+02,3.100000000000000000e+02
1.970999999999999943e+02,1.746999999999999886e+02,2.825000000000000000e+02
1.880999999999999943e+02,1.675000000000000000e+02,2.823999999999999773e+02
2.184000000000000057e+02,1.735000000000000000e+02,3.016999999999999886e+02
2.279000000000000057e+02,1.475000000000000000e+02,3.265000000000000000e+02
2.429000000000000057e+02,2.266999999999999886e+02,3.193999999999999773e+02
2.060999999999999943e+02,1.929000000000000057e+02,2.913000000000000114e+02
2.001999999999999886e+02,2.159000000000000057e+02,2.911999999999999886e+02
2.021999999999999886e+02,1.965000000000000000e+02,2.656000000000000227e+02
2.034000000000000057e+02,1.624000000000000057e+02,2.364000000000000057e+02
2.170000000000000000e+02,1.955999999999999943e+02,2.525000000000000000e+02
1.951999999999999886e+02,1.939000000000000057e+02,2.375000000000000000e+02
1.995000000000000000e+02,1.888000000000000114e+02,2.279000000000000057e+02
2.141999999999999886e+02,1.809000000000000057e+02,2.350999999999999943e+02
1.740999999999999943e+02,1.614000000000000057e+02,2.219000000000000057e+02
1.860999999999999943e+02,1.643000000000000114e+02,2.248000000000000114e+02
1.784000000000000057e+02,1.665000000000000000e+02,1.961999999999999886e+02
1.724000000000000057e+02,1.546999999999999886e+02,2.013000000000000114e+02
1.624000000000000057e+02,1.311999999999999886e+02,2.646000000000000227e+02
1.571999999999999886e+02,1.385999999999999943e+02,2.200000000000000000e+02
1.590000000000000000e+02,1.187000000000000028e+02,2.275999999999999943e+02
1.951999999999999886e+02,1.451999999999999886e+02,2.543000000000000114e+02
1.605999999999999943e+02,1.426999999999999886e+02,2.304000000000000057e+02
1.350999999999999943e+02,1.454000000000000057e+02,1.966999999999999886e+02
1.420999999999999943e+02,1.318000000000000114e+02,1.820999999999999943e+02
1.316999999999999886e+02,1.154000000000000057e+02,1.676999999999999886e+02
1.139000000000000057e+02,1.010000000000000000e+02,1.555999999999999943e+02
1.242999999999999972e+02,1.022999999999999972e+02,1.416999999999999886e+02
1.345000000000000000e+02,9.900000000000000000e+01,1.395000000000000000e+02
1.388000000000000114e+02,9.570000000000000284e+01,1.340000000000000000e+02
1.376999999999999886e+02,9.879999999999999716e+01,1.340000000000000000e+02
1.336999999999999886e+02,9.659999999999999432e+01,1.305000000000000000e+02
1.473000000000000114e+02,1.044000000000000057e+02,1.275999999999999943e+02
1.521999999999999886e+02,9.029999999999999716e+01,1.308000000000000114e+02
1.555999999999999943e+02,9.800000000000000000e+01,1.540999999999999943e+02
1.463000000000000114e+02,1.025000000000000000e+02,1.455999999999999943e+02
1.413000000000000114e+02,1.074000000000000057e+02,1.504000000000000057e+02
1.431999999999999886e+02,1.135999999999999943e+02,1.528000000000000114e+02
1.366999999999999886e+02,8.829999999999999716e+01,1.580000000000000000e+02
1.250999999999999943e+02,9.790000000000000568e+01,1.525999999999999943e+02
1.242999999999999972e+02,8.979999999999999716e+01,1.321999999999999886e+02
1.326999999999999886e+02,1.007999999999999972e+02,1.356999999999999886e+02
1.290999999999999943e+02,9.240000000000000568e+01,1.473000000000000114e+02
1.272000000000000028e+02,1.064000000000000057e+02,1.385000000000000000e+02
1.275000000000000000e+02,9.770000000000000284e+01,1.260000000000000000e+02
1.320999999999999943e+02,8.229999999999999716e+01,1.262999999999999972e+02
1.290999999999999943e+02,8.440000000000000568e+01,1.232999999999999972e+02
1.279000000000000057e+02,7.450000000000000000e+01,1.192999999999999972e+02
1.262999999999999972e+02,8.120000000000000284e+01,1.295999999999999943e+02
1.184000000000000057e+02,7.679999999999999716e+01,1.389000000000000057e+02
1.255000000000000000e+02,8.950000000000000000e+01,1.309000000000000057e+02
1.195000000000000000e+02,7.470000000000000284e+01,1.365999999999999943e+02
1.281999999999999886e+02,8.340000000000000568e+01,1.185999999999999943e+02
1.323000000000000114e+02,8.329999999999999716e+01,1.275000000000000000e+02
1.305999999999999943e+02,7.979999999999999716e+01,1.150999999999999943e+02
1.145999999999999943e+02,7.859999999999999432e+01,1.175000000000000000e+02
1.174000000000000057e+02,8.270000000000000284e+01,1.320999999999999943e+02
1.137000000000000028e+02,9.150000000000000000e+01,1.626999999999999886e+02
1.090000000000000000e+02,9.459999999999999432e+01,1.625999999999999943e+02
9.770000000000000284e+01,9.359999999999999432e+01,1.433000000000000114e+02
1.055999999999999943e+02,8.309999999999999432e+01,1.316999999999999886e+02
1.072000000000000028e+02,9.040000000000000568e+01,1.315000000000000000e+02
1.155000000000000000e+02,8.259999999999999432e+01,1.394000000000000057e+02
1.172999999999999972e+02,8.579999999999999716e+01,1.275000000000000000e+02
9.100000000000000000e+01,1.067999999999999972e+02,1.227000000000000028e+02
1.034000000000000057e+02,1.242999999999999972e+02,1.288000000000000114e+02
1.077999999999999972e+02,1.099000000000000057e+02,1.350999999999999943e+02
1.042999999999999972e+02,1.229000000000000057e+02,1.280000000000000000e+02
1.473000000000000114e+02,1.257999999999999972e+02,1.553000000000000114e+02
1.290000000000000000e+02,9.800000000000000000e+01,1.565000000000000000e+02
1.421999999999999886e+02,1.671999999999999886e+02,1.840000000000000000e+02
1.611999999999999886e+02,1.535000000000000000e+02,1.556999999999999886e+02
1.369000000000000057e+02,1.354000000000000057e+02,1.358000000000000114e+02
1.232999999999999972e+02,1.335999999999999943e+02,1.603000000000000114e+02
1.259000000000000057e+02,1.117000000000000028e+02,1.746999999999999886e+02
1.445000000000000000e+02,1.436999999999999886e+02,1.959000000000000057e+02
1.561999999999999886e+02,1.237000000000000028e+02,1.935999999999999943e+02
1.210000000000000000e+02,1.286999999999999886e+02,1.965000000000000000e+02
1.471999999999999886e+02,1.311999999999999886e+02,1.635000000000000000e+02
1.820000000000000000e+02,1.639000000000000057e+02,2.049000000000000057e+02
1.940000000000000000e+02,2.080000000000000000e+02,2.230000000000000000e+02
1.901999999999999886e+02,1.755999999999999943e+02,2.554000000000000057e+02
1.905999999999999943e+02,1.905999999999999943e+02,2.520999999999999943e+02
1.679000000000000057e+02,1.453000000000000114e+02,2.038000000000000114e+02
1.793000000000000114e+02,1.500999999999999943e+02,2.260000000000000000e+02
1.731999999999999886e+02,1.390999999999999943e+02,1.729000000000000057e+02
1.465000000000000000e+02,1.320999999999999943e+02,2.178000000000000114e+02
1.264000000000000057e+02,1.639000000000000057e+02,2.358000000000000114e+02
1.345999999999999943e+02,1.288000000000000114e+02,2.525999999999999943e+02
1.636999999999999886e+02,1.384000000000000057e+02,2.036999999999999886e+02
1.585999999999999943e+02,1.878000000000000114e+02,1.933000000000000114e+02
2.080999999999999943e+02,1.635999999999999943e+02,2.111999999999999886e+02
2.015000000000000000e+02,1.574000000000000057e+02,1.760000000000000000e+02
1.863000000000000114e+02,1.618000000000000114e+02,1.899000000000000057e+02
1.736999999999999886e+02,1.569000000000000057e+02,2.375000000000000000e+02
2.131999999999999886e+02,1.795000000000000000e+02,2.530999999999999943e+02
2.231999999999999886e+02,1.513000000000000114e+02,2.225999999999999943e+02
2.013000000000000114e+02,1.545000000000000000e+02,2.240000000000000000e+02
1.743000000000000114e+02,1.495999999999999943e+02,2.424000000000000057e+02
1.963000000000000114e+02,1.599000000000000057e+02,2.368000000000000114e+02
2.138000000000000114e+02,1.544000000000000057e+02,1.719000000000000057e+02
2.126999999999999886e+02,1.460999999999999943e+02,1.765000000000000000e+02
1.708000000000000114e+02,1.478000000000000114e+02,1.900999999999999943e+02
1.788000000000000114e+02,1.580000000000000000e+02,1.943000000000000114e+02
1.633000000000000114e+02,1.565999999999999943e+02,1.823000000000000114e+02
1.986999999999999886e+02,1.550999999999999943e+02,1.731999999999999886e+02
1.555000000000000000e+02,1.648000000000000114e+02,1.674000000000000057e+02
1.749000000000000057e+02,1.576999999999999886e+02,2.055000000000000000e+02
1.730000000000000000e+02,1.523000000000000114e+02,1.755999999999999943e+02
1.771999999999999886e+02,1.650999999999999943e+02,1.856999999999999886e+02
1.654000000000000057e+02,1.635999999999999943e+02,1.673000000000000114e+02
1.875999999999999943e+02,1.620999999999999943e+02,1.675999999999999943e+02
1.773000000000000114e+02,1.360999999999999943e+02,1.846999999999999886e+02
1.645999999999999943e+02,1.385000000000000000e+02,1.951999999999999886e+02
1.780999999999999943e+02,1.355999999999999943e+02,2.175999999999999943e+02
2.081999999999999886e+02,1.361999999999999886e+02,1.855999999999999943e+02
2.005000000000000000e+02,1.473000000000000114e+02,2.194000000000000057e+02
1.760000000000000000e+02,1.340999999999999943e+02,1.976999999999999886e+02
1.660999999999999943e+02,1.381999999999999886e+02,2.140999999999999943e+02
1.530999999999999943e+02,1.311999999999999886e+02,1.814000000000000057e+02
1.745999999999999943e+02,1.180000000000000000e+02,1.684000000000000057e+02
1.939000000000000057e+02,1.277999999999999972e+02,2.046999999999999886e+02
1.900999999999999943e+02,1.573000000000000114e+02,2.020999999999999943e+02
1.974000000000000057e+02,1.776999999999999886e+02,2.070999999999999943e+02
1.973000000000000114e+02,1.459000000000000057e+02,2.460999999999999943e+02
2.505000000000000000e+02,1.548000000000000114e+02,2.455999999999999943e+02
2.110000000000000000e+02,1.635000000000000000e+02,2.405999999999999943e+02
1.945000000000000000e+02,1.584000000000000057e+02,2.464000000000000057e+02
2.000999999999999943e+02,1.845999999999999943e+02,2.459000000000000057e+02
2.106999999999999886e+02,1.838000000000000114e+02,2.666999999999999886e+02
2.200000000000000000e+02,2.079000000000000057e+02,2.871999999999999886e+02
2.100000000000000000e+02,1.836999999999999886e+02,2.696000000000000227e+02
2.200000000000000000e+02,1.679000000000000057e+02,2.761000000000000227e+02
2.058000000000000114e+02,1.649000000000000057e+02,3.243000000000000114e+02
2.746999999999999886e+02,1.395999999999999943e+02,3.138999999999999773e+02
2.761000000000000227e+02,1.410000000000000000e+02,2.681000000000000227e+02
2.490000000000000000e+02,1.670000000000000000e+02,2.825000000000000000e+02
2.398000000000000114e+02,1.856999999999999886e+02,2.241999999999999886e+02
2.399000000000000057e+02,1.766999999999999886e+02,2.658999999999999773e+02
2.791999999999999886e+02,2.010000000000000000e+02,2.254000000000000057e+02
2.518000000000000114e+02,1.809000000000000057e+02,2.394000000000000057e+02
2.638999999999999773e+02,1.619000000000000057e+02,2.283000000000000114e+02
1.995000000000000000e+02,1.631999999999999886e+02,2.418000000000000114e+02
2.026999999999999886e+02,1.975999999999999943e+02,2.820000000000000000e+02
1.900999999999999943e+02,1.785999999999999943e+02,2.555000000000000000e+02
1.585000000000000000e+02,1.645999999999999943e+02,2.401999999999999886e+02
1.820999999999999943e+02,1.874000000000000057e+02,2.581000000000000227e+02
1.989000000000000057e+02,1.970000000000000000e+02,2.558000000000000114e+02
2.245000000000000000e+02,2.230999999999999943e+02,2.751000000000000227e+02
2.430999999999999943e+02,1.856999999999999886e+02,2.846000000000000227e+02
2.250999999999999943e+02,1.974000000000000057e+02,2.761999999999999886e+02
2.488000000000000114e+02,2.238000000000000114e+02,2.436999999999999886e+02
2.715000000000000000e+02,2.025999999999999943e+02,2.159000000000000057e+02
2.369000000000000057e+02,2.020000000000000000e+02,2.310000000000000000e+02
2.281999999999999886e+02,2.146999999999999886e+02,2.338000000000000114e+02
2.285999999999999943e+02,2.314000000000000057e+02,2.435999999999999943e+02
2.321999999999999886e+02,2.330999999999999943e+02,2.856000000000000227e+02
1.850000000000000000e+02,2.199000000000000057e+02,2.550000000000000000e+02
2.103000000000000114e+02,2.018000000000000114e+02,2.365000000000000000e+02
1.785999999999999943e+02,1.705999999999999943e+02,2.191999999999999886e+02
1.664000000000000057e+02,1.424000000000000057e+02,1.835999999999999943e+02
1.599000000000000057e+02,1.769000000000000057e+02,1.873000000000000114e+02
1.793000000000000114e+02,1.590000000000000000e+02,2.196999999999999886e+02
1.885000000000000000e+02,1.428000000000000114e+02,2.075000000000000000e+02
1.390999999999999943e+02,1.391999999999999886e+02,2.004000000000000057e+02
1.338000000000000114e+02,1.309000000000000057e+02,1.754000000000000057e+02
1.247000000000000028e+02,1.279000000000000057e+02,1.711999999999999886e+02
1.279000000000000057e+02,1.100999999999999943e+02,1.665000000000000000e+02
1.229000000000000057e+02,1.232999999999999972e+02,1.478000000000000114e+02
1.210000000000000000e+02,1.339000000000000057e+02,1.445000000000000000e+02
1.601999999999999886e+02,1.566999999999999886e+02,1.809000000000000057e+02
1.390000000000000000e+02,1.443000000000000114e+02,1.764000000000000057e+02
1.324000000000000057e+02,1.247000000000000028e+02,1.778000000000000114e+02
1.301999999999999886e+02,1.304000000000000057e+02,1.595000000000000000e+02
1.195999999999999943e+02,9.829999999999999716e+01,1.589000000000000057e+02
1.057999999999999972e+02,1.170000000000000000e+02,1.395000000000000000e+02
1.065000000000000000e+02,1.015000000000000000e+02,1.323000000000000114e+02
1.200000000000000000e+02,1.167999999999999972e+02,1.345000000000000000e+02
1.199000000000000057e+02,1.087000000000000028e+02,1.493000000000000114e+02
1.164000000000000057e+02,1.077999999999999972e+02,1.574000000000000057e+02
1.187999999999999972e+02,1.293000000000000114e+02,1.630999999999999943e+02
1.224000000000000057e+02,1.164000000000000057e+02,1.411999999999999886e+02
1.165000000000000000e+02,1.074000000000000057e+02,1.350999999999999943e+02
1.162000000000000028e+02,9.629999999999999716e+01,1.445000000000000000e+02
1.214000000000000057e+02,9.790000000000000568e+01,1.280000000000000000e+02
1.042999999999999972e+02,9.940000000000000568e+01,1.172000000000000028e+02
1.052999999999999972e+02,9.940000000000000568e+01,1.237999999999999972e+02
1.044000000000000057e+02,1.125999999999999943e+02,1.314000000000000057e+02
1.154000000000000057e+02,9.400000000000000000e+01,1.172000000000000028e+02
1.074000000000000057e+02,9.879999999999999716e+01,1.212999999999999972e+02
1.024000000000000057e+02,8.000000000000000000e+01,1.247000000000000028e+02
1.059000000000000057e+02,8.079999999999999716e+01,1.105999999999999943e+02
1.035000000000000000e+02,8.620000000000000284e+01,1.175999999999999943e+02
1.055999999999999943e+02,7.759999999999999432e+01,1.267999999999999972e+02
1.060999999999999943e+02,8.920000000000000284e+01,1.099000000000000057e+02
1.025000000000000000e+02,7.529999999999999716e+01,1.094000000000000057e+02
1.020000000000000000e+02,9.020000000000000284e+01,1.170999999999999943e+02
1.059000000000000057e+02,9.800000000000000000e+01,1.180000000000000000e+02
1.000999999999999943e+02,8.800000000000000000e+01,1.117999999999999972e+02
1.029000000000000057e+02,8.400000000000000000e+01,1.245999999999999943e+02
9.979999999999999716e+01,7.740000000000000568e+01,1.187000000000000028e+02
9.540000000000000568e+01,8.329999999999999716e+01,1.319000000000000057e+02
9.700000000000000000e+01,7.459999999999999432e+01,1.172000000000000028e+02
1.165000000000000000e+02,8.840000000000000568e+01,1.280999999999999943e+02
1.085000000000000000e+02,7.500000000000000000e+01,1.305000000000000000e+02
1.057999999999999972e+02,8.700000000000000000e+01,1.295999999999999943e+02
9.929999999999999716e+01,8.540000000000000568e+01,1.283000000000000114e+02
1.059000000000000057e+02,8.850000000000000000e+01,1.545000000000000000e+02
1.042000000000000028e+02,8.759999999999999432e+01,1.339000000000000057e+02
1.062000000000000028e+02,8.150000000000000000e+01,1.274000000000000057e+02
1.220999999999999943e+02,1.027000000000000028e+02,1.445999999999999943e+02
1.280999999999999943e+02,1.433000000000000114e+02,1.650999999999999943e+02
1.301999999999999886e+02,1.389000000000000057e+02,1.786999999999999886e+02
1.468000000000000114e+02,1.010999999999999943e+02,1.500000000000000000e+02
1.413000000000000114e+02,1.217000000000000028e+02,1.515999999999999943e+02
1.335999999999999943e+02,1.399000000000000057e+02,1.715000000000000000e+02
1.306999999999999886e+02,1.140000000000000000e+02,1.688000000000000114e+02
1.320000000000000000e+02,1.343000000000000114e+02,1.735000000000000000e+02
1.436999999999999886e+02,1.265999999999999943e+02,2.055000000000000000e+02
1.444000000000000057e+02,1.540000000000000000e+02,1.785999999999999943e+02
1.604000000000000057e+02,1.182000000000000028e+02,1.913000000000000114e+02
1.485999999999999943e+02,1.389000000000000057e+02,1.926999999999999886e+02
1.355000000000000000e+02,1.400000000000000000e+02,2.070999999999999943e+02
1.680999999999999943e+02,1.683000000000000114e+02,2.069000000000000057e+02
1.575000000000000000e+02,1.956999999999999886e+02,2.094000000000000057e+02
1.385999999999999943e+02,1.344000000000000057e+02,2.080000000000000000e+02
1.795999999999999943e+02,1.403000000000000114e+02,2.018000000000000114e+02
1.446999999999999886e+02,1.244000000000000057e+02,1.769000000000000057e+02
1.386999999999999886e+02,1.443000000000000114e+02,2.366999999999999886e+02
1.410999999999999943e+02,1.388000000000000114e+02,2.510999999999999943e+02
1.760999999999999943e+02,1.844000000000000057e+02,2.536999999999999886e+02
1.515000000000000000e+02,1.500999999999999943e+02,2.456999999999999886e+02
1.539000000000000057e+02,1.930000000000000000e+02,2.448000000000000114e+02
1.479000000000000057e+02,1.858000000000000114e+02,2.295000000000000000e+02
1.423000000000000114e+02,1.530999999999999943e+02,1.840000000000000000e+02
1.400000000000000000e+02,1.653000000000000114e+02,2.051999999999999886e+02
1.373000000000000114e+02,1.711999999999999886e+02,1.960000000000000000e+02
1.480999999999999943e+02,1.455999999999999943e+02,1.916999999999999886e+02
1.520999999999999943e+02,1.438000000000000114e+02,2.024000000000000057e+02
1.568000000000000114e+02,1.291999999999999886e+02,2.320000000000000000e+02
1.956999999999999886e+02,1.525999999999999943e+02,2.085999999999999943e+02
1.804000000000000057e+02,1.530999999999999943e+02,2.178000000000000114e+02
1.815999999999999943e+02,1.948000000000000114e+02,2.823000000000000114e+02
1.730999999999999943e+02,2.080999999999999943e+02,2.813999999999999773e+02
1.696999999999999886e+02,1.961999999999999886e+02,2.225000000000000000e+02
1.634000000000000057e+02,1.808000000000000114e+02,1.948000000000000114e+02
1.890000000000000000e+02,1.626999999999999886e+02,1.975999999999999943e+02
1.749000000000000057e+02,1.834000000000000057e+02,2.433000000000000114e+02
1.604000000000000057e+02,1.515000000000000000e+02,2.288000000000000114e+02
1.373000000000000114e+02,1.735999999999999943e+02,2.051999999999999886e+02
1.535999999999999943e+02,1.589000000000000057e+02,2.024000000000000057e+02
1.911999999999999886e+02,1.655000000000000000e+02,2.086999999999999886e+02
1.409000000000000057e+02,1.668000000000000114e+02,1.849000000000000057e+02
1.433000000000000114e+02,1.689000000000000057e+02,1.741999999999999886e+02
1.329000000000000057e+02,1.554000000000000057e+02,1.786999999999999886e+02
1.329000000000000057e+02,1.756999999999999886e+02,1.953000000000000114e+02
1.614000000000000057e+02,1.439000000000000057e+02,1.900000000000000000e+02
1.790000000000000000e+02,1.748000000000000114e+02,1.734000000000000057e+02
1.750999999999999943e+02,1.624000000000000057e+02,2.158000000000000114e+02
1.460000000000000000e+02,1.491999999999999886e+02,2.116999999999999886e+02
1.252000000000000028e+02,1.663000000000000114e+02,2.076999999999999886e+02
1.401999999999999886e+02,1.398000000000000114e+02,2.248000000000000114e+02
1.338000000000000114e+02,1.443000000000000114e+02,2.503000000000000114e+02
1.376999999999999886e+02,1.523000000000000114e+02,2.225000000000000000e+02
1.633000000000000114e+02,1.476999999999999886e+02,2.040999999999999943e+02
1.536999999999999886e+02,1.450999999999999943e+02,1.801999999999999886e+02
1.570000000000000000e+02,1.247999999999999972e+02,1.620999999999999943e+02
1.683000000000000114e+02,1.505999999999999943e+02,1.816999999999999886e+02
1.658000000000000114e+02,1.509000000000000057e+02,1.845999999999999943e+02
1.444000000000000057e+02,1.296999999999999886e+02,1.855999999999999943e+02
1.513000000000000114e+02,1.283000000000000114e+02,2.129000000000000057e+02
1.760000000000000000e+02,1.700000000000000000e+02,2.573000000000000114e+02
1.830999999999999943e+02,1.550000000000000000e+02,2.219000000000000057e+02
2.271999999999999886e+02,1.561999999999999886e+02,2.303000000000000114e+02
2.383000000000000114e+02,1.710999999999999943e+02,2.371999999999999886e+02
2.016999999999999886e+02,1.700999999999999943e+02,2.140999999999999943e+02
2.150999999999999943e+02,1.754000000000000057e+02,2.269000000000000057e+02
1.914000000000000057e+02,1.884000000000000057e+02,1.945000000000000000e+02
2.410000000000000000e+02,1.773000000000000114e+02,2.546999999999999886e+02
2.463000000000000114e+02,1.766999999999999886e+02,2.260000000000000000e+02
2.095000000000000000e+02,1.925000000000000000e+02,2.048000000000000114e+02
2.239000000000000057e+02,1.939000000000000057e+02,2.016999999999999886e+02
2.373000000000000114e+02,1.860999999999999943e+02,2.110000000000000000e+02
2.373000000000000114e+02,1.703000000000000114e+02,2.301999999999999886e+02
2.025999999999999943e+02,1.871999999999999886e+02,2.626999999999999886e+02
2.050000000000000000e+02,1.955999999999999943e+02,2.606999999999999886e+02
2.183000000000000114e+02,2.030999999999999943e+02,2.601000000000000227e+02
2.184000000000000057e+02,2.636999999999999886e+02,2.431999999999999886e+02
1.860000000000000000e+02,2.778000000000000114e+02,2.466999999999999886e+02
1.896999999999999886e+02,2.289000000000000057e+02,2.651000000000000227e+02
2.091999999999999886e+02,2.075999999999999943e+02,2.581000000000000227e+02
2.178000000000000114e+02,2.114000000000000057e+02,2.428000000000000114e+02
2.098000000000000114e+02,2.116999999999999886e+02,2.505999999999999943e+02
2.155999999999999943e+02,2.215000000000000000e+02,2.301999999999999886e+02
2.405999999999999943e+02,1.659000000000000057e+02,2.598999999999999773e+02
2.505999999999999943e+02,1.820999999999999943e+02,2.475000000000000000e+02
2.778000000000000114e+02,1.661999999999999886e+02,2.746999999999999886e+02
2.336999999999999886e+02,1.540000000000000000e+02,2.601000000000000227e+02
2.294000000000000057e+02,1.589000000000000057e+02,2.201999999999999886e+02
2.261999999999999886e+02,1.530999999999999943e+02,2.221999999999999886e+02
2.245000000000000000e+02,1.259000000000000057e+02,2.424000000000000057e+02
2.230999999999999943e+02,1.420999999999999943e+02,2.348000000000000114e+02
1.861999999999999886e+02,1.232999999999999972e+02,2.351999999999999886e+02
1.838000000000000114e+02,1.520000000000000000e+02,1.993000000000000114e+02
2.095000000000000000e+02,1.639000000000000057e+02,2.121999999999999886e+02
1.866999999999999886e+02,1.484000000000000057e+02,1.896999999999999886e+02
1.913000000000000114e+02,1.701999999999999886e+02,2.588999999999999773e+02
1.644000000000000057e+02,1.494000000000000057e+02,2.146999999999999886e+02
1.495999999999999943e+02,1.415999999999999943e+02,2.264000000000000057e+02
1.506999999999999886e+02,1.421999999999999886e+02,2.270999999999999943e+02
1.671999999999999886e+02,1.057000000000000028e+02,1.753000000000000114e+02
1.544000000000000057e+02,1.039000000000000057e+02,1.738000000000000114e+02
1.610000000000000000e+02,9.400000000000000000e+01,1.530999999999999943e+02
1.434000000000000057e+02,1.027999999999999972e+02,1.475000000000000000e+02
1.358000000000000114e+02,1.039000000000000057e+02,1.714000000000000057e+02
1.780999999999999943e+02,1.005999999999999943e+02,1.410999999999999943e+02
1.684000000000000057e+02,1.172999999999999972e+02,1.631999999999999886e+02
1.590999999999999943e+02,1.140999999999999943e+02,1.674000000000000057e+02
1.546999999999999886e+02,1.137000000000000028e+02,1.640999999999999943e+02
1.435000000000000000e+02,1.139000000000000057e+02,1.629000000000000057e+02
1.575999999999999943e+02,1.092999999999999972e+02,1.475000000000000000e+02
1.448000000000000114e+02,9.450000000000000000e+01,1.354000000000000057e+02
1.481999999999999886e+02,1.040000000000000000e+02,1.425000000000000000e+02
1.308000000000000114e+02,1.022000000000000028e+02,1.443000000000000114e+02
1.353000000000000114e+02,1.032000000000000028e+02,1.505999999999999943e+02
1.314000000000000057e+02,1.125999999999999943e+02,1.579000000000000057e+02
1.265000000000000000e+02,9.859999999999999432e+01,1.458000000000000114e+02
1.310999999999999943e+02,9.659999999999999432e+01,1.491999999999999886e+02
1.290000000000000000e+02,9.229999999999999716e+01,1.328000000000000114e+02
1.250000000000000000e+02,9.220000000000000284e+01,1.185000000000000000e+02
1.390999999999999943e+02,1.035000000000000000e+02,1.210999999999999943e+02
1.295000000000000000e+02,9.029999999999999716e+01,1.259000000000000057e+02
1.267999999999999972e+02,8.529999999999999716e+01,1.195999999999999943e+02
1.040000000000000000e+02,9.450000000000000000e+01,1.232999999999999972e+02
9.709999999999999432e+01,7.829999999999999716e+01,1.152999999999999972e+02
1.002000000000000028e+02,9.159999999999999432e+01,1.122999999999999972e+02
1.127999999999999972e+02,8.120000000000000284e+01,1.174000000000000057e+02
1.024000000000000057e+02,7.809999999999999432e+01,1.240999999999999943e+02
9.850000000000000000e+01,8.209999999999999432e+01,1.269000000000000057e+02
9.570000000000000284e+01,7.340000000000000568e+01,1.122999999999999972e+02
9.720000000000000284e+01,8.600000000000000000e+01,1.157999999999999972e+02
1.060999999999999943e+02,8.300000000000000000e+01,1.207000000000000028e+02
1.075999999999999943e+02,8.150000000000000000e+01,1.062000000000000028e+02
9.700000000000000000e+01,8.279999999999999716e+01,1.115000000000000000e+02
9.320000000000000284e+01,7.670000000000000284e+01,1.345000000000000000e+02
9.759999999999999432e+01,9.690000000000000568e+01,1.207000000000000028e+02
9.940000000000000568e+01,8.070000000000000284e+01,1.104000000000000057e+02
1.072000000000000028e+02,8.470000000000000284e+01,1.104000000000000057e+02
1.017000000000000028e+02,8.270000000000000284e+01,1.284000000000000057e+02
9.170000000000000284e+01,9.120000000000000284e+01,1.234000000000000057e+02
9.040000000000000568e+01,9.690000000000000568e+01,1.055000000000000000e+02
1.070000000000000000e+02,8.879999999999999716e+01,1.127999999999999972e+02
9.970000000000000284e+01,1.092000000000000028e+02,1.280000000000000000e+02
1.042999999999999972e+02,9.279999999999999716e+01,1.205999999999999943e+02
1.114000000000000057e+02,1.037999999999999972e+02,1.390000000000000000e+02
1.139000000000000057e+02,9.900000000000000000e+01,1.431999999999999886e+02
1.015000000000000000e+02,1.059000000000000057e+02,1.374000000000000057e+02
1.152000000000000028e+02,1.252999999999999972e+02,1.340000000000000000e+02
1.147999999999999972e+02,1.042000000000000028e+02,1.495999999999999943e+02
1.110999999999999943e+02,9.979999999999999716e+01,1.489000000000000057e+02
1.250999999999999943e+02,1.020999999999999943e+02,1.451999999999999886e+02
1.160000000000000000e+02,1.010000000000000000e+02,1.721999999999999886e+02
1.080999999999999943e+02,1.150999999999999943e+02,1.569000000000000057e+02
1.097999999999999972e+02,1.185999999999999943e+02,1.631999999999999886e+02
1.320999999999999943e+02,1.380999999999999943e+02,1.670999999999999943e+02
1.334000000000000057e+02,1.344000000000000057e+02,1.940999999999999943e+02
1.295999999999999943e+02,1.688000000000000114e+02,1.940999999999999943e+02
1.633000000000000114e+02,1.506999999999999886e+02,2.195999999999999943e+02
1.948000000000000114e+02,1.541999999999999886e+02,1.921999999999999886e+02
1.561999999999999886e+02,1.475999999999999943e+02,2.109000000000000057e+02
2.008000000000000114e+02,2.071999999999999886e+02,2.275999999999999943e+02
1.648000000000000114e+02,1.561999999999999886e+02,2.101999999999999886e+02
1.583000000000000114e+02,1.885000000000000000e+02,1.928000000000000114e+02
1.553000000000000114e+02,1.781999999999999886e+02,1.823000000000000114e+02
1.855999999999999943e+02,1.989000000000000057e+02,1.975999999999999943e+02
1.991999999999999886e+02,1.625999999999999943e+02,2.201999999999999886e+02
1.820999999999999943e+02,1.766999999999999886e+02,1.919000000000000057e+02
1.711999999999999886e+02,2.145000000000000000e+02,2.040000000000000000e+02
2.250000000000000000e+02,2.296999999999999886e+02,2.495999999999999943e+02
3.026999999999999886e+02,2.420999999999999943e+02,2.478000000000000114e+02
2.918999999999999773e+02,2.004000000000000057e+02,2.400000000000000000e+02
2.153000000000000114e+02,2.006999999999999886e+02,2.035999999999999943e+02
2.541999999999999886e+02,1.689000000000000057e+02,1.921999999999999886e+02
2.660000000000000000e+02,1.584000000000000057e+02,1.770000000000000000e+02
1.973000000000000114e+02,2.015000000000000000e+02,1.948000000000000114e+02
2.501999999999999886e+02,1.958000000000000114e+02,2.113000000000000114e+02
2.104000000000000057e+02,1.825000000000000000e+02,2.075000000000000000e+02
2.015000000000000000e+02,1.988000000000000114e+02,1.619000000000000057e+02
1.938000000000000114e+02,2.660000000000000000e+02,2.105000000000000000e+02
2.150999999999999943e+02,1.881999999999999886e+02,2.176999999999999886e+02
1.898000000000000114e+02,1.650000000000000000e+02,2.243000000000000114e+02
2.255999999999999943e+02,1.500999999999999943e+02,1.986999999999999886e+02
2.164000000000000057e+02,1.458000000000000114e+02,1.836999999999999886e+02
1.829000000000000057e+02,1.649000000000000057e+02,2.475000000000000000e+02
1.985000000000000000e+02,1.671999999999999886e+02,2.026999999999999886e+02
1.983000000000000114e+02,2.095000000000000000e+02,1.640000000000000000e+02
1.921999999999999886e+02,1.966999999999999886e+02,1.684000000000000057e+02
1.830000000000000000e+02,1.534000000000000057e+02,1.574000000000000057e+02
2.110999999999999943e+02,1.755999999999999943e+02,1.674000000000000057e+02
1.846999999999999886e+02,1.690999999999999943e+02,1.620000000000000000e+02
1.718000000000000114e+02,1.585000000000000000e+02,1.478000000000000114e+02
1.940000000000000000e+02,1.678000000000000114e+02,1.890999999999999943e+02
2.309000000000000057e+02,1.561999999999999886e+02,2.040000000000000000e+02
1.969000000000000057e+02,1.535999999999999943e+02,1.705000000000000000e+02
1.829000000000000057e+02,1.544000000000000057e+02,1.446999999999999886e+02
1.896999999999999886e+02,1.440999999999999943e+02,1.470000000000000000e+02
1.740000000000000000e+02,1.645999999999999943e+02,1.611999999999999886e+02
1.943000000000000114e+02,1.511999999999999886e+02,1.961999999999999886e+02
2.200000000000000000e+02,1.544000000000000057e+02,1.816999999999999886e+02
1.830999999999999943e+02,1.465999999999999943e+02,1.964000000000000057e+02
1.579000000000000057e+02,1.361999999999999886e+02,1.971999999999999886e+02
1.700000000000000000e+02,1.435000000000000000e+02,1.883000000000000114e+02
1.930000000000000000e+02,1.503000000000000114e+02,1.828000000000000114e+02
1.801999999999999886e+02,1.473000000000000114e+02,2.108000000000000114e+02
1.935000000000000000e+02,1.515000000000000000e+02,2.294000000000000057e+02
2.108000000000000114e+02,1.262000000000000028e+02,2.430000000000000000e+02
1.921999999999999886e+02,1.331999999999999886e+02,2.060999999999999943e+02
1.815000000000000000e+02,1.560999999999999943e+02,2.111999999999999886e+02
2.024000000000000057e+02,1.564000000000000057e+02,2.675000000000000000e+02
2.185999999999999943e+02,1.924000000000000057e+02,2.590000000000000000e+02
1.750000000000000000e+02,1.965000000000000000e+02,2.510000000000000000e+02
2.184000000000000057e+02,1.905000000000000000e+02,2.525000000000000000e+02
1.835999999999999943e+02,1.711999999999999886e+02,2.301999999999999886e+02
1.883000000000000114e+02,1.806999999999999886e+02,2.260000000000000000e+02
2.124000000000000057e+02,1.939000000000000057e+02,2.153000000000000114e+02
2.173000000000000114e+02,2.130000000000000000e+02,2.083000000000000114e+02
2.130000000000000000e+02,1.988000000000000114e+02,2.064000000000000057e+02
2.155999999999999943e+02,1.673000000000000114e+02,2.394000000000000057e+02
1.865999999999999943e+02,1.655999999999999943e+02,2.559000000000000057e+02
1.744000000000000057e+02,1.848000000000000114e+02,2.308000000000000114e+02
1.746999999999999886e+02,1.665999999999999943e+02,2.548000000000000114e+02
1.640999999999999943e+02,1.665999999999999943e+02,2.413000000000000114e+02
2.078000000000000114e+02,1.684000000000000057e+02,2.101999999999999886e+02
1.676999999999999886e+02,1.603000000000000114e+02,2.195000000000000000e+02
1.590000000000000000e+02,1.620000000000000000e+02,2.446999999999999886e+02
1.740999999999999943e+02,1.671999999999999886e+02,2.049000000000000057e+02
1.675000000000000000e+02,1.529000000000000057e+02,2.239000000000000057e+02
2.245000000000000000e+02,1.513000000000000114e+02,2.180000000000000000e+02
1.976999999999999886e+02,1.489000000000000057e+02,2.383000000000000114e+02
1.830000000000000000e+02,1.339000000000000057e+02,2.153000000000000114e+02
1.535000000000000000e+02,1.560000000000000000e+02,2.301999999999999886e+02
1.415999999999999943e+02,1.425000000000000000e+02,2.180000000000000000e+02
1.613000000000000114e+02,1.559000000000000057e+02,2.071999999999999886e+02
1.558000000000000114e+02,1.420000000000000000e+02,2.293000000000000114e+02
1.751999999999999886e+02,1.435999999999999943e+02,2.024000000000000057e+02
1.650999999999999943e+02,1.636999999999999886e+02,2.089000000000000057e+02
1.684000000000000057e+02,1.313000000000000114e+02,2.460000000000000000e+02
1.395000000000000000e+02,1.288000000000000114e+02,2.360000000000000000e+02
1.609000000000000057e+02,1.283000000000000114e+02,1.963000000000000114e+02
1.420000000000000000e+02,1.100999999999999943e+02,1.985000000000000000e+02
1.373000000000000114e+02,1.172999999999999972e+02,1.730000000000000000e+02
1.398000000000000114e+02,1.259000000000000057e+02,1.874000000000000057e+02
1.340000000000000000e+02,1.274000000000000057e+02,1.586999999999999886e+02
1.354000000000000057e+02,1.277000000000000028e+02,1.474000000000000057e+02
1.225000000000000000e+02,1.052000000000000028e+02,1.565999999999999943e+02
1.355999999999999943e+02,1.082000000000000028e+02,1.631999999999999886e+02
1.381999999999999886e+02,1.000000000000000000e+02,1.405000000000000000e+02
1.915000000000000000e+02,9.650000000000000000e+01,1.353000000000000114e+02
1.410000000000000000e+02,1.102999999999999972e+02,1.396999999999999886e+02
1.205999999999999943e+02,8.859999999999999432e+01,1.375999999999999943e+02
1.087000000000000028e+02,9.179999999999999716e+01,1.267000000000000028e+02
1.075999999999999943e+02,8.370000000000000284e+01,1.239000000000000057e+02
1.064000000000000057e+02,9.829999999999999716e+01,1.298000000000000114e+02
1.042999999999999972e+02,1.100999999999999943e+02,1.341999999999999886e+02
1.000999999999999943e+02,9.150000000000000000e+01,1.250999999999999943e+02
1.030999999999999943e+02,1.032999999999999972e+02,1.250000000000000000e+02
1.117000000000000028e+02,1.005000000000000000e+02,1.338000000000000114e+02
1.129000000000000057e+02,9.990000000000000568e+01,1.540999999999999943e+02
1.119000000000000057e+02,1.085999999999999943e+02,1.465999999999999943e+02
1.087000000000000028e+02,9.640000000000000568e+01,1.575000000000000000e+02
9.979999999999999716e+01,9.370000000000000284e+01,1.394000000000000057e+02
1.022000000000000028e+02,7.959999999999999432e+01,1.448000000000000114e+02
1.092999999999999972e+02,8.159999999999999432e+01,1.262000000000000028e+02
1.035999999999999943e+02,8.220000000000000284e+01,1.204000000000000057e+02
9.900000000000000000e+01,7.590000000000000568e+01,1.237000000000000028e+02
1.024000000000000057e+02,9.329999999999999716e+01,1.190000000000000000e+02
1.019000000000000057e+02,7.429999999999999716e+01,1.192999999999999972e+02
9.659999999999999432e+01,8.170000000000000284e+01,1.325000000000000000e+02
9.200000000000000000e+01,8.129999999999999716e+01,1.097000000000000028e+02
9.400000000000000000e+01,8.559999999999999432e+01,1.172999999999999972e+02
9.000000000000000000e+01,9.100000000000000000e+01,1.132000000000000028e+02
8.909999999999999432e+01,7.640000000000000568e+01,1.062000000000000028e+02
9.540000000000000568e+01,9.929999999999999716e+01,1.100999999999999943e+02
9.150000000000000000e+01,8.609999999999999432e+01,1.195999999999999943e+02
9.659999999999999432e+01,8.370000000000000284e+01,1.270000000000000000e+02
1.057999999999999972e+02,9.800000000000000000e+01,1.150000000000000000e+02
1.045999999999999943e+02,9.090000000000000568e+01,1.115999999999999943e+02
9.409999999999999432e+01,9.329999999999999716e+01,1.199000000000000057e+02
9.050000000000000000e+01,8.040000000000000568e+01,1.110999999999999943e+02
9.250000000000000000e+01,8.229999999999999716e+01,1.202000000000000028e+02
9.279999999999999716e+01,8.529999999999999716e+01,1.122999999999999972e+02
9.429999999999999716e+01,7.559999999999999432e+01,1.125000000000000000e+02
9.729999999999999716e+01,9.679999999999999716e+01,1.237000000000000028e+02
9.859999999999999432e+01,7.490000000000000568e+01,1.177999999999999972e+02
9.979999999999999716e+01,8.609999999999999432e+01,1.067999999999999972e+02
9.900000000000000000e+01,9.500000000000000000e+01,1.200000000000000000e+02
9.779999999999999716e+01,8.179999999999999716e+01,1.294000000000000057e+02
9.629999999999999716e+01,9.300000000000000000e+01,1.189000000000000057e+02
1.022999999999999972e+02,8.029999999999999716e+01,1.398000000000000114e+02
1.010999999999999943e+02,9.990000000000000568e+01,1.590000000000000000e+02
9.970000000000000284e+01,9.000000000000000000e+01,1.485000000000000000e+02
9.870000000000000284e+01,9.229999999999999716e+01,1.375000000000000000e+02
1.109000000000000057e+02,1.167999999999999972e+02,1.296999999999999886e+02
1.212000000000000028e+02,1.140999999999999943e+02,1.425000000000000000e+02
1.152999999999999972e+02,9.240000000000000568e+01,1.520999999999999943e+02
1.353000000000000114e+02,8.609999999999999432e+01,1.643000000000000114e+02
1.254000000000000057e+02,1.025999999999999943e+02,1.361999999999999886e+02
1.349000000000000057e+02,1.140999999999999943e+02,1.490000000000000000e+02
1.097000000000000028e+02,1.433000000000000114e+02,1.454000000000000057e+02
1.310000000000000000e+02,1.277000000000000028e+02,1.560999999999999943e+02
1.430999999999999943e+02,1.275000000000000000e+02,1.534000000000000057e+02
1.521999999999999886e+02,1.496999999999999886e+02,1.555000000000000000e+02
1.449000000000000057e+02,1.295999999999999943e+02,1.976999999999999886e+02
1.410000000000000000e+02,1.629000000000000057e+02,1.810000000000000000e+02
1.483000000000000114e+02,1.654000000000000057e+02,1.730999999999999943e+02
1.723000000000000114e+02,1.740999999999999943e+02,1.971999999999999886e+02
1.555000000000000000e+02,1.528000000000000114e+02,1.640000000000000000e+02
1.453000000000000114e+02,1.370999999999999943e+02,1.890000000000000000e+02
1.966999999999999886e+02,2.079000000000000057e+02,2.358000000000000114e+02
1.821999999999999886e+02,1.669000000000000057e+02,2.313000000000000114e+02
1.965000000000000000e+02,1.569000000000000057e+02,2.225000000000000000e+02
1.983000000000000114e+02,1.518000000000000114e+02,2.350999999999999943e+02
1.829000000000000057e+02,2.005999999999999943e+02,1.963000000000000114e+02
1.680999999999999943e+02,1.945000000000000000e+02,1.786999999999999886e+02
1.611999999999999886e+02,1.964000000000000057e+02,1.875000000000000000e+02
2.160999999999999943e+02,1.946999999999999886e+02,2.350999999999999943e+02
2.788000000000000114e+02,1.716999999999999886e+02,1.943000000000000114e+02
2.459000000000000057e+02,1.861999999999999886e+02,2.180000000000000000e+02
2.156999999999999886e+02,1.893000000000000114e+02,2.296999999999999886e+02
2.144000000000000057e+02,1.771999999999999886e+02,1.925999999999999943e+02
2.425000000000000000e+02,1.590999999999999943e+02,1.820999999999999943e+02
2.299000000000000057e+02,1.483000000000000114e+02,1.930999999999999943e+02
2.185000000000000000e+02,1.533000000000000114e+02,1.701999999999999886e+02
1.953000000000000114e+02,1.645000000000000000e+02,1.963000000000000114e+02
1.839000000000000057e+02,1.656999999999999886e+02,1.818000000000000114e+02
1.813000000000000114e+02,1.843000000000000114e+02,1.794000000000000057e+02
2.298000000000000114e+02,2.341999999999999886e+02,2.058000000000000114e+02
2.159000000000000057e+02,1.953000000000000114e+02,1.898000000000000114e+02
1.913000000000000114e+02,2.244000000000000057e+02,2.251999999999999886e+02
2.236999999999999886e+02,2.251999999999999886e+02,2.195000000000000000e+02
1.919000000000000057e+02,1.990999999999999943e+02,1.790000000000000000e+02
1.719000000000000057e+02,1.885999999999999943e+02,1.825000000000000000e+02
1.675000000000000000e+02,1.671999999999999886e+02,1.925000000000000000e+02
1.784000000000000057e+02,1.660000000000000000e+02,1.785000000000000000e+02
2.055999999999999943e+02,1.790999999999999943e+02,1.480999999999999943e+02
1.825000000000000000e+02,1.650000000000000000e+02,2.048000000000000114e+02
1.505999999999999943e+02,1.525999999999999943e+02,2.096999999999999886e+02
1.555000000000000000e+02,1.560999999999999943e+02,1.789000000000000057e+02
1.748000000000000114e+02,1.721999999999999886e+02,2.135000000000000000e+02
1.750999999999999943e+02,1.539000000000000057e+02,1.935999999999999943e+02
1.650999999999999943e+02,1.629000000000000057e+02,1.866999999999999886e+02
1.796999999999999886e+02,1.530999999999999943e+02,1.900999999999999943e+02
1.694000000000000057e+02,1.355000000000000000e+02,1.960999999999999943e+02
1.564000000000000057e+02,1.411999999999999886e+02,1.865000000000000000e+02
1.706999999999999886e+02,1.403000000000000114e+02,1.865000000000000000e+02
1.810000000000000000e+02,1.690999999999999943e+02,2.456999999999999886e+02
1.860999999999999943e+02,1.969000000000000057e+02,2.885000000000000000e+02
1.701999999999999886e+02,1.634000000000000057e+02,1.795000000000000000e+02
1.931999999999999886e+02,1.655999999999999943e+02,2.053000000000000114e+02
1.995000000000000000e+02,1.729000000000000057e+02,2.460999999999999943e+02
1.691999999999999886e+02,2.086999999999999886e+02,2.700000000000000000e+02
1.670999999999999943e+02,2.054000000000000057e+02,2.616000000000000227e+02
1.578000000000000114e+02,1.930000000000000000e+02,2.650000000000000000e+02
1.875000000000000000e+02,2.010999999999999943e+02,2.623000000000000114e+02
1.838000000000000114e+02,2.080000000000000000e+02,2.676000000000000227e+02
1.765999999999999943e+02,2.085999999999999943e+02,2.455000000000000000e+02
1.768000000000000114e+02,2.145000000000000000e+02,2.086999999999999886e+02
1.951999999999999886e+02,1.805000000000000000e+02,2.069000000000000057e+02
1.903000000000000114e+02,1.750999999999999943e+02,2.306999999999999886e+02
1.723000000000000114e+02,1.955999999999999943e+02,2.440999999999999943e+02
1.513000000000000114e+02,1.823000000000000114e+02,2.350999999999999943e+02
1.663000000000000114e+02,1.990000000000000000e+02,2.546999999999999886e+02
1.790999999999999943e+02,1.925999999999999943e+02,2.603999999999999773e+02
1.991999999999999886e+02,1.923000000000000114e+02,2.323000000000000114e+02
1.958000000000000114e+02,1.660000000000000000e+02,2.468000000000000114e+02
1.808000000000000114e+02,1.590999999999999943e+02,2.070999999999999943e+02
1.709000000000000057e+02,1.849000000000000057e+02,2.116999999999999886e+02
1.901999999999999886e+02,1.630000000000000000e+02,2.328000000000000114e+02
1.821999999999999886e+02,1.558000000000000114e+02,2.088000000000000114e+02
1.714000000000000057e+02,1.723000000000000114e+02,2.128000000000000114e+02
2.026999999999999886e+02,1.865999999999999943e+02,2.120999999999999943e+02
1.954000000000000057e+02,1.828000000000000114e+02,2.110000000000000000e+02
1.725000000000000000e+02,2.048000000000000114e+02,1.899000000000000057e+02
1.859000000000000057e+02,2.388000000000000114e+02,1.895000000000000000e+02
1.850999999999999943e+02,1.916999999999999886e+02,1.999000000000000057e+02
1.739000000000000057e+02,1.828000000000000114e+02,2.075999999999999943e+02
1.870000000000000000e+02,1.836999999999999886e+02,1.768000000000000114e+02
1.724000000000000057e+02,1.844000000000000057e+02,1.749000000000000057e+02
1.566999999999999886e+02,1.589000000000000057e+02,1.831999999999999886e+02
1.440000000000000000e+02,1.611999999999999886e+02,1.745999999999999943e+02
1.411999999999999886e+02,1.684000000000000057e+02,1.934000000000000057e+02
1.490000000000000000e+02,1.750999999999999943e+02,1.770000000000000000e+02
1.495999999999999943e+02,1.759000000000000057e+02,1.738000000000000114e+02
1.663000000000000114e+02,1.425000000000000000e+02,1.640000000000000000e+02
1.545000000000000000e+02,1.336999999999999886e+02,1.751999999999999886e+02
1.630000000000000000e+02,1.172000000000000028e+02,1.659000000000000057e+02
1.998000000000000114e+02,1.249000000000000057e+02,1.490999999999999943e+02
1.434000000000000057e+02,1.257999999999999972e+02,1.523000000000000114e+02
1.370000000000000000e+02,1.129000000000000057e+02,1.805999999999999943e+02
1.319000000000000057e+02,1.222000000000000028e+02,1.370000000000000000e+02
1.207000000000000028e+02,1.120000000000000000e+02,1.260000000000000000e+02
1.475000000000000000e+02,1.082000000000000028e+02,1.204000000000000057e+02
1.566999999999999886e+02,1.235999999999999943e+02,1.275000000000000000e+02
1.470999999999999943e+02,1.027000000000000028e+02,1.384000000000000057e+02
1.538000000000000114e+02,8.909999999999999432e+01,1.207999999999999972e+02
1.421999999999999886e+02,1.005000000000000000e+02,1.144000000000000057e+02
1.436999999999999886e+02,8.929999999999999716e+01,1.225000000000000000e+02
1.345000000000000000e+02,9.870000000000000284e+01,1.259000000000000057e+02
1.395999999999999943e+02,1.029000000000000057e+02,1.127999999999999972e+02
1.320999999999999943e+02,9.300000000000000000e+01,1.220999999999999943e+02
1.336999999999999886e+02,1.040999999999999943e+02,1.433000000000000114e+02
1.386999999999999886e+02,8.840000000000000568e+01,1.499000000000000057e+02
1.340000000000000000e+02,8.659999999999999432e+01,1.545000000000000000e+02
1.316999999999999886e+02,9.340000000000000568e+01,1.605999999999999943e+02
1.414000000000000057e+02,8.340000000000000568e+01,1.811999999999999886e+02
1.320000000000000000e+02,7.850000000000000000e+01,1.758000000000000114e+02
1.300000000000000000e+02,7.759999999999999432e+01,1.790999999999999943e+02
1.341999999999999886e+02,7.379999999999999716e+01,1.478000000000000114e+02
1.326999999999999886e+02,8.400000000000000000e+01,1.483000000000000114e+02
1.301999999999999886e+02,7.600000000000000000e+01,1.424000000000000057e+02
1.360999999999999943e+02,8.740000000000000568e+01,1.424000000000000057e+02
1.315000000000000000e+02,7.750000000000000000e+01,1.416999999999999886e+02
1.330999999999999943e+02,7.020000000000000284e+01,1.364000000000000057e+02
1.344000000000000057e+02,8.450000000000000000e+01,1.358000000000000114e+02
1.309000000000000057e+02,7.000000000000000000e+01,1.324000000000000057e+02
1.147999999999999972e+02,8.000000000000000000e+01,1.315000000000000000e+02
1.065000000000000000e+02,7.920000000000000284e+01,1.305999999999999943e+02
9.540000000000000568e+01,7.720000000000000284e+01,1.255000000000000000e+02
9.790000000000000568e+01,8.800000000000000000e+01,1.187999999999999972e+02
9.229999999999999716e+01,9.909999999999999432e+01,1.129000000000000057e+02
9.859999999999999432e+01,1.035999999999999943e+02,1.100999999999999943e+02
1.012000000000000028e+02,9.450000000000000000e+01,1.205000000000000000e+02
9.070000000000000284e+01,9.200000000000000000e+01,1.190999999999999943e+02
8.940000000000000568e+01,9.470000000000000284e+01,1.172999999999999972e+02
9.379999999999999716e+01,8.820000000000000284e+01,1.134000000000000057e+02
9.540000000000000568e+01,1.045000000000000000e+02,1.165000000000000000e+02
9.459999999999999432e+01,1.012999999999999972e+02,1.062000000000000028e+02
1.014000000000000057e+02,9.879999999999999716e+01,1.200999999999999943e+02
9.800000000000000000e+01,1.085000000000000000e+02,1.149000000000000057e+02
1.100999999999999943e+02,9.590000000000000568e+01,1.229000000000000057e+02
1.035000000000000000e+02,1.120999999999999943e+02,1.285000000000000000e+02
1.077000000000000028e+02,1.132999999999999972e+02,1.177999999999999972e+02
1.306999999999999886e+02,1.515000000000000000e+02,1.448000000000000114e+02
1.366999999999999886e+02,1.795000000000000000e+02,1.673000000000000114e+02
1.150000000000000000e+02,1.539000000000000057e+02,1.415999999999999943e+02
1.022999999999999972e+02,1.760000000000000000e+02,1.619000000000000057e+02
1.249000000000000057e+02,1.730999999999999943e+02,1.481999999999999886e+02
1.115000000000000000e+02,1.465000000000000000e+02,1.969000000000000057e+02
1.119000000000000057e+02,1.519000000000000057e+02,1.666999999999999886e+02
1.260000000000000000e+02,1.388000000000000114e+02,1.738000000000000114e+02
1.479000000000000057e+02,1.571999999999999886e+02,1.806999999999999886e+02
1.343000000000000114e+02,1.490000000000000000e+02,1.870999999999999943e+02
1.664000000000000057e+02,1.643000000000000114e+02,1.798000000000000114e+02
1.611999999999999886e+02,1.155000000000000000e+02,2.080000000000000000e+02
1.565000000000000000e+02,1.705000000000000000e+02,1.825999999999999943e+02
1.869000000000000057e+02,1.646999999999999886e+02,2.169000000000000057e+02
1.940000000000000000e+02,1.523000000000000114e+02,2.151999999999999886e+02
1.703000000000000114e+02,1.314000000000000057e+02,1.930999999999999943e+02
1.574000000000000057e+02,1.490000000000000000e+02,1.740000000000000000e+02
1.660999999999999943e+02,1.257999999999999972e+02,1.985000000000000000e+02
1.618000000000000114e+02,1.505000000000000000e+02,2.116999999999999886e+02
1.636999999999999886e+02,1.744000000000000057e+02,2.036999999999999886e+02
1.473000000000000114e+02,1.689000000000000057e+02,1.986999999999999886e+02
1.250999999999999943e+02,1.515000000000000000e+02,1.755000000000000000e+02
1.441999999999999886e+02,1.824000000000000057e+02,1.845999999999999943e+02
1.528000000000000114e+02,1.573000000000000114e+02,1.970000000000000000e+02
1.504000000000000057e+02,1.450000000000000000e+02,1.699000000000000057e+02
1.659000000000000057e+02,1.965999999999999943e+02,2.393000000000000114e+02
1.815999999999999943e+02,2.005000000000000000e+02,2.401999999999999886e+02
1.715999999999999943e+02,1.878000000000000114e+02,2.163000000000000114e+02
1.685000000000000000e+02,1.653000000000000114e+02,1.809000000000000057e+02
1.610999999999999943e+02,1.679000000000000057e+02,1.874000000000000057e+02
1.810000000000000000e+02,1.740000000000000000e+02,2.573999999999999773e+02
1.656999999999999886e+02,1.800999999999999943e+02,2.393000000000000114e+02
1.930000000000000000e+02,1.850000000000000000e+02,1.995000000000000000e+02
1.803000000000000114e+02,1.715999999999999943e+02,2.060999999999999943e+02
1.931999999999999886e+02,1.519000000000000057e+02,2.075999999999999943e+02
1.645999999999999943e+02,1.828000000000000114e+02,1.654000000000000057e+02
1.468000000000000114e+02,1.720999999999999943e+02,1.830999999999999943e+02
1.458000000000000114e+02,1.736999999999999886e+02,1.511999999999999886e+02
2.008000000000000114e+02,2.116999999999999886e+02,2.256999999999999886e+02
1.650999999999999943e+02,1.938000000000000114e+02,2.090000000000000000e+02
1.525000000000000000e+02,1.851999999999999886e+02,2.036999999999999886e+02
1.685999999999999943e+02,1.900999999999999943e+02,1.930999999999999943e+02
1.770000000000000000e+02,1.976999999999999886e+02,2.095000000000000000e+02
2.301999999999999886e+02,1.946999999999999886e+02,2.485000000000000000e+02
2.130999999999999943e+02,1.823000000000000114e+02,2.423000000000000114e+02
1.823000000000000114e+02,1.636999999999999886e+02,2.215000000000000000e+02
1.626999999999999886e+02,1.649000000000000057e+02,2.139000000000000057e+02
1.625000000000000000e+02,1.603000000000000114e+02,1.841999999999999886e+02
1.620999999999999943e+02,1.470999999999999943e+02,1.758000000000000114e+02
1.661999999999999886e+02,1.519000000000000057e+02,1.736999999999999886e+02
2.020999999999999943e+02,1.458000000000000114e+02,2.025999999999999943e+02
2.050000000000000000e+02,1.438000000000000114e+02,1.888000000000000114e+02
2.471999999999999886e+02,1.585999999999999943e+02,1.844000000000000057e+02
1.655000000000000000e+02,1.615999999999999943e+02,1.889000000000000057e+02
1.585999999999999943e+02,1.470000000000000000e+02,1.984000000000000057e+02
1.853000000000000114e+02,1.623000000000000114e+02,1.740999999999999943e+02
1.816999999999999886e+02,1.450000000000000000e+02,1.968000000000000114e+02
2.043000000000000114e+02,1.595999999999999943e+02,2.061999999999999886e+02
1.720000000000000000e+02,1.448000000000000114e+02,1.965000000000000000e+02
1.796999999999999886e+02,1.668000000000000114e+02,2.066999999999999886e+02
2.085999999999999943e+02,1.475000000000000000e+02,2.050000000000000000e+02
1.971999999999999886e+02,1.824000000000000057e+02,2.166999999999999886e+02
2.324000000000000057e+02,1.705000000000000000e+02,2.605000000000000000e+02
1.899000000000000057e+02,1.779000000000000057e+02,2.410999999999999943e+02
2.030999999999999943e+02,2.090000000000000000e+02,2.364000000000000057e+02
1.915999999999999943e+02,2.481999999999999886e+02,2.239000000000000057e+02
2.243000000000000114e+02,2.598000000000000114e+02,2.180000000000000000e+02
2.164000000000000057e+02,2.473000000000000114e+02,2.144000000000000057e+02
2.206999999999999886e+02,2.831999999999999886e+02,2.325999999999999943e+02
2.510999999999999943e+02,2.716999999999999886e+02,2.551999999999999886e+02
2.070000000000000000e+02,3.021999999999999886e+02,2.489000000000000057e+02
2.140999999999999943e+02,2.541999999999999886e+02,2.871999999999999886e+02
2.026999999999999886e+02,2.420999999999999943e+02,2.888999999999999773e+02
2.810000000000000000e+02,2.533000000000000114e+02,2.525999999999999943e+02
2.268000000000000114e+02,2.183000000000000114e+02,2.643000000000000114e+02
2.395000000000000000e+02,2.095000000000000000e+02,2.305999999999999943e+02
2.480999999999999943e+02,2.063000000000000114e+02,2.628999999999999773e+02
2.506999999999999886e+02,2.403000000000000114e+02,2.175999999999999943e+02
2.369000000000000057e+02,2.118000000000000114e+02,2.200000000000000000e+02
2.503000000000000114e+02,2.320999999999999943e+02,2.290000000000000000e+02
2.101999999999999886e+02,1.916999999999999886e+02,2.125999999999999943e+02
2.073000000000000114e+02,2.169000000000000057e+02,2.243000000000000114e+02
1.991999999999999886e+02,1.893000000000000114e+02,2.220000000000000000e+02
2.231999999999999886e+02,1.790000000000000000e+02,2.350999999999999943e+02
2.616000000000000227e+02,1.670999999999999943e+02,2.628000000000000114e+02
2.018000000000000114e+02,1.925000000000000000e+02,2.284000000000000057e+02
2.010000000000000000e+02,1.835000000000000000e+02,2.661999999999999886e+02
2.000999999999999943e+02,1.854000000000000057e+02,2.281999999999999886e+02
2.140999999999999943e+02,1.679000000000000057e+02,2.291999999999999886e+02
1.818000000000000114e+02,1.668000000000000114e+02,2.283000000000000114e+02
1.771999999999999886e+02,1.695999999999999943e+02,2.295999999999999943e+02
1.845999999999999943e+02,1.541999999999999886e+02,2.253000000000000114e+02
2.014000000000000057e+02,1.594000000000000057e+02,2.469000000000000057e+02
2.091999999999999886e+02,1.805999999999999943e+02,2.483000000000000114e+02
1.944000000000000057e+02,1.581999999999999886e+02,1.960999999999999943e+02
1.734000000000000057e+02,1.533000000000000114e+02,2.091999999999999886e+02
1.735000000000000000e+02,1.469000000000000057e+02,1.750999999999999943e+02
1.505999999999999943e+02,1.365000000000000000e+02,1.735000000000000000e+02
1.486999999999999886e+02,1.175999999999999943e+02,1.843000000000000114e+02
1.688000000000000114e+02,1.197999999999999972e+02,1.571999999999999886e+02
1.496999999999999886e+02,1.170999999999999943e+02,1.625999999999999943e+02
1.355000000000000000e+02,1.040000000000000000e+02,1.456999999999999886e+02
1.380000000000000000e+02,9.850000000000000000e+01,1.420999999999999943e+02
1.283000000000000114e+02,1.007999999999999972e+02,1.609000000000000057e+02
1.245999999999999943e+02,1.049000000000000057e+02,1.519000000000000057e+02
1.398000000000000114e+02,8.759999999999999432e+01,1.340999999999999943e+02
1.544000000000000057e+02,9.809999999999999432e+01,1.439000000000000057e+02
1.514000000000000057e+02,8.520000000000000284e+01,1.580000000000000000e+02
1.495000000000000000e+02,8.450000000000000000e+01,1.431999999999999886e+02
1.415999999999999943e+02,1.012000000000000028e+02,1.380999999999999943e+02
1.388000000000000114e+02,9.640000000000000568e+01,1.495999999999999943e+02
1.416999999999999886e+02,9.870000000000000284e+01,1.435999999999999943e+02
1.390999999999999943e+02,1.020999999999999943e+02,1.488000000000000114e+02
1.414000000000000057e+02,9.840000000000000568e+01,1.515999999999999943e+02
1.509000000000000057e+02,9.290000000000000568e+01,1.704000000000000057e+02
1.510999999999999943e+02,9.970000000000000284e+01,1.594000000000000057e+02
1.514000000000000057e+02,8.540000000000000568e+01,1.710000000000000000e+02
1.455000000000000000e+02,8.750000000000000000e+01,1.435000000000000000e+02
1.375000000000000000e+02,9.479999999999999716e+01,1.325000000000000000e+02
1.479000000000000057e+02,9.100000000000000000e+01,1.313000000000000114e+02
1.371999999999999886e+02,8.179999999999999716e+01,1.399000000000000057e+02
1.385999999999999943e+02,8.720000000000000284e+01,1.320999999999999943e+02
1.365000000000000000e+02,9.579999999999999716e+01,1.290000000000000000e+02
1.335999999999999943e+02,8.009999999999999432e+01,1.325999999999999943e+02
1.358000000000000114e+02,8.759999999999999432e+01,1.314000000000000057e+02
1.329000000000000057e+02,8.579999999999999716e+01,1.300000000000000000e+02
1.202000000000000028e+02,8.129999999999999716e+01,1.139000000000000057e+02
1.187000000000000028e+02,8.720000000000000284e+01,1.132000000000000028e+02
1.250999999999999943e+02,8.359999999999999432e+01,1.303000000000000114e+02
1.175999999999999943e+02,7.859999999999999432e+01,1.321999999999999886e+02
1.170000000000000000e+02,9.029999999999999716e+01,1.127000000000000028e+02
1.065999999999999943e+02,8.079999999999999716e+01,1.114000000000000057e+02
1.067000000000000028e+02,8.379999999999999716e+01,1.300000000000000000e+02
1.075000000000000000e+02,9.750000000000000000e+01,1.284000000000000057e+02
9.950000000000000000e+01,7.579999999999999716e+01,1.234000000000000057e+02
1.002000000000000028e+02,7.709999999999999432e+01,1.275999999999999943e+02
9.770000000000000284e+01,9.240000000000000568e+01,1.207000000000000028e+02
1.022000000000000028e+02,8.329999999999999716e+01,1.215000000000000000e+02
1.035999999999999943e+02,8.100000000000000000e+01,1.120999999999999943e+02
1.117000000000000028e+02,9.070000000000000284e+01,1.162999999999999972e+02
1.077999999999999972e+02,9.820000000000000284e+01,1.285000000000000000e+02
1.057000000000000028e+02,1.075000000000000000e+02,1.267000000000000028e+02
1.290000000000000000e+02,1.286999999999999886e+02,1.283000000000000114e+02
1.325000000000000000e+02,1.360000000000000000e+02,1.265000000000000000e+02
1.160000000000000000e+02,1.215000000000000000e+02,1.436999999999999886e+02
1.485000000000000000e+02,1.272000000000000028e+02,1.506999999999999886e+02
1.240000000000000000e+02,9.959999999999999432e+01,1.528000000000000114e+02
1.360999999999999943e+02,1.249000000000000057e+02,1.329000000000000057e+02
1.615000000000000000e+02,1.701999999999999886e+02,1.600000000000000000e+02
1.591999999999999886e+02,1.212000000000000028e+02,1.799000000000000057e+02
1.182999999999999972e+02,1.224000000000000057e+02,1.704000000000000057e+02
1.252999999999999972e+02,1.065000000000000000e+02,1.643000000000000114e+02
1.493000000000000114e+02,1.027999999999999972e+02,1.920000000000000000e+02
1.468000000000000114e+02,1.326999999999999886e+02,2.020999999999999943e+02
1.463000000000000114e+02,1.420000000000000000e+02,1.830999999999999943e+02
1.286999999999999886e+02,1.250999999999999943e+02,2.005000000000000000e+02
1.523000000000000114e+02,1.566999999999999886e+02,2.105999999999999943e+02
1.796999999999999886e+02,1.458000000000000114e+02,2.424000000000000057e+02
1.943000000000000114e+02,1.584000000000000057e+02,2.373000000000000114e+02
1.625999999999999943e+02,1.803000000000000114e+02,1.846999999999999886e+02
1.545999999999999943e+02,1.448000000000000114e+02,1.905000000000000000e+02
1.455000000000000000e+02,1.446999999999999886e+02,2.038000000000000114e+02
1.481999999999999886e+02,1.409000000000000057e+02,2.340999999999999943e+02
1.409000000000000057e+02,1.320000000000000000e+02,2.221999999999999886e+02
1.470000000000000000e+02,1.378000000000000114e+02,1.886999999999999886e+02
1.389000000000000057e+02,1.630999999999999943e+02,1.749000000000000057e+02
1.450000000000000000e+02,1.308000000000000114e+02,1.890999999999999943e+02
1.488000000000000114e+02,1.277000000000000028e+02,2.140999999999999943e+02
1.601999999999999886e+02,1.350999999999999943e+02,1.993000000000000114e+02
1.445999999999999943e+02,1.514000000000000057e+02,1.901999999999999886e+02
1.616999999999999886e+02,1.325999999999999943e+02,1.774000000000000057e+02
1.645999999999999943e+02,1.329000000000000057e+02,1.669000000000000057e+02
1.264000000000000057e+02,1.285999999999999943e+02,1.805999999999999943e+02
1.665000000000000000e+02,1.379000000000000057e+02,1.698000000000000114e+02
1.939000000000000057e+02,1.608000000000000114e+02,2.138000000000000114e+02
2.236999999999999886e+02,1.844000000000000057e+02,2.870000000000000000e+02
2.150000000000000000e+02,1.919000000000000057e+02,2.783999999999999773e+02
2.290999999999999943e+02,1.793000000000000114e+02,2.234000000000000057e+02
1.958000000000000114e+02,1.713000000000000114e+02,2.143000000000000114e+02
1.680000000000000000e+02,1.704000000000000057e+02,1.988000000000000114e+02
1.768000000000000114e+02,1.830000000000000000e+02,1.879000000000000057e+02
1.411999999999999886e+02,1.724000000000000057e+02,1.809000000000000057e+02
1.620999999999999943e+02,1.941999999999999886e+02,2.303000000000000114e+02
1.760999999999999943e+02,1.871999999999999886e+02,2.445999999999999943e+02
1.686999999999999886e+02,1.845999999999999943e+02,2.190000000000000000e+02
1.485000000000000000e+02,1.780999999999999943e+02,1.873000000000000114e+02
1.831999999999999886e+02,1.795000000000000000e+02,1.769000000000000057e+02
1.491999999999999886e+02,1.760000000000000000e+02,1.594000000000000057e+02
1.623000000000000114e+02,1.770999999999999943e+02,1.560000000000000000e+02
1.575999999999999943e+02,1.735999999999999943e+02,1.645999999999999943e+02
1.771999999999999886e+02,1.705999999999999943e+02,1.791999999999999886e+02
1.634000000000000057e+02,1.586999999999999886e+02,1.831999999999999886e+02
1.459000000000000057e+02,1.583000000000000114e+02,2.225000000000000000e+02
1.703000000000000114e+02,1.779000000000000057e+02,2.143000000000000114e+02
2.004000000000000057e+02,2.059000000000000057e+02,2.331999999999999886e+02
1.776999999999999886e+02,2.048000000000000114e+02,2.428000000000000114e+02
1.840999999999999943e+02,1.819000000000000057e+02,2.275999999999999943e+02
2.010000000000000000e+02,1.913000000000000114e+02,2.388000000000000114e+02
2.085999999999999943e+02,1.995999999999999943e+02,2.214000000000000057e+02
1.735000000000000000e+02,1.463000000000000114e+02,2.253000000000000114e+02
1.675999999999999943e+02,1.529000000000000057e+02,2.000999999999999943e+02
1.905000000000000000e+02,1.600999999999999943e+02,2.040000000000000000e+02
1.850999999999999943e+02,1.554000000000000057e+02,2.196999999999999886e+02
2.010999999999999943e+02,1.671999999999999886e+02,2.149000000000000057e+02
1.709000000000000057e+02,1.650000000000000000e+02,1.994000000000000057e+02
1.833000000000000114e+02,1.938000000000000114e+02,2.474000000000000057e+02
2.270000000000000000e+02,1.601999999999999886e+02,2.251999999999999886e+02
2.331999999999999886e+02,1.698000000000000114e+02,2.065000000000000000e+02
1.898000000000000114e+02,1.904000000000000057e+02,2.290999999999999943e+02
2.266999999999999886e+02,1.656999999999999886e+02,2.216999999999999886e+02
1.850000000000000000e+02,1.983000000000000114e+02,2.456999999999999886e+02
1.680000000000000000e+02,1.990000000000000000e+02,2.228000000000000114e+02
1.875999999999999943e+02,2.131999999999999886e+02,2.445000000000000000e+02
1.970999999999999943e+02,2.330000000000000000e+02,2.571000000000000227e+02
2.179000000000000057e+02,2.518000000000000114e+02,2.918999999999999773e+02
2.195999999999999943e+02,2.260000000000000000e+02,2.808000000000000114e+02
2.213000000000000114e+02,2.288000000000000114e+02,3.066000000000000227e+02
2.194000000000000057e+02,2.725000000000000000e+02,2.671999999999999886e+02
2.233000000000000114e+02,2.476999999999999886e+02,2.978999999999999773e+02
2.353000000000000114e+02,2.525000000000000000e+02,2.910000000000000000e+02
2.558000000000000114e+02,2.269000000000000057e+02,2.761000000000000227e+02
2.515000000000000000e+02,2.193000000000000114e+02,2.580000000000000000e+02
2.371999999999999886e+02,2.000000000000000000e+02,3.016999999999999886e+02
2.293000000000000114e+02,2.105999999999999943e+02,2.833999999999999773e+02
2.114000000000000057e+02,2.003000000000000114e+02,2.816999999999999886e+02
1.880000000000000000e+02,1.750000000000000000e+02,2.535000000000000000e+02
1.975999999999999943e+02,1.899000000000000057e+02,2.444000000000000057e+02
1.779000000000000057e+02,1.824000000000000057e+02,2.621999999999999886e+02
1.775999999999999943e+02,1.696999999999999886e+02,2.630000000000000000e+02
1.975000000000000000e+02,1.943000000000000114e+02,2.731000000000000227e+02
1.923000000000000114e+02,1.855999999999999943e+02,2.394000000000000057e+02
1.765000000000000000e+02,1.705999999999999943e+02,2.586999999999999886e+02
1.945000000000000000e+02,1.659000000000000057e+02,2.613000000000000114e+02
2.435999999999999943e+02,1.473000000000000114e+02,2.668000000000000114e+02
2.324000000000000057e+02,1.811999999999999886e+02,2.641999999999999886e+02
2.238000000000000114e+02,1.426999999999999886e+02,2.991000000000000227e+02
2.205999999999999943e+02,1.549000000000000057e+02,2.833999999999999773e+02
2.055999999999999943e+02,1.663000000000000114e+02,2.713000000000000114e+02
2.116999999999999886e+02,1.450000000000000000e+02,2.283000000000000114e+02
1.889000000000000057e+02,1.281999999999999886e+02,2.265999999999999943e+02
2.001999999999999886e+02,1.350999999999999943e+02,2.401999999999999886e+02
1.930000000000000000e+02,1.214000000000000057e+02,2.265000000000000000e+02
1.924000000000000057e+02,1.293000000000000114e+02,2.318000000000000114e+02
1.945000000000000000e+02,1.134000000000000057e+02,1.890999999999999943e+02
1.893000000000000114e+02,1.065999999999999943e+02,1.769000000000000057e+02
1.678000000000000114e+02,1.523000000000000114e+02,1.770999999999999943e+02
1.551999999999999886e+02,1.277000000000000028e+02,1.580999999999999943e+02
1.746999999999999886e+02,9.340000000000000568e+01,1.606999999999999886e+02
1.985999999999999943e+02,1.034000000000000057e+02,1.754000000000000057e+02
1.641999999999999886e+02,9.759999999999999432e+01,1.516999999999999886e+02
1.546999999999999886e+02,9.479999999999999716e+01,1.420000000000000000e+02
1.546999999999999886e+02,9.959999999999999432e+01,1.499000000000000057e+02
1.618000000000000114e+02,9.059999999999999432e+01,1.373000000000000114e+02
1.564000000000000057e+02,1.129000000000000057e+02,1.399000000000000057e+02
1.519000000000000057e+02,1.057999999999999972e+02,1.349000000000000057e+02
1.525000000000000000e+02,1.037000000000000028e+02,1.410000000000000000e+02
1.499000000000000057e+02,1.102000000000000028e+02,1.730000000000000000e+02
1.366999999999999886e+02,1.115000000000000000e+02,1.646999999999999886e+02
1.385999999999999943e+02,1.149000000000000057e+02,1.605999999999999943e+02
1.423000000000000114e+02,1.180000000000000000e+02,1.620000000000000000e+02
1.434000000000000057e+02,1.125999999999999943e+02,1.551999999999999886e+02
1.385000000000000000e+02,1.010000000000000000e+02,1.460000000000000000e+02
1.460000000000000000e+02,9.640000000000000568e+01,1.400000000000000000e+02
1.353000000000000114e+02,1.147999999999999972e+02,1.205000000000000000e+02
1.365999999999999943e+02,1.040000000000000000e+02,1.318000000000000114e+02
1.378000000000000114e+02,1.049000000000000057e+02,1.354000000000000057e+02
1.373000000000000114e+02,1.077999999999999972e+02,1.164000000000000057e+02
1.370000000000000000e+02,9.340000000000000568e+01,1.235999999999999943e+02
1.410999999999999943e+02,8.420000000000000284e+01,1.295999999999999943e+02
1.355999999999999943e+02,8.829999999999999716e+01,1.215000000000000000e+02
1.366999999999999886e+02,8.879999999999999716e+01,1.200999999999999943e+02
1.356999999999999886e+02,8.009999999999999432e+01,1.217000000000000028e+02
1.285999999999999943e+02,9.300000000000000000e+01,1.170999999999999943e+02
1.343000000000000114e+02,8.350000000000000000e+01,1.291999999999999886e+02
1.328000000000000114e+02,7.890000000000000568e+01,1.144000000000000057e+02
1.237000000000000028e+02,8.720000000000000284e+01,1.082999999999999972e+02
1.229000000000000057e+02,8.559999999999999432e+01,1.142999999999999972e+02
1.184000000000000057e+02,7.909999999999999432e+01,1.164000000000000057e+02
1.184000000000000057e+02,9.120000000000000284e+01,1.396999999999999886e+02
1.039000000000000057e+02,8.650000000000000000e+01,1.380999999999999943e+02
9.500000000000000000e+01,7.679999999999999716e+01,1.135999999999999943e+02
9.909999999999999432e+01,8.250000000000000000e+01,1.247000000000000028e+02
1.005999999999999943e+02,9.950000000000000000e+01,1.162999999999999972e+02
1.070999999999999943e+02,9.400000000000000000e+01,1.080999999999999943e+02
1.122999999999999972e+02,8.559999999999999432e+01,1.200000000000000000e+02
1.052000000000000028e+02,1.157000000000000028e+02,1.105000000000000000e+02
1.062000000000000028e+02,1.057000000000000028e+02,1.147000000000000028e+02
1.072999999999999972e+02,1.082000000000000028e+02,1.200999999999999943e+02
1.405000000000000000e+02,1.075999999999999943e+02,1.356999999999999886e+02
1.315999999999999943e+02,1.348000000000000114e+02,1.546999999999999886e+02
1.330000000000000000e+02,1.335000000000000000e+02,1.341999999999999886e+02
1.465000000000000000e+02,1.430000000000000000e+02,1.468000000000000114e+02
1.304000000000000057e+02,1.249000000000000057e+02,1.585000000000000000e+02
1.339000000000000057e+02,1.569000000000000057e+02,1.595999999999999943e+02
1.441999999999999886e+02,1.539000000000000057e+02,2.074000000000000057e+02
1.425999999999999943e+02,1.305999999999999943e+02,1.825999999999999943e+02
1.471999999999999886e+02,1.430000000000000000e+02,1.725999999999999943e+02
1.434000000000000057e+02,1.510000000000000000e+02,2.134000000000000057e+02
1.535000000000000000e+02,1.277999999999999972e+02,2.360999999999999943e+02
1.413000000000000114e+02,1.338000000000000114e+02,2.104000000000000057e+02
1.355999999999999943e+02,1.478000000000000114e+02,1.945999999999999943e+02
1.950999999999999943e+02,1.484000000000000057e+02,2.180000000000000000e+02
1.855999999999999943e+02,1.363000000000000114e+02,2.413000000000000114e+02
1.919000000000000057e+02,1.554000000000000057e+02,1.789000000000000057e+02
1.611999999999999886e+02,1.610000000000000000e+02,2.111999999999999886e+02
1.513000000000000114e+02,1.630999999999999943e+02,1.843000000000000114e+02
1.525999999999999943e+02,2.008000000000000114e+02,1.770000000000000000e+02
1.570999999999999943e+02,1.929000000000000057e+02,1.861999999999999886e+02
1.614000000000000057e+02,1.349000000000000057e+02,2.201999999999999886e+02
1.523000000000000114e+02,1.408000000000000114e+02,1.795999999999999943e+02
1.470000000000000000e+02,1.720999999999999943e+02,2.071999999999999886e+02
1.750999999999999943e+02,1.500000000000000000e+02,1.886999999999999886e+02
1.878000000000000114e+02,1.429000000000000057e+02,1.891999999999999886e+02
1.940000000000000000e+02,1.749000000000000057e+02,1.909000000000000057e+02
1.536999999999999886e+02,1.465000000000000000e+02,1.934000000000000057e+02
1.530999999999999943e+02,1.375999999999999943e+02,1.813000000000000114e+02
1.368000000000000114e+02,1.306999999999999886e+02,1.980999999999999943e+02
1.661999999999999886e+02,1.473000000000000114e+02,1.900999999999999943e+02
1.904000000000000057e+02,1.409000000000000057e+02,1.984000000000000057e+02
1.800999999999999943e+02,1.335999999999999943e+02,2.038000000000000114e+02
1.794000000000000057e+02,1.329000000000000057e+02,2.104000000000000057e+02
1.850999999999999943e+02,1.375000000000000000e+02,2.226999999999999886e+02
1.738000000000000114e+02,1.299000000000000057e+02,2.270999999999999943e+02
1.539000000000000057e+02,1.406999999999999886e+02,2.031999999999999886e+02
1.821999999999999886e+02,1.629000000000000057e+02,1.979000000000000057e+02
1.560000000000000000e+02,1.670999999999999943e+02,1.815000000000000000e+02
1.559000000000000057e+02,1.610999999999999943e+02,2.518000000000000114e+02
1.855000000000000000e+02,1.785000000000000000e+02,2.168000000000000114e+02
1.536999999999999886e+02,1.551999999999999886e+02,1.934000000000000057e+02
1.540000000000000000e+02,1.725999999999999943e+02,1.968000000000000114e+02
1.624000000000000057e+02,1.609000000000000057e+02,2.195000000000000000e+02
1.564000000000000057e+02,1.824000000000000057e+02,1.990999999999999943e+02
1.528000000000000114e+02,1.736999999999999886e+02,1.854000000000000057e+02
1.471999999999999886e+02,1.531999999999999886e+02,1.940000000000000000e+02
1.628000000000000114e+02,1.464000000000000057e+02,1.939000000000000057e+02
1.734000000000000057e+02,1.501999999999999886e+02,1.886999999999999886e+02
1.784000000000000057e+02,1.436999999999999886e+02,1.883000000000000114e+02
1.463000000000000114e+02,1.570999999999999943e+02,1.995000000000000000e+02
1.470000000000000000e+02,1.560999999999999943e+02,2.121999999999999886e+02
1.703000000000000114e+02,1.590000000000000000e+02,2.346999999999999886e+02
1.645999999999999943e+02,1.515000000000000000e+02,2.091999999999999886e+02
1.838000000000000114e+02,1.651999999999999886e+02,2.713000000000000114e+02
1.795000000000000000e+02,1.820000000000000000e+02,2.578999999999999773e+02
1.815000000000000000e+02,1.955000000000000000e+02,2.440999999999999943e+02
1.995000000000000000e+02,1.730999999999999943e+02,2.328000000000000114e+02
1.788000000000000114e+02,1.605000000000000000e+02,2.474000000000000057e+02
1.695000000000000000e+02,1.479000000000000057e+02,2.515999999999999943e+02
1.619000000000000057e+02,1.763000000000000114e+02,2.240999999999999943e+02
1.865999999999999943e+02,1.529000000000000057e+02,2.651000000000000227e+02
2.020000000000000000e+02,1.309000000000000057e+02,2.235000000000000000e+02
2.004000000000000057e+02,1.609000000000000057e+02,2.334000000000000057e+02
2.250999999999999943e+02,1.875999999999999943e+02,2.473000000000000114e+02
2.291999999999999886e+02,1.895000000000000000e+02,2.701000000000000227e+02
1.739000000000000057e+02,1.905000000000000000e+02,2.991999999999999886e+02
2.015000000000000000e+02,2.045000000000000000e+02,3.583999999999999773e+02
2.290000000000000000e+02,1.976999999999999886e+02,3.361999999999999886e+02
2.261999999999999886e+02,2.133000000000000114e+02,3.581999999999999886e+02
2.070000000000000000e+02,1.920000000000000000e+02,2.613999999999999773e+02
2.280999999999999943e+02,1.954000000000000057e+02,2.545999999999999943e+02
2.563000000000000114e+02,1.886999999999999886e+02,2.783000000000000114e+02
2.450999999999999943e+02,1.768000000000000114e+02,2.600000000000000000e+02
2.635000000000000000e+02,2.164000000000000057e+02,2.736000000000000227e+02
2.481999999999999886e+02,2.274000000000000057e+02,2.868000000000000114e+02
2.345000000000000000e+02,2.230000000000000000e+02,3.260000000000000000e+02
2.646999999999999886e+02,2.328000000000000114e+02,2.633000000000000114e+02
2.035000000000000000e+02,2.045000000000000000e+02,2.429000000000000057e+02
1.913000000000000114e+02,2.056999999999999886e+02,2.701000000000000227e+02
2.565000000000000000e+02,1.925000000000000000e+02,2.753999999999999773e+02
2.380000000000000000e+02,1.934000000000000057e+02,2.500000000000000000e+02
2.735000000000000000e+02,1.948000000000000114e+02,2.450999999999999943e+02
2.364000000000000057e+02,2.073000000000000114e+02,2.586000000000000227e+02
2.098000000000000114e+02,1.851999999999999886e+02,2.646000000000000227e+02
2.323000000000000114e+02,2.159000000000000057e+02,2.534000000000000057e+02
2.510999999999999943e+02,2.291999999999999886e+02,2.511999999999999886e+02
2.435999999999999943e+02,2.151999999999999886e+02,2.506999999999999886e+02
2.390999999999999943e+02,2.058000000000000114e+02,2.878999999999999773e+02
2.435000000000000000e+02,1.644000000000000057e+02,2.596000000000000227e+02
2.096999999999999886e+02,1.666999999999999886e+02,2.763999999999999773e+02
2.550000000000000000e+02,1.755000000000000000e+02,2.718999999999999773e+02
2.325999999999999943e+02,1.516999999999999886e+02,2.253000000000000114e+02
1.986999999999999886e+02,1.585000000000000000e+02,2.260999999999999943e+02
2.063000000000000114e+02,1.735000000000000000e+02,2.221999999999999886e+02
2.015999999999999943e+02,1.808000000000000114e+02,1.920000000000000000e+02
2.010999999999999943e+02,1.650999999999999943e+02,1.835999999999999943e+02
1.885999999999999943e+02,1.969000000000000057e+02,2.083000000000000114e+02
1.674000000000000057e+02,1.473000000000000114e+02,1.815000000000000000e+02
1.610999999999999943e+02,1.460999999999999943e+02,1.765999999999999943e+02
1.603000000000000114e+02,1.390999999999999943e+02,1.915000000000000000e+02
1.504000000000000057e+02,1.458000000000000114e+02,2.028000000000000114e+02
1.824000000000000057e+02,1.249000000000000057e+02,1.975000000000000000e+02
1.570000000000000000e+02,1.324000000000000057e+02,1.783000000000000114e+02
1.338000000000000114e+02,1.042999999999999972e+02,1.631999999999999886e+02
1.398000000000000114e+02,1.084000000000000057e+02,1.575999999999999943e+02
1.345000000000000000e+02,1.039000000000000057e+02,1.555000000000000000e+02
1.340000000000000000e+02,1.060000000000000000e+02,1.500000000000000000e+02
1.329000000000000057e+02,1.007000000000000028e+02,1.459000000000000057e+02
1.281999999999999886e+02,9.670000000000000284e+01,1.554000000000000057e+02
1.242000000000000028e+02,1.127000000000000028e+02,1.434000000000000057e+02
1.250000000000000000e+02,1.065000000000000000e+02,1.389000000000000057e+02
1.132999999999999972e+02,1.069000000000000057e+02,1.434000000000000057e+02
1.142999999999999972e+02,1.105000000000000000e+02,1.533000000000000114e+02
1.252999999999999972e+02,1.215000000000000000e+02,1.620999999999999943e+02
1.187999999999999972e+02,1.227999999999999972e+02,1.701999999999999886e+02
1.192000000000000028e+02,1.212999999999999972e+02,1.725999999999999943e+02
1.092000000000000028e+02,1.097000000000000028e+02,1.763000000000000114e+02
1.080000000000000000e+02,1.130999999999999943e+02,1.670999999999999943e+02
1.154000000000000057e+02,9.620000000000000284e+01,1.426999999999999886e+02
1.125000000000000000e+02,9.170000000000000284e+01,1.501999999999999886e+02
1.064000000000000057e+02,9.850000000000000000e+01,1.316999999999999886e+02
1.047999999999999972e+02,9.840000000000000568e+01,1.291999999999999886e+02
1.047999999999999972e+02,1.040000000000000000e+02,1.334000000000000057e+02
1.052000000000000028e+02,9.670000000000000284e+01,1.207999999999999972e+02
1.054000000000000057e+02,1.057000000000000028e+02,1.234000000000000057e+02
1.047999999999999972e+02,9.109999999999999432e+01,1.315000000000000000e+02
1.064000000000000057e+02,8.640000000000000568e+01,1.411999999999999886e+02
1.115000000000000000e+02,9.079999999999999716e+01,1.625000000000000000e+02
1.110000000000000000e+02,8.659999999999999432e+01,1.371999999999999886e+02
1.077000000000000028e+02,9.359999999999999432e+01,1.260000000000000000e+02
1.092000000000000028e+02,9.179999999999999716e+01,1.359000000000000057e+02
1.062999999999999972e+02,9.920000000000000284e+01,1.207000000000000028e+02
1.057999999999999972e+02,9.309999999999999432e+01,1.350999999999999943e+02
1.062999999999999972e+02,8.820000000000000284e+01,1.445000000000000000e+02
1.042999999999999972e+02,9.370000000000000284e+01,1.247999999999999972e+02
1.055999999999999943e+02,8.670000000000000284e+01,1.416999999999999886e+02
1.040000000000000000e+02,8.190000000000000568e+01,1.351999999999999886e+02
1.045000000000000000e+02,9.029999999999999716e+01,1.310000000000000000e+02
1.042000000000000028e+02,8.400000000000000000e+01,1.425000000000000000e+02
1.017000000000000028e+02,8.929999999999999716e+01,1.204000000000000057e+02
1.045000000000000000e+02,1.120000000000000000e+02,1.235000000000000000e+02
1.152000000000000028e+02,1.079000000000000057e+02,1.277000000000000028e+02
1.042000000000000028e+02,1.122000000000000028e+02,1.275000000000000000e+02
1.187999999999999972e+02,1.104000000000000057e+02,1.545000000000000000e+02
1.239000000000000057e+02,1.333000000000000114e+02,1.703000000000000114e+02
1.328000000000000114e+02,2.104000000000000057e+02,1.534000000000000057e+02
1.360999999999999943e+02,1.839000000000000057e+02,1.590000000000000000e+02
1.501999999999999886e+02,1.598000000000000114e+02,1.949000000000000057e+02
1.626999999999999886e+02,1.403000000000000114e+02,1.513000000000000114e+02
1.691999999999999886e+02,1.286999999999999886e+02,1.726999999999999886e+02
1.381999999999999886e+02,2.021999999999999886e+02,1.745999999999999943e+02
1.443000000000000114e+02,1.370000000000000000e+02,1.535999999999999943e+02
1.498000000000000114e+02,1.460000000000000000e+02,1.780999999999999943e+02
1.504000000000000057e+02,1.630000000000000000e+02,1.828000000000000114e+02
1.494000000000000057e+02,1.360000000000000000e+02,2.085999999999999943e+02
1.400000000000000000e+02,1.555000000000000000e+02,2.035000000000000000e+02
1.613000000000000114e+02,1.808000000000000114e+02,2.160000000000000000e+02
1.814000000000000057e+02,1.568000000000000114e+02,1.945000000000000000e+02
1.978000000000000114e+02,1.830999999999999943e+02,2.018000000000000114e+02
2.021999999999999886e+02,1.644000000000000057e+02,2.069000000000000057e+02
1.789000000000000057e+02,1.669000000000000057e+02,2.141999999999999886e+02
1.683000000000000114e+02,1.451999999999999886e+02,1.971999999999999886e+02
1.520999999999999943e+02,1.518000000000000114e+02,1.825999999999999943e+02
1.506999999999999886e+02,1.876999999999999886e+02,2.131999999999999886e+02
1.480999999999999943e+02,1.675999999999999943e+02,2.540999999999999943e+02
1.544000000000000057e+02,1.408000000000000114e+02,2.029000000000000057e+02
1.728000000000000114e+02,1.459000000000000057e+02,1.829000000000000057e+02
1.780999999999999943e+02,1.446999999999999886e+02,2.039000000000000057e+02
1.681999999999999886e+02,1.590999999999999943e+02,2.300000000000000000e+02
1.753000000000000114e+02,1.430000000000000000e+02,2.025999999999999943e+02
1.621999999999999886e+02,1.459000000000000057e+02,1.844000000000000057e+02
1.591999999999999886e+02,1.800000000000000000e+02,1.901999999999999886e+02
1.420999999999999943e+02,1.634000000000000057e+02,1.810000000000000000e+02
1.835000000000000000e+02,1.524000000000000057e+02,2.088000000000000114e+02
1.930999999999999943e+02,1.730000000000000000e+02,1.830999999999999943e+02
1.726999999999999886e+02,1.704000000000000057e+02,1.900999999999999943e+02
1.765999999999999943e+02,1.555999999999999943e+02,2.001999999999999886e+02
1.645999999999999943e+02,1.448000000000000114e+02,2.250999999999999943e+02
1.718000000000000114e+02,1.506999999999999886e+02,2.411999999999999886e+02
1.828000000000000114e+02,1.745000000000000000e+02,2.263000000000000114e+02
1.794000000000000057e+02,1.713000000000000114e+02,2.264000000000000057e+02
1.879000000000000057e+02,1.591999999999999886e+02,2.270000000000000000e+02
1.960000000000000000e+02,1.584000000000000057e+02,1.963000000000000114e+02
1.956999999999999886e+02,1.596999999999999886e+02,1.950000000000000000e+02
1.685000000000000000e+02,1.700999999999999943e+02,1.815000000000000000e+02
1.635999999999999943e+02,1.456999999999999886e+02,1.678000000000000114e+02
1.645000000000000000e+02,1.698000000000000114e+02,1.950999999999999943e+02
1.736999999999999886e+02,1.435000000000000000e+02,1.894000000000000057e+02
1.598000000000000114e+02,1.618000000000000114e+02,1.965999999999999943e+02
1.568000000000000114e+02,1.620000000000000000e+02,1.960999999999999943e+02
1.668000000000000114e+02,1.640000000000000000e+02,1.705999999999999943e+02
1.896999999999999886e+02,2.020000000000000000e+02,2.070999999999999943e+02
1.834000000000000057e+02,2.550000000000000000e+02,2.305000000000000000e+02
1.890000000000000000e+02,2.195999999999999943e+02,2.289000000000000057e+02
2.189000000000000057e+02,1.828000000000000114e+02,2.115999999999999943e+02
1.869000000000000057e+02,1.650999999999999943e+02,2.198000000000000114e+02
1.466999999999999886e+02,1.675000000000000000e+02,2.093000000000000114e+02
1.573000000000000114e+02,1.713000000000000114e+02,2.530000000000000000e+02
1.810999999999999943e+02,2.033000000000000114e+02,2.801999999999999886e+02
2.128000000000000114e+02,2.046999999999999886e+02,2.503000000000000114e+02
1.783000000000000114e+02,1.918000000000000114e+02,2.098000000000000114e+02
1.541999999999999886e+02,1.621999999999999886e+02,2.411999999999999886e+02
1.608000000000000114e+02,1.566999999999999886e+02,2.515999999999999943e+02
1.890000000000000000e+02,1.503000000000000114e+02,2.921999999999999886e+02
1.884000000000000057e+02,1.628000000000000114e+02,2.570000000000000000e+02
2.099000000000000057e+02,1.661999999999999886e+02,2.653000000000000114e+02
1.754000000000000057e+02,1.550999999999999943e+02,2.968999999999999773e+02
1.964000000000000057e+02,1.663000000000000114e+02,2.711000000000000227e+02
1.883000000000000114e+02,1.591999999999999886e+02,2.860000000000000000e+02
2.099000000000000057e+02,1.678000000000000114e+02,3.000000000000000000e+02
2.345000000000000000e+02,1.906999999999999886e+02,2.718999999999999773e+02
2.420999999999999943e+02,1.806999999999999886e+02,2.678999999999999773e+02
2.373000000000000114e+02,2.200999999999999943e+02,2.528000000000000114e+02
2.380999999999999943e+02,2.029000000000000057e+02,2.168000000000000114e+02
2.304000000000000057e+02,2.051999999999999886e+02,2.491999999999999886e+02
2.458000000000000114e+02,1.973000000000000114e+02,2.843999999999999773e+02
2.388000000000000114e+02,2.113000000000000114e+02,2.658999999999999773e+02
2.631000000000000227e+02,2.108000000000000114e+02,2.435999999999999943e+02
2.524000000000000057e+02,2.120000000000000000e+02,2.330999999999999943e+02
2.485000000000000000e+02,2.209000000000000057e+02,2.721000000000000227e+02
2.553000000000000114e+02,2.015000000000000000e+02,2.588999999999999773e+02
2.334000000000000057e+02,2.008000000000000114e+02,2.534000000000000057e+02
2.055999999999999943e+02,1.878000000000000114e+02,2.534000000000000057e+02
1.849000000000000057e+02,1.713000000000000114e+02,2.408000000000000114e+02
2.179000000000000057e+02,1.608000000000000114e+02,2.666000000000000227e+02
2.239000000000000057e+02,2.278000000000000114e+02,2.880000000000000000e+02
2.218000000000000114e+02,2.128000000000000114e+02,2.881000000000000227e+02
2.558000000000000114e+02,1.870000000000000000e+02,2.963000000000000114e+02
2.239000000000000057e+02,1.761999999999999886e+02,2.630000000000000000e+02
2.428000000000000114e+02,1.950999999999999943e+02,2.588999999999999773e+02
2.080000000000000000e+02,1.803000000000000114e+02,2.374000000000000057e+02
1.969000000000000057e+02,1.701999999999999886e+02,2.686999999999999886e+02
1.900999999999999943e+02,1.519000000000000057e+02,3.281000000000000227e+02
2.126999999999999886e+02,1.738000000000000114e+02,2.698000000000000114e+02
2.020000000000000000e+02,1.741999999999999886e+02,2.631999999999999886e+02
2.159000000000000057e+02,1.681999999999999886e+02,2.359000000000000057e+02
2.300999999999999943e+02,1.823000000000000114e+02,2.390000000000000000e+02
1.730999999999999943e+02,1.593000000000000114e+02,2.075999999999999943e+02
1.608000000000000114e+02,1.633000000000000114e+02,2.210999999999999943e+02
1.635999999999999943e+02,1.574000000000000057e+02,2.160999999999999943e+02
1.755000000000000000e+02,1.405000000000000000e+02,1.983000000000000114e+02
1.691999999999999886e+02,1.441999999999999886e+02,2.024000000000000057e+02
1.815999999999999943e+02,1.541999999999999886e+02,1.759000000000000057e+02
1.698000000000000114e+02,1.750000000000000000e+02,1.898000000000000114e+02
1.559000000000000057e+02,1.285000000000000000e+02,1.895000000000000000e+02
1.518000000000000114e+02,1.187999999999999972e+02,1.698000000000000114e+02
1.260000000000000000e+02,1.274000000000000057e+02,1.556999999999999886e+02
1.230999999999999943e+02,1.381999999999999886e+02,1.363000000000000114e+02
1.157999999999999972e+02,1.245000000000000000e+02,1.376999999999999886e+02
1.157999999999999972e+02,1.169000000000000057e+02,1.364000000000000057e+02
1.095000000000000000e+02,1.137000000000000028e+02,1.413000000000000114e+02
1.132999999999999972e+02,1.037999999999999972e+02,1.354000000000000057e+02
1.162999999999999972e+02,9.859999999999999432e+01,1.296999999999999886e+02
1.244000000000000057e+02,1.190000000000000000e+02,1.375999999999999943e+02
1.210000000000000000e+02,1.092000000000000028e+02,1.254000000000000057e+02
1.197999999999999972e+02,1.065000000000000000e+02,1.308000000000000114e+02
1.200000000000000000e+02,1.105000000000000000e+02,1.539000000000000057e+02
1.152000000000000028e+02,1.097999999999999972e+02,1.265000000000000000e+02
1.154000000000000057e+02,1.144000000000000057e+02,1.596999999999999886e+02
1.185999999999999943e+02,1.220000000000000000e+02,1.640999999999999943e+02
1.070000000000000000e+02,1.052000000000000028e+02,1.524000000000000057e+02
1.055999999999999943e+02,1.042999999999999972e+02,1.408000000000000114e+02
1.077999999999999972e+02,1.047000000000000028e+02,1.328000000000000114e+02
1.052999999999999972e+02,9.040000000000000568e+01,1.275000000000000000e+02
1.035999999999999943e+02,8.990000000000000568e+01,1.315999999999999943e+02
1.022999999999999972e+02,1.087999999999999972e+02,1.240999999999999943e+02
1.032999999999999972e+02,9.720000000000000284e+01,1.288000000000000114e+02
1.005000000000000000e+02,9.100000000000000000e+01,1.244000000000000057e+02
1.077000000000000028e+02,1.009000000000000057e+02,1.318000000000000114e+02
1.062000000000000028e+02,8.579999999999999716e+01,1.285999999999999943e+02
1.059000000000000057e+02,8.840000000000000568e+01,1.301999999999999886e+02
1.074000000000000057e+02,9.159999999999999432e+01,1.295000000000000000e+02
9.959999999999999432e+01,8.600000000000000000e+01,1.245999999999999943e+02
1.100999999999999943e+02,7.770000000000000284e+01,1.220000000000000000e+02
1.025000000000000000e+02,9.270000000000000284e+01,1.167999999999999972e+02
1.057000000000000028e+02,9.220000000000000284e+01,1.190000000000000000e+02
1.070000000000000000e+02,8.540000000000000568e+01,1.355999999999999943e+02
1.147999999999999972e+02,8.850000000000000000e+01,1.315999999999999943e+02
1.002999999999999972e+02,7.879999999999999716e+01,1.195999999999999943e+02
1.037999999999999972e+02,8.270000000000000284e+01,1.180999999999999943e+02
1.060000000000000000e+02,8.209999999999999432e+01,1.177999999999999972e+02
1.147000000000000028e+02,7.890000000000000568e+01,1.215000000000000000e+02
1.132000000000000028e+02,8.679999999999999716e+01,1.311999999999999886e+02
1.045000000000000000e+02,9.179999999999999716e+01,1.080000000000000000e+02
1.062000000000000028e+02,9.850000000000000000e+01,1.189000000000000057e+02
1.117999999999999972e+02,9.790000000000000568e+01,1.199000000000000057e+02
1.077000000000000028e+02,9.640000000000000568e+01,1.217000000000000028e+02
1.182000000000000028e+02,1.040000000000000000e+02,1.390999999999999943e+02
1.349000000000000057e+02,1.027000000000000028e+02,1.405999999999999943e+02
1.419000000000000057e+02,1.150000000000000000e+02,1.615000000000000000e+02
1.295999999999999943e+02,1.320000000000000000e+02,1.559000000000000057e+02
1.465000000000000000e+02,1.284000000000000057e+02,1.326999999999999886e+02
1.220999999999999943e+02,1.105999999999999943e+02,1.540999999999999943e+02
1.410999999999999943e+02,1.339000000000000057e+02,1.644000000000000057e+02
1.568000000000000114e+02,1.293000000000000114e+02,1.640000000000000000e+02
1.430999999999999943e+02,1.350999999999999943e+02,1.568000000000000114e+02
1.551999999999999886e+02,1.215000000000000000e+02,1.605000000000000000e+02
1.409000000000000057e+02,1.220999999999999943e+02,1.746999999999999886e+02
1.679000000000000057e+02,1.575000000000000000e+02,1.946999999999999886e+02
1.543000000000000114e+02,1.804000000000000057e+02,1.993000000000000114e+02
1.594000000000000057e+02,2.035999999999999943e+02,2.273000000000000114e+02
1.801999999999999886e+02,1.853000000000000114e+02,2.688000000000000114e+02
1.655000000000000000e+02,1.954000000000000057e+02,2.044000000000000057e+02
1.740000000000000000e+02,1.671999999999999886e+02,1.894000000000000057e+02
1.550999999999999943e+02,1.764000000000000057e+02,2.269000000000000057e+02
1.600000000000000000e+02,1.666999999999999886e+02,2.038000000000000114e+02
1.710999999999999943e+02,1.665999999999999943e+02,2.273000000000000114e+02
1.970000000000000000e+02,1.805999999999999943e+02,2.504000000000000057e+02
1.901999999999999886e+02,2.025000000000000000e+02,2.199000000000000057e+02
1.791999999999999886e+02,1.874000000000000057e+02,1.850000000000000000e+02
1.779000000000000057e+02,2.041999999999999886e+02,1.771999999999999886e+02
1.740999999999999943e+02,2.150000000000000000e+02,1.793000000000000114e+02
2.155000000000000000e+02,2.100999999999999943e+02,1.871999999999999886e+02
2.149000000000000057e+02,1.943000000000000114e+02,1.953000000000000114e+02
1.684000000000000057e+02,1.843000000000000114e+02,1.819000000000000057e+02
2.146999999999999886e+02,1.925000000000000000e+02,1.775000000000000000e+02
2.183000000000000114e+02,1.984000000000000057e+02,2.313000000000000114e+02
1.896999999999999886e+02,2.229000000000000057e+02,1.980000000000000000e+02
1.825999999999999943e+02,1.919000000000000057e+02,2.033000000000000114e+02
1.838000000000000114e+02,1.763000000000000114e+02,2.200000000000000000e+02
1.775000000000000000e+02,1.914000000000000057e+02,2.196999999999999886e+02
1.738000000000000114e+02,1.878000000000000114e+02,1.906999999999999886e+02
2.126999999999999886e+02,1.669000000000000057e+02,1.953000000000000114e+02
1.785999999999999943e+02,1.823000000000000114e+02,1.900000000000000000e+02
1.753000000000000114e+02,1.721999999999999886e+02,2.185999999999999943e+02
1.953000000000000114e+02,1.609000000000000057e+02,2.005000000000000000e+02
2.069000000000000057e+02,1.708000000000000114e+02,2.266999999999999886e+02
1.944000000000000057e+02,1.736999999999999886e+02,2.010000000000000000e+02
1.876999999999999886e+02,1.605000000000000000e+02,2.104000000000000057e+02
1.671999999999999886e+02,1.754000000000000057e+02,2.146999999999999886e+02
1.865000000000000000e+02,1.631999999999999886e+02,2.176999999999999886e+02
1.620999999999999943e+02,1.491999999999999886e+02,2.144000000000000057e+02
1.756999999999999886e+02,2.024000000000000057e+02,1.786999999999999886e+02
1.790999999999999943e+02,1.925000000000000000e+02,2.099000000000000057e+02
1.590000000000000000e+02,1.651999999999999886e+02,1.911999999999999886e+02
1.534000000000000057e+02,1.610999999999999943e+02,1.778000000000000114e+02
1.481999999999999886e+02,1.621999999999999886e+02,1.980999999999999943e+02
1.515000000000000000e+02,1.456999999999999886e+02,1.943000000000000114e+02
1.644000000000000057e+02,1.474000000000000057e+02,2.065999999999999943e+02
2.055999999999999943e+02,1.631999999999999886e+02,2.189000000000000057e+02
1.965999999999999943e+02,1.610999999999999943e+02,2.513000000000000114e+02
1.960999999999999943e+02,1.584000000000000057e+02,2.136999999999999886e+02
1.825999999999999943e+02,1.885000000000000000e+02,2.233000000000000114e+02
1.636999999999999886e+02,1.713000000000000114e+02,2.066999999999999886e+02
1.910000000000000000e+02,1.586999999999999886e+02,2.159000000000000057e+02
1.695999999999999943e+02,1.536999999999999886e+02,2.175000000000000000e+02
1.591999999999999886e+02,1.883000000000000114e+02,1.800000000000000000e+02
1.983000000000000114e+02,1.680999999999999943e+02,2.496999999999999886e+02
2.448000000000000114e+02,1.765999999999999943e+02,2.519000000000000057e+02
2.214000000000000057e+02,1.783000000000000114e+02,2.663999999999999773e+02
2.443000000000000114e+02,1.735000000000000000e+02,2.563999999999999773e+02
2.281999999999999886e+02,1.761999999999999886e+02,2.608999999999999773e+02
2.305999999999999943e+02,1.666999999999999886e+02,2.871000000000000227e+02
2.239000000000000057e+02,1.875000000000000000e+02,2.685000000000000000e+02
2.213000000000000114e+02,1.795000000000000000e+02,2.668999999999999773e+02
2.239000000000000057e+02,1.711999999999999886e+02,2.803999999999999773e+02
2.095999999999999943e+02,1.734000000000000057e+02,2.429000000000000057e+02
2.060999999999999943e+02,1.895999999999999943e+02,2.505999999999999943e+02
2.310999999999999943e+02,1.854000000000000057e+02,2.461999999999999886e+02
2.818000000000000114e+02,1.728000000000000114e+02,2.825000000000000000e+02
2.415999999999999943e+02,1.771999999999999886e+02,2.765000000000000000e+02
2.260000000000000000e+02,1.710000000000000000e+02,2.681999999999999886e+02
1.905999999999999943e+02,1.809000000000000057e+02,2.220999999999999943e+02
2.064000000000000057e+02,1.754000000000000057e+02,2.260000000000000000e+02
1.918000000000000114e+02,1.719000000000000057e+02,2.420999999999999943e+02
1.958000000000000114e+02,2.141999999999999886e+02,2.385999999999999943e+02
2.160000000000000000e+02,2.193000000000000114e+02,2.349000000000000057e+02
2.000000000000000000e+02,1.831999999999999886e+02,2.751999999999999886e+02
2.113000000000000114e+02,1.621999999999999886e+02,2.686999999999999886e+02
2.181999999999999886e+02,1.570000000000000000e+02,2.825000000000000000e+02
2.205000000000000000e+02,1.539000000000000057e+02,2.435999999999999943e+02
1.804000000000000057e+02,1.584000000000000057e+02,2.509000000000000057e+02
2.175999999999999943e+02,1.485999999999999943e+02,2.438000000000000114e+02
2.204000000000000057e+02,1.580999999999999943e+02,2.450000000000000000e+02
2.039000000000000057e+02,1.539000000000000057e+02,2.495999999999999943e+02
1.996999999999999886e+02,1.518000000000000114e+02,2.495000000000000000e+02
2.356999999999999886e+02,1.345000000000000000e+02,2.484000000000000057e+02
1.983000000000000114e+02,1.433000000000000114e+02,2.513000000000000114e+02
2.084000000000000057e+02,1.411999999999999886e+02,2.771000000000000227e+02
1.988000000000000114e+02,1.325999999999999943e+02,2.551999999999999886e+02
1.838000000000000114e+02,1.550000000000000000e+02,2.390999999999999943e+02
1.615999999999999943e+02,1.645999999999999943e+02,2.280999999999999943e+02
1.639000000000000057e+02,1.376999999999999886e+02,2.165999999999999943e+02
1.700999999999999943e+02,1.748000000000000114e+02,2.135000000000000000e+02
1.410000000000000000e+02,1.825999999999999943e+02,2.070999999999999943e+02
1.603000000000000114e+02,1.490999999999999943e+02,1.966999999999999886e+02
1.624000000000000057e+02,1.724000000000000057e+02,1.994000000000000057e+02
1.540999999999999943e+02,1.170000000000000000e+02,1.781999999999999886e+02
1.588000000000000114e+02,1.180999999999999943e+02,1.700000000000000000e+02
1.763000000000000114e+02,1.277000000000000028e+02,1.616999999999999886e+02
1.425999999999999943e+02,1.110000000000000000e+02,1.530999999999999943e+02
1.330999999999999943e+02,1.050999999999999943e+02,1.583000000000000114e+02
1.197000000000000028e+02,1.009000000000000057e+02,1.575999999999999943e+02
1.290999999999999943e+02,9.240000000000000568e+01,1.489000000000000057e+02
1.368000000000000114e+02,9.470000000000000284e+01,1.504000000000000057e+02
1.364000000000000057e+02,9.279999999999999716e+01,1.696999999999999886e+02
1.424000000000000057e+02,8.790000000000000568e+01,1.693000000000000114e+02
1.336999999999999886e+02,1.067999999999999972e+02,1.503000000000000114e+02
1.270999999999999943e+02,1.027000000000000028e+02,1.331999999999999886e+02
1.242000000000000028e+02,1.010000000000000000e+02,1.484000000000000057e+02
1.047999999999999972e+02,1.065999999999999943e+02,1.460000000000000000e+02
1.042000000000000028e+02,1.022999999999999972e+02,1.446999999999999886e+02
1.044000000000000057e+02,1.135000000000000000e+02,1.530000000000000000e+02
1.142999999999999972e+02,1.160000000000000000e+02,1.495000000000000000e+02
1.052999999999999972e+02,9.359999999999999432e+01,1.480000000000000000e+02
1.047999999999999972e+02,9.690000000000000568e+01,1.473000000000000114e+02
1.062000000000000028e+02,9.750000000000000000e+01,1.239000000000000057e+02
1.077999999999999972e+02,8.190000000000000568e+01,1.341999999999999886e+02
1.112000000000000028e+02,8.440000000000000568e+01,1.283000000000000114e+02
1.115999999999999943e+02,8.120000000000000284e+01,1.340999999999999943e+02
1.150000000000000000e+02,9.140000000000000568e+01,1.275999999999999943e+02
1.035999999999999943e+02,9.090000000000000568e+01,1.195999999999999943e+02
1.032999999999999972e+02,8.100000000000000000e+01,1.200999999999999943e+02
1.065999999999999943e+02,8.209999999999999432e+01,1.250999999999999943e+02
1.022000000000000028e+02,8.750000000000000000e+01,1.232999999999999972e+02
1.054000000000000057e+02,7.600000000000000000e+01,1.260000000000000000e+02
1.090000000000000000e+02,7.759999999999999432e+01,1.145000000000000000e+02
1.491999999999999886e+02,8.820000000000000284e+01,1.214000000000000057e+02
1.489000000000000057e+02,9.209999999999999432e+01,1.147000000000000028e+02
1.404000000000000057e+02,9.170000000000000284e+01,1.122999999999999972e+02
1.254000000000000057e+02,9.609999999999999432e+01,1.272000000000000028e+02
1.047999999999999972e+02,8.059999999999999432e+01,1.230000000000000000e+02
9.779999999999999716e+01,9.340000000000000568e+01,1.147999999999999972e+02
1.000999999999999943e+02,8.440000000000000568e+01,1.142000000000000028e+02
1.025000000000000000e+02,8.640000000000000568e+01,1.152999999999999972e+02
1.002999999999999972e+02,8.740000000000000568e+01,1.383000000000000114e+02
1.005000000000000000e+02,7.640000000000000568e+01,1.177999999999999972e+02
1.089000000000000057e+02,9.350000000000000000e+01,1.082000000000000028e+02
1.305000000000000000e+02,1.272999999999999972e+02,1.716999999999999886e+02
1.127999999999999972e+02,1.140000000000000000e+02,1.364000000000000057e+02
1.049000000000000057e+02,1.262999999999999972e+02,1.365999999999999943e+02
1.025999999999999943e+02,1.139000000000000057e+02,1.275000000000000000e+02
9.270000000000000284e+01,1.165000000000000000e+02,1.513000000000000114e+02
9.240000000000000568e+01,7.729999999999999716e+01,1.439000000000000057e+02
1.005999999999999943e+02,9.340000000000000568e+01,1.360999999999999943e+02
1.015999999999999943e+02,1.257000000000000028e+02,1.719000000000000057e+02
1.147999999999999972e+02,1.298000000000000114e+02,1.344000000000000057e+02
1.092999999999999972e+02,1.145000000000000000e+02,1.225000000000000000e+02
1.060999999999999943e+02,1.152000000000000028e+02,1.540000000000000000e+02
1.346999999999999886e+02,1.247000000000000028e+02,1.444000000000000057e+02
1.315000000000000000e+02,1.235000000000000000e+02,1.651999999999999886e+02
1.348000000000000114e+02,1.277000000000000028e+02,1.541999999999999886e+02
1.475999999999999943e+02,1.182000000000000028e+02,1.695000000000000000e+02
1.365999999999999943e+02,1.428000000000000114e+02,1.590999999999999943e+02
1.563000000000000114e+02,1.674000000000000057e+02,1.640999999999999943e+02
1.579000000000000057e+02,1.456999999999999886e+02,1.589000000000000057e+02
1.781999999999999886e+02,1.478000000000000114e+02,1.710999999999999943e+02
1.548000000000000114e+02,1.470999999999999943e+02,1.955999999999999943e+02
1.679000000000000057e+02,1.560000000000000000e+02,1.698000000000000114e+02
2.049000000000000057e+02,1.459000000000000057e+02,1.830999999999999943e+02
2.046999999999999886e+02,1.633000000000000114e+02,1.941999999999999886e+02
1.850000000000000000e+02,1.836999999999999886e+02,1.878000000000000114e+02
1.646999999999999886e+02,1.576999999999999886e+02,1.973000000000000114e+02
1.550000000000000000e+02,2.350000000000000000e+02,1.996999999999999886e+02
1.655999999999999943e+02,1.840000000000000000e+02,2.106999999999999886e+02
2.045999999999999943e+02,1.700000000000000000e+02,2.066999999999999886e+02
2.095000000000000000e+02,1.620000000000000000e+02,1.923000000000000114e+02
2.305999999999999943e+02,1.603000000000000114e+02,2.253000000000000114e+02
2.051999999999999886e+02,1.716999999999999886e+02,2.138000000000000114e+02
2.055999999999999943e+02,1.650000000000000000e+02,2.166999999999999886e+02
1.678000000000000114e+02,1.318000000000000114e+02,1.870000000000000000e+02
1.601999999999999886e+02,1.625999999999999943e+02,1.813000000000000114e+02
1.606999999999999886e+02,1.615000000000000000e+02,1.793000000000000114e+02
2.256999999999999886e+02,1.559000000000000057e+02,1.910999999999999943e+02
2.499000000000000057e+02,1.783000000000000114e+02,2.275999999999999943e+02
2.220000000000000000e+02,1.690000000000000000e+02,2.065999999999999943e+02
1.944000000000000057e+02,1.525000000000000000e+02,1.775999999999999943e+02
1.940000000000000000e+02,1.433000000000000114e+02,1.940999999999999943e+02
1.975000000000000000e+02,1.385999999999999943e+02,1.860000000000000000e+02
2.135999999999999943e+02,1.350999999999999943e+02,2.080000000000000000e+02
2.068000000000000114e+02,1.486999999999999886e+02,2.085000000000000000e+02
1.541999999999999886e+02,1.504000000000000057e+02,2.385000000000000000e+02
1.695000000000000000e+02,1.599000000000000057e+02,1.935999999999999943e+02
1.850999999999999943e+02,1.723000000000000114e+02,1.931999999999999886e+02
1.924000000000000057e+02,1.600000000000000000e+02,1.836999999999999886e+02
1.774000000000000057e+02,1.506999999999999886e+02,2.175000000000000000e+02
1.834000000000000057e+02,1.250000000000000000e+02,1.683000000000000114e+02
2.038000000000000114e+02,1.414000000000000057e+02,1.604000000000000057e+02
1.601999999999999886e+02,1.288000000000000114e+02,1.905999999999999943e+02
1.614000000000000057e+02,1.366999999999999886e+02,1.838000000000000114e+02
1.739000000000000057e+02,1.435000000000000000e+02,1.750999999999999943e+02
2.080000000000000000e+02,1.345999999999999943e+02,1.926999999999999886e+02
2.084000000000000057e+02,1.560000000000000000e+02,1.894000000000000057e+02
1.885000000000000000e+02,1.535999999999999943e+02,1.875000000000000000e+02
1.866999999999999886e+02,1.493000000000000114e+02,1.770999999999999943e+02
1.748000000000000114e+02,1.556999999999999886e+02,2.055000000000000000e+02
2.041999999999999886e+02,1.510999999999999943e+02,2.269000000000000057e+02
1.810999999999999943e+02,1.656999999999999886e+02,2.170999999999999943e+02
1.815000000000000000e+02,1.790999999999999943e+02,2.220999999999999943e+02
2.025999999999999943e+02,1.895999999999999943e+02,2.338000000000000114e+02
1.873000000000000114e+02,1.539000000000000057e+02,1.839000000000000057e+02
1.938000000000000114e+02,1.475999999999999943e+02,2.080999999999999943e+02
1.604000000000000057e+02,1.600999999999999943e+02,2.136999999999999886e+02
1.854000000000000057e+02,1.558000000000000114e+02,2.050000000000000000e+02
2.099000000000000057e+02,1.543000000000000114e+02,2.539000000000000057e+02
2.118000000000000114e+02,1.518000000000000114e+02,2.549000000000000057e+02
2.130999999999999943e+02,1.534000000000000057e+02,2.566000000000000227e+02
2.235000000000000000e+02,1.426999999999999886e+02,2.761999999999999886e+02
2.114000000000000057e+02,1.776999999999999886e+02,2.671999999999999886e+02
2.356999999999999886e+02,1.868000000000000114e+02,2.586000000000000227e+02
2.485999999999999943e+02,2.255999999999999943e+02,2.458000000000000114e+02
2.678000000000000114e+02,2.456999999999999886e+02,2.425000000000000000e+02
2.418000000000000114e+02,2.091999999999999886e+02,2.534000000000000057e+02
2.130999999999999943e+02,2.106999999999999886e+02,2.486999999999999886e+02
2.310999999999999943e+02,2.351999999999999886e+02,2.175999999999999943e+02
2.369000000000000057e+02,1.995000000000000000e+02,2.123000000000000114e+02
2.325999999999999943e+02,1.989000000000000057e+02,2.044000000000000057e+02
1.935000000000000000e+02,1.983000000000000114e+02,2.294000000000000057e+02
2.251999999999999886e+02,1.750999999999999943e+02,2.396999999999999886e+02
2.231999999999999886e+02,1.815000000000000000e+02,2.383000000000000114e+02
2.159000000000000057e+02,1.919000000000000057e+02,2.209000000000000057e+02
1.900000000000000000e+02,1.713000000000000114e+02,2.306999999999999886e+02
2.259000000000000057e+02,1.811999999999999886e+02,2.349000000000000057e+02
2.125999999999999943e+02,1.650000000000000000e+02,2.234000000000000057e+02
1.973000000000000114e+02,1.638000000000000114e+02,2.201999999999999886e+02
2.276999999999999886e+02,1.685999999999999943e+02,2.553000000000000114e+02
2.090999999999999943e+02,1.680000000000000000e+02,2.421999999999999886e+02
2.103000000000000114e+02,1.534000000000000057e+02,2.450000000000000000e+02
2.000999999999999943e+02,1.481999999999999886e+02,2.403000000000000114e+02
2.049000000000000057e+02,1.448000000000000114e+02,2.611000000000000227e+02
1.943000000000000114e+02,1.575999999999999943e+02,2.410000000000000000e+02
1.883000000000000114e+02,1.656999999999999886e+02,2.513000000000000114e+02
1.954000000000000057e+02,1.265999999999999943e+02,2.345999999999999943e+02
1.843000000000000114e+02,1.403000000000000114e+02,1.965999999999999943e+02
1.775999999999999943e+02,1.481999999999999886e+02,2.031999999999999886e+02
1.858000000000000114e+02,1.416999999999999886e+02,2.061999999999999886e+02
1.911999999999999886e+02,1.478000000000000114e+02,2.050000000000000000e+02
1.740999999999999943e+02,1.391999999999999886e+02,2.284000000000000057e+02
1.616999999999999886e+02,1.135999999999999943e+02,2.374000000000000057e+02
1.629000000000000057e+02,1.430999999999999943e+02,2.408000000000000114e+02
1.479000000000000057e+02,1.102999999999999972e+02,2.105000000000000000e+02
1.734000000000000057e+02,1.225000000000000000e+02,1.929000000000000057e+02
1.718000000000000114e+02,1.195999999999999943e+02,1.886999999999999886e+02
1.665000000000000000e+02,1.308000000000000114e+02,1.820000000000000000e+02
1.675999999999999943e+02,1.315999999999999943e+02,1.664000000000000057e+02
1.809000000000000057e+02,1.329000000000000057e+02,1.418000000000000114e+02
1.728000000000000114e+02,1.007999999999999972e+02,1.325000000000000000e+02
1.573000000000000114e+02,1.047999999999999972e+02,1.279000000000000057e+02
1.476999999999999886e+02,8.759999999999999432e+01,1.269000000000000057e+02
1.408000000000000114e+02,9.309999999999999432e+01,1.454000000000000057e+02
1.485999999999999943e+02,1.050999999999999943e+02,1.405000000000000000e+02
1.496999999999999886e+02,1.164000000000000057e+02,1.369000000000000057e+02
1.555999999999999943e+02,1.164000000000000057e+02,1.265999999999999943e+02
1.574000000000000057e+02,1.059000000000000057e+02,1.306999999999999886e+02
1.458000000000000114e+02,1.057000000000000028e+02,1.448000000000000114e+02
1.405999999999999943e+02,1.130999999999999943e+02,1.465000000000000000e+02
1.474000000000000057e+02,1.155999999999999943e+02,1.550999999999999943e+02
1.414000000000000057e+02,1.190999999999999943e+02,1.471999999999999886e+02
1.491999999999999886e+02,9.759999999999999432e+01,1.520999999999999943e+02
1.375999999999999943e+02,9.559999999999999432e+01,1.525999999999999943e+02
1.334000000000000057e+02,1.087000000000000028e+02,1.439000000000000057e+02
1.326999999999999886e+02,9.440000000000000568e+01,1.280000000000000000e+02
1.405000000000000000e+02,9.640000000000000568e+01,1.286999999999999886e+02
1.380999999999999943e+02,8.720000000000000284e+01,1.187000000000000028e+02
1.343000000000000114e+02,8.490000000000000568e+01,1.240000000000000000e+02
1.395999999999999943e+02,8.709999999999999432e+01,1.169000000000000057e+02
1.308000000000000114e+02,7.440000000000000568e+01,1.199000000000000057e+02
1.316999999999999886e+02,7.990000000000000568e+01,1.132999999999999972e+02
1.365999999999999943e+02,8.050000000000000000e+01,1.195000000000000000e+02
1.351999999999999886e+02,7.420000000000000284e+01,1.187000000000000028e+02
1.370000000000000000e+02,8.640000000000000568e+01,1.155999999999999943e+02
1.338000000000000114e+02,7.590000000000000568e+01,1.150000000000000000e+02
1.330000000000000000e+02,7.750000000000000000e+01,1.204000000000000057e+02
1.306999999999999886e+02,1.049000000000000057e+02,1.152000000000000028e+02
1.012999999999999972e+02,9.150000000000000000e+01,1.130999999999999943e+02
1.074000000000000057e+02,9.909999999999999432e+01,1.130000000000000000e+02
1.055999999999999943e+02,7.679999999999999716e+01,1.210999999999999943e+02
1.059000000000000057e+02,9.079999999999999716e+01,1.170000000000000000e+02
1.057000000000000028e+02,1.050000000000000000e+02,1.135000000000000000e+02
1.042000000000000028e+02,1.029000000000000057e+02,1.135999999999999943e+02
1.065999999999999943e+02,1.159000000000000057e+02,1.212999999999999972e+02
9.990000000000000568e+01,9.259999999999999432e+01,1.137000000000000028e+02
1.090999999999999943e+02,9.690000000000000568e+01,1.120999999999999943e+02
1.022999999999999972e+02,1.029000000000000057e+02,1.080999999999999943e+02
9.490000000000000568e+01,9.059999999999999432e+01,1.403000000000000114e+02
9.709999999999999432e+01,9.109999999999999432e+01,1.090999999999999943e+02
9.640000000000000568e+01,8.979999999999999716e+01,1.334000000000000057e+02
9.490000000000000568e+01,1.102000000000000028e+02,1.331999999999999886e+02
1.037000000000000028e+02,1.007000000000000028e+02,1.313000000000000114e+02
1.087999999999999972e+02,1.037999999999999972e+02,1.355000000000000000e+02
1.169000000000000057e+02,9.940000000000000568e+01,1.232999999999999972e+02
1.015999999999999943e+02,9.000000000000000000e+01,1.331999999999999886e+02
1.107999999999999972e+02,1.135000000000000000e+02,1.220999999999999943e+02
1.426999999999999886e+02,1.209000000000000057e+02,1.234000000000000057e+02
1.290000000000000000e+02,1.090999999999999943e+02,1.152000000000000028e+02
1.284000000000000057e+02,1.065000000000000000e+02,1.355999999999999943e+02
1.369000000000000057e+02,1.157000000000000028e+02,1.511999999999999886e+02
1.205000000000000000e+02,1.291999999999999886e+02,1.379000000000000057e+02
1.381999999999999886e+02,1.683000000000000114e+02,1.584000000000000057e+02
1.783000000000000114e+02,1.440000000000000000e+02,1.879000000000000057e+02
2.010000000000000000e+02,1.469000000000000057e+02,1.958000000000000114e+02
2.160000000000000000e+02,1.524000000000000057e+02,2.318000000000000114e+02
1.800000000000000000e+02,1.354000000000000057e+02,2.069000000000000057e+02
1.835999999999999943e+02,1.748000000000000114e+02,1.976999999999999886e+02
1.909000000000000057e+02,1.966999999999999886e+02,2.314000000000000057e+02
1.894000000000000057e+02,1.770000000000000000e+02,2.415999999999999943e+02
1.991999999999999886e+02,1.690000000000000000e+02,1.991999999999999886e+02
1.456999999999999886e+02,1.975999999999999943e+02,2.160999999999999943e+02
1.665999999999999943e+02,1.540000000000000000e+02,2.149000000000000057e+02
1.778000000000000114e+02,1.408000000000000114e+02,2.106999999999999886e+02
2.118000000000000114e+02,1.356999999999999886e+02,2.331999999999999886e+02
2.073000000000000114e+02,1.554000000000000057e+02,2.116999999999999886e+02
2.186999999999999886e+02,1.601999999999999886e+02,1.965000000000000000e+02
2.448000000000000114e+02,1.783000000000000114e+02,2.045000000000000000e+02
2.235999999999999943e+02,1.600999999999999943e+02,1.730000000000000000e+02
2.234000000000000057e+02,1.716999999999999886e+02,2.018000000000000114e+02
2.485999999999999943e+02,1.913000000000000114e+02,1.955000000000000000e+02
2.295999999999999943e+02,1.735999999999999943e+02,1.835999999999999943e+02
2.706999999999999886e+02,1.339000000000000057e+02,1.973000000000000114e+02
2.100999999999999943e+02,1.614000000000000057e+02,2.199000000000000057e+02
2.055999999999999943e+02,1.539000000000000057e+02,1.914000000000000057e+02
1.921999999999999886e+02,1.368000000000000114e+02,1.915999999999999943e+02
1.929000000000000057e+02,1.460000000000000000e+02,2.196999999999999886e+02
1.814000000000000057e+02,1.488000000000000114e+02,2.670000000000000000e+02
2.120000000000000000e+02,1.571999999999999886e+02,2.060999999999999943e+02
1.720000000000000000e+02,1.826999999999999886e+02,1.998000000000000114e+02
1.780000000000000000e+02,1.640000000000000000e+02,1.959000000000000057e+02
1.638000000000000114e+02,1.614000000000000057e+02,2.275999999999999943e+02
1.741999999999999886e+02,1.531999999999999886e+02,2.055999999999999943e+02
1.975000000000000000e+02,1.695999999999999943e+02,1.808000000000000114e+02
2.038000000000000114e+02,1.925999999999999943e+02,1.688000000000000114e+02
1.708000000000000114e+02,1.911999999999999886e+02,1.875999999999999943e+02
1.449000000000000057e+02,1.741999999999999886e+02,1.805000000000000000e+02
1.831999999999999886e+02,2.050000000000000000e+02,1.820000000000000000e+02
1.760999999999999943e+02,1.915999999999999943e+02,1.871999999999999886e+02
1.729000000000000057e+02,1.586999999999999886e+02,1.716999999999999886e+02
1.934000000000000057e+02,1.704000000000000057e+02,1.998000000000000114e+02
1.645999999999999943e+02,1.858000000000000114e+02,1.931999999999999886e+02
1.745000000000000000e+02,1.760999999999999943e+02,2.338000000000000114e+02
2.215000000000000000e+02,1.940999999999999943e+02,2.161999999999999886e+02
1.921999999999999886e+02,2.010999999999999943e+02,1.918000000000000114e+02
1.860000000000000000e+02,1.908000000000000114e+02,2.281999999999999886e+02
1.729000000000000057e+02,1.704000000000000057e+02,2.651999999999999886e+02
1.731999999999999886e+02,1.590999999999999943e+02,2.295000000000000000e+02
1.770999999999999943e+02,1.755000000000000000e+02,2.384000000000000057e+02
1.800000000000000000e+02,1.898000000000000114e+02,2.260999999999999943e+02
2.095999999999999943e+02,1.740000000000000000e+02,2.596000000000000227e+02
2.030000000000000000e+02,2.033000000000000114e+02,2.601000000000000227e+02
2.149000000000000057e+02,2.174000000000000057e+02,2.666000000000000227e+02
2.200999999999999943e+02,2.269000000000000057e+02,2.204000000000000057e+02
2.461999999999999886e+02,2.360000000000000000e+02,2.263000000000000114e+02
2.463000000000000114e+02,2.559000000000000057e+02,2.568999999999999773e+02
2.556999999999999886e+02,2.430999999999999943e+02,2.691999999999999886e+02
2.223000000000000114e+02,2.228000000000000114e+02,2.965000000000000000e+02
2.469000000000000057e+02,2.139000000000000057e+02,3.046999999999999886e+02
2.475000000000000000e+02,2.306999999999999886e+02,2.535999999999999943e+02
2.091999999999999886e+02,2.726999999999999886e+02,2.388000000000000114e+02
1.963000000000000114e+02,2.843000000000000114e+02,2.773999999999999773e+02
1.851999999999999886e+02,2.690000000000000000e+02,2.781999999999999886e+02
1.790000000000000000e+02,2.621999999999999886e+02,2.356999999999999886e+02
1.785999999999999943e+02,2.730000000000000000e+02,2.294000000000000057e+02
1.730999999999999943e+02,2.309000000000000057e+02,2.753000000000000114e+02
1.625999999999999943e+02,1.841999999999999886e+02,2.643000000000000114e+02
1.970999999999999943e+02,2.015999999999999943e+02,3.018000000000000114e+02
2.118000000000000114e+02,1.869000000000000057e+02,2.946000000000000227e+02
2.088000000000000114e+02,2.004000000000000057e+02,2.596999999999999886e+02
1.980999999999999943e+02,2.038000000000000114e+02,2.738000000000000114e+02
2.223000000000000114e+02,1.963000000000000114e+02,2.703999999999999773e+02
1.865000000000000000e+02,1.751999999999999886e+02,2.334000000000000057e+02
1.501999999999999886e+02,1.510000000000000000e+02,2.330999999999999943e+02
1.763000000000000114e+02,1.560000000000000000e+02,2.746999999999999886e+02
1.835999999999999943e+02,1.669000000000000057e+02,2.560000000000000000e+02
1.564000000000000057e+02,1.681999999999999886e+02,2.318000000000000114e+02
1.598000000000000114e+02,1.696999999999999886e+02,2.408000000000000114e+02
1.715000000000000000e+02,1.743000000000000114e+02,2.378000000000000114e+02
1.890999999999999943e+02,1.509000000000000057e+02,2.301999999999999886e+02
1.581999999999999886e+02,1.758000000000000114e+02,2.468000000000000114e+02
1.434000000000000057e+02,1.585999999999999943e+02,2.105000000000000000e+02
1.380999999999999943e+02,1.449000000000000057e+02,2.028000000000000114e+02
1.660000000000000000e+02,1.440000000000000000e+02,1.993000000000000114e+02
1.595999999999999943e+02,1.295000000000000000e+02,1.978000000000000114e+02
1.413000000000000114e+02,1.439000000000000057e+02,1.881999999999999886e+02
1.277999999999999972e+02,1.559000000000000057e+02,1.811999999999999886e+02
1.316999999999999886e+02,1.345000000000000000e+02,1.875000000000000000e+02
1.285000000000000000e+02,1.391999999999999886e+02,1.628000000000000114e+02
1.207999999999999972e+02,1.150000000000000000e+02,1.684000000000000057e+02
1.252000000000000028e+02,1.270999999999999943e+02,1.728000000000000114e+02
1.270000000000000000e+02,1.385000000000000000e+02,1.596999999999999886e+02
1.250000000000000000e+02,1.030999999999999943e+02,1.475000000000000000e+02
1.159000000000000057e+02,1.075999999999999943e+02,1.252999999999999972e+02
1.202999999999999972e+02,9.890000000000000568e+01,1.395000000000000000e+02
1.498000000000000114e+02,9.329999999999999716e+01,1.237000000000000028e+02
1.350000000000000000e+02,1.072999999999999972e+02,1.182999999999999972e+02
1.085000000000000000e+02,9.340000000000000568e+01,1.300000000000000000e+02
1.159000000000000057e+02,9.700000000000000000e+01,1.242000000000000028e+02
1.180999999999999943e+02,1.152999999999999972e+02,1.320999999999999943e+02
1.152999999999999972e+02,9.150000000000000000e+01,1.250999999999999943e+02
1.102999999999999972e+02,9.609999999999999432e+01,1.345000000000000000e+02
1.077000000000000028e+02,9.779999999999999716e+01,1.316999999999999886e+02
1.010000000000000000e+02,9.870000000000000284e+01,1.563000000000000114e+02
1.112999999999999972e+02,1.152000000000000028e+02,1.650000000000000000e+02
1.050999999999999943e+02,1.052000000000000028e+02,1.610999999999999943e+02
1.047999999999999972e+02,1.080000000000000000e+02,1.470000000000000000e+02
1.077000000000000028e+02,1.042999999999999972e+02,1.365999999999999943e+02
1.085000000000000000e+02,9.479999999999999716e+01,1.232999999999999972e+02
1.054000000000000057e+02,9.779999999999999716e+01,1.360000000000000000e+02
1.067000000000000028e+02,8.100000000000000000e+01,1.210999999999999943e+02
1.059000000000000057e+02,9.250000000000000000e+01,1.194000000000000057e+02
1.007999999999999972e+02,8.879999999999999716e+01,1.207999999999999972e+02
1.032999999999999972e+02,8.020000000000000284e+01,1.160000000000000000e+02
1.087999999999999972e+02,9.850000000000000000e+01,1.245000000000000000e+02
1.084000000000000057e+02,8.170000000000000284e+01,1.345999999999999943e+02
1.012000000000000028e+02,8.559999999999999432e+01,1.308000000000000114e+02
9.940000000000000568e+01,9.259999999999999432e+01,1.185999999999999943e+02
1.042000000000000028e+02,8.079999999999999716e+01,1.152000000000000028e+02
1.029000000000000057e+02,9.050000000000000000e+01,1.175000000000000000e+02
9.900000000000000000e+01,7.900000000000000000e+01,1.107999999999999972e+02
1.007999999999999972e+02,8.479999999999999716e+01,1.152000000000000028e+02
9.800000000000000000e+01,9.309999999999999432e+01,1.110000000000000000e+02
9.600000000000000000e+01,8.559999999999999432e+01,1.142999999999999972e+02
1.027000000000000028e+02,8.979999999999999716e+01,1.267999999999999972e+02
1.065000000000000000e+02,7.350000000000000000e+01,1.154000000000000057e+02
9.800000000000000000e+01,9.240000000000000568e+01,1.127000000000000028e+02
1.027000000000000028e+02,8.550000000000000000e+01,1.135999999999999943e+02
1.010000000000000000e+02,8.509999999999999432e+01,1.120999999999999943e+02
1.000000000000000000e+02,1.089000000000000057e+02,1.165999999999999943e+02
1.004000000000000057e+02,8.429999999999999716e+01,1.160000000000000000e+02
1.105000000000000000e+02,9.970000000000000284e+01,1.174000000000000057e+02
9.970000000000000284e+01,9.890000000000000568e+01,1.154000000000000057e+02
1.215999999999999943e+02,8.879999999999999716e+01,1.227000000000000028e+02
1.393000000000000114e+02,9.909999999999999432e+01,1.535999999999999943e+02
1.319000000000000057e+02,1.390999999999999943e+02,1.585999999999999943e+02
1.470000000000000000e+02,1.305000000000000000e+02,1.488000000000000114e+02
1.430000000000000000e+02,1.219000000000000057e+02,1.275000000000000000e+02
1.425000000000000000e+02,1.431999999999999886e+02,1.295000000000000000e+02
1.454000000000000057e+02,1.220000000000000000e+02,1.290000000000000000e+02
1.289000000000000057e+02,1.272999999999999972e+02,1.275000000000000000e+02
1.418000000000000114e+02,1.475000000000000000e+02,1.708000000000000114e+02
1.443000000000000114e+02,1.336999999999999886e+02,1.863000000000000114e+02
1.648000000000000114e+02,1.515000000000000000e+02,1.485999999999999943e+02
1.680000000000000000e+02,1.424000000000000057e+02,1.889000000000000057e+02
1.704000000000000057e+02,1.725999999999999943e+02,1.585000000000000000e+02
1.773000000000000114e+02,1.763000000000000114e+02,1.750000000000000000e+02
1.745999999999999943e+02,1.883000000000000114e+02,1.944000000000000057e+02
1.631999999999999886e+02,2.010999999999999943e+02,2.029000000000000057e+02
1.596999999999999886e+02,1.666999999999999886e+02,1.944000000000000057e+02
1.681999999999999886e+02,1.876999999999999886e+02,1.894000000000000057e+02
1.786999999999999886e+02,1.480999999999999943e+02,1.591999999999999886e+02
1.828000000000000114e+02,1.765000000000000000e+02,1.911999999999999886e+02
2.095999999999999943e+02,1.496999999999999886e+02,1.998000000000000114e+02
1.791999999999999886e+02,1.584000000000000057e+02,1.975999999999999943e+02
1.579000000000000057e+02,1.665999999999999943e+02,1.959000000000000057e+02
1.555000000000000000e+02,1.456999999999999886e+02,1.910999999999999943e+02
1.441999999999999886e+02,1.605000000000000000e+02,2.140999999999999943e+02
1.754000000000000057e+02,2.011999999999999886e+02,2.311999999999999886e+02
1.935000000000000000e+02,1.935999999999999943e+02,2.365999999999999943e+02
1.870000000000000000e+02,2.010999999999999943e+02,2.150999999999999943e+02
1.410000000000000000e+02,1.713000000000000114e+02,1.828000000000000114e+02
1.711999999999999886e+02,1.794000000000000057e+02,1.983000000000000114e+02
1.730999999999999943e+02,1.695999999999999943e+02,2.135999999999999943e+02
1.954000000000000057e+02,1.890000000000000000e+02,2.300000000000000000e+02
2.011999999999999886e+02,2.014000000000000057e+02,2.276999999999999886e+02
1.805999999999999943e+02,1.515999999999999943e+02,2.305000000000000000e+02
2.089000000000000057e+02,1.591999999999999886e+02,2.108000000000000114e+02
1.824000000000000057e+02,1.571999999999999886e+02,2.019000000000000057e+02
1.984000000000000057e+02,1.610999999999999943e+02,2.220000000000000000e+02
2.001999999999999886e+02,1.728000000000000114e+02,2.445999999999999943e+02
1.916999999999999886e+02,1.423000000000000114e+02,2.104000000000000057e+02
2.056999999999999886e+02,1.694000000000000057e+02,1.989000000000000057e+02
1.641999999999999886e+02,1.690999999999999943e+02,2.036999999999999886e+02
1.668000000000000114e+02,1.530999999999999943e+02,1.968000000000000114e+02
1.904000000000000057e+02,1.815000000000000000e+02,2.084000000000000057e+02
1.639000000000000057e+02,1.790999999999999943e+02,1.790000000000000000e+02
1.760999999999999943e+02,1.653000000000000114e+02,1.915999999999999943e+02
1.846999999999999886e+02,1.530000000000000000e+02,2.216999999999999886e+02
2.069000000000000057e+02,1.713000000000000114e+02,2.480000000000000000e+02
2.035000000000000000e+02,1.643000000000000114e+02,2.083000000000000114e+02
2.016999999999999886e+02,1.639000000000000057e+02,2.201999999999999886e+02
1.741999999999999886e+02,1.513000000000000114e+02,2.195000000000000000e+02
1.863000000000000114e+02,1.606999999999999886e+02,2.119000000000000057e+02
1.635999999999999943e+02,1.730999999999999943e+02,2.211999999999999886e+02
1.835000000000000000e+02,1.633000000000000114e+02,2.403000000000000114e+02
1.764000000000000057e+02,1.584000000000000057e+02,2.171999999999999886e+02
1.466999999999999886e+02,1.651999999999999886e+02,2.189000000000000057e+02
1.794000000000000057e+02,1.540000000000000000e+02,1.960999999999999943e+02
1.778000000000000114e+02,1.975999999999999943e+02,1.850000000000000000e+02
1.759000000000000057e+02,2.191999999999999886e+02,2.185000000000000000e+02
1.759000000000000057e+02,1.790000000000000000e+02,2.385999999999999943e+02
1.755000000000000000e+02,1.728000000000000114e+02,2.184000000000000057e+02
1.866999999999999886e+02,2.011999999999999886e+02,2.171999999999999886e+02
2.160000000000000000e+02,1.918000000000000114e+02,2.193000000000000114e+02
2.255999999999999943e+02,1.980999999999999943e+02,2.370999999999999943e+02
2.010999999999999943e+02,1.910000000000000000e+02,2.040000000000000000e+02
1.705999999999999943e+02,1.890999999999999943e+02,2.113000000000000114e+02
1.973000000000000114e+02,2.000000000000000000e+02,2.295999999999999943e+02
2.110999999999999943e+02,1.998000000000000114e+02,2.410999999999999943e+02
2.140999999999999943e+02,2.136999999999999886e+02,2.198000000000000114e+02
2.353000000000000114e+02,2.441999999999999886e+02,2.505000000000000000e+02
2.205000000000000000e+02,2.529000000000000057e+02,2.186999999999999886e+02
2.250000000000000000e+02,2.145999999999999943e+02,2.748999999999999773e+02
2.181999999999999886e+02,2.389000000000000057e+02,2.666999999999999886e+02
2.416999999999999886e+02,2.383000000000000114e+02,2.601999999999999886e+02
2.906999999999999886e+02,2.791000000000000227e+02,2.771000000000000227e+02
2.663999999999999773e+02,2.499000000000000057e+02,2.414000000000000057e+02
2.881000000000000227e+02,2.443000000000000114e+02,2.611999999999999886e+02
3.268999999999999773e+02,2.093000000000000114e+02,2.976999999999999886e+02
3.015000000000000000e+02,2.404000000000000057e+02,3.055000000000000000e+02
2.428000000000000114e+02,2.090999999999999943e+02,2.638999999999999773e+02
2.701000000000000227e+02,1.811999999999999886e+02,2.233000000000000114e+02
2.706000000000000227e+02,2.348000000000000114e+02,2.688999999999999773e+02
2.426999999999999886e+02,2.104000000000000057e+02,2.740000000000000000e+02
2.715000000000000000e+02,1.998000000000000114e+02,2.701999999999999886e+02
2.363000000000000114e+02,2.215999999999999943e+02,2.318000000000000114e+02
2.688000000000000114e+02,2.111999999999999886e+02,2.386999999999999886e+02
2.611000000000000227e+02,1.773000000000000114e+02,2.738999999999999773e+02
2.973000000000000114e+02,1.718000000000000114e+02,2.429000000000000057e+02
2.763000000000000114e+02,1.979000000000000057e+02,2.429000000000000057e+02
2.155999999999999943e+02,1.870999999999999943e+02,2.308000000000000114e+02
2.251999999999999886e+02,2.053000000000000114e+02,2.678999999999999773e+02
1.933000000000000114e+02,1.830000000000000000e+02,2.435000000000000000e+02
1.935000000000000000e+02,2.089000000000000057e+02,2.428000000000000114e+02
2.061999999999999886e+02,1.868000000000000114e+02,2.318000000000000114e+02
1.874000000000000057e+02,1.674000000000000057e+02,2.365000000000000000e+02
2.058000000000000114e+02,1.520999999999999943e+02,2.300999999999999943e+02
2.096999999999999886e+02,1.385999999999999943e+02,2.115000000000000000e+02
1.921999999999999886e+02,1.274000000000000057e+02,2.116999999999999886e+02
2.009000000000000057e+02,1.230999999999999943e+02,1.864000000000000057e+02
2.230000000000000000e+02,1.267000000000000028e+02,1.831999999999999886e+02
1.930000000000000000e+02,1.074000000000000057e+02,1.793000000000000114e+02
1.596999999999999886e+02,9.790000000000000568e+01,1.685999999999999943e+02
1.336999999999999886e+02,1.032000000000000028e+02,1.780999999999999943e+02
1.496999999999999886e+02,1.002999999999999972e+02,1.670000000000000000e+02
1.680999999999999943e+02,1.040000000000000000e+02,1.579000000000000057e+02
1.555999999999999943e+02,9.259999999999999432e+01,1.414000000000000057e+02
1.511999999999999886e+02,9.090000000000000568e+01,1.359000000000000057e+02
1.364000000000000057e+02,9.600000000000000000e+01,1.429000000000000057e+02
1.429000000000000057e+02,8.979999999999999716e+01,1.614000000000000057e+02
1.274000000000000057e+02,9.390000000000000568e+01,1.255000000000000000e+02
1.310000000000000000e+02,9.250000000000000000e+01,1.227999999999999972e+02
1.177000000000000028e+02,9.679999999999999716e+01,1.279000000000000057e+02
1.059000000000000057e+02,1.037000000000000028e+02,1.365999999999999943e+02
1.318000000000000114e+02,8.920000000000000284e+01,1.281999999999999886e+02
1.334000000000000057e+02,9.559999999999999432e+01,1.334000000000000057e+02
1.424000000000000057e+02,1.052999999999999972e+02,1.468000000000000114e+02
1.450999999999999943e+02,1.077999999999999972e+02,1.495000000000000000e+02
1.460000000000000000e+02,1.279000000000000057e+02,1.543000000000000114e+02
1.504000000000000057e+02,9.950000000000000000e+01,1.454000000000000057e+02
1.394000000000000057e+02,9.359999999999999432e+01,1.484000000000000057e+02
1.430000000000000000e+02,8.700000000000000000e+01,1.310000000000000000e+02
1.390000000000000000e+02,7.920000000000000284e+01,1.275999999999999943e+02
1.320999999999999943e+02,8.840000000000000568e+01,1.182000000000000028e+02
1.310000000000000000e+02,8.159999999999999432e+01,1.187000000000000028e+02
1.375999999999999943e+02,8.920000000000000284e+01,1.296999999999999886e+02
1.353000000000000114e+02,1.062999999999999972e+02,1.242000000000000028e+02
1.354000000000000057e+02,7.929999999999999716e+01,1.212000000000000028e+02
1.350999999999999943e+02,8.429999999999999716e+01,1.290000000000000000e+02
1.336999999999999886e+02,8.900000000000000000e+01,1.394000000000000057e+02
1.378000000000000114e+02,8.179999999999999716e+01,1.162000000000000028e+02
1.385000000000000000e+02,9.020000000000000284e+01,1.281999999999999886e+02
1.321999999999999886e+02,8.009999999999999432e+01,1.190999999999999943e+02
1.329000000000000057e+02,8.179999999999999716e+01,1.152000000000000028e+02
1.355999999999999943e+02,1.080000000000000000e+02,1.227000000000000028e+02
1.335999999999999943e+02,8.929999999999999716e+01,1.165000000000000000e+02
1.349000000000000057e+02,9.520000000000000284e+01,1.124000000000000057e+02
1.361999999999999886e+02,8.740000000000000568e+01,1.250000000000000000e+02
1.035000000000000000e+02,7.420000000000000284e+01,1.262999999999999972e+02
1.020000000000000000e+02,9.440000000000000568e+01,1.200999999999999943e+02
1.112999999999999972e+02,8.259999999999999432e+01,1.110999999999999943e+02
1.102999999999999972e+02,9.070000000000000284e+01,1.270999999999999943e+02
1.185999999999999943e+02,1.075000000000000000e+02,1.389000000000000057e+02
1.159000000000000057e+02,9.320000000000000284e+01,1.182000000000000028e+02
1.214000000000000057e+02,1.207999999999999972e+02,1.259000000000000057e+02
1.085999999999999943e+02,1.288000000000000114e+02,1.425000000000000000e+02
1.250000000000000000e+02,1.077000000000000028e+02,1.575000000000000000e+02
1.125000000000000000e+02,1.042999999999999972e+02,1.445000000000000000e+02
1.396999999999999886e+02,1.035999999999999943e+02,1.696999999999999886e+02
1.310999999999999943e+02,1.383000000000000114e+02,1.434000000000000057e+02
1.584000000000000057e+02,1.090999999999999943e+02,1.489000000000000057e+02
1.415999999999999943e+02,1.169000000000000057e+02,1.370000000000000000e+02
1.623000000000000114e+02,1.172000000000000028e+02,1.281999999999999886e+02
1.626999999999999886e+02,1.361999999999999886e+02,1.561999999999999886e+02
1.521999999999999886e+02,1.624000000000000057e+02,1.773000000000000114e+02
1.760000000000000000e+02,1.383000000000000114e+02,1.740999999999999943e+02
1.906999999999999886e+02,1.239000000000000057e+02,1.700000000000000000e+02
1.555999999999999943e+02,1.329000000000000057e+02,1.570999999999999943e+02
1.443000000000000114e+02,1.660999999999999943e+02,1.905000000000000000e+02
1.473000000000000114e+02,2.448000000000000114e+02,2.040999999999999943e+02
1.444000000000000057e+02,1.635000000000000000e+02,2.161999999999999886e+02
1.435000000000000000e+02,1.704000000000000057e+02,2.068000000000000114e+02
1.505000000000000000e+02,1.835000000000000000e+02,1.813000000000000114e+02
1.640000000000000000e+02,1.653000000000000114e+02,2.020000000000000000e+02
1.404000000000000057e+02,1.629000000000000057e+02,1.774000000000000057e+02
1.344000000000000057e+02,1.750999999999999943e+02,1.823000000000000114e+02
1.778000000000000114e+02,1.540000000000000000e+02,1.968000000000000114e+02
1.668000000000000114e+02,1.499000000000000057e+02,2.003000000000000114e+02
1.534000000000000057e+02,1.344000000000000057e+02,1.714000000000000057e+02
1.605999999999999943e+02,1.485999999999999943e+02,1.921999999999999886e+02
1.589000000000000057e+02,1.451999999999999886e+02,1.958000000000000114e+02
1.395000000000000000e+02,1.485999999999999943e+02,2.078000000000000114e+02
1.289000000000000057e+02,1.455999999999999943e+02,1.850999999999999943e+02
1.286999999999999886e+02,1.363000000000000114e+02,2.545000000000000000e+02
1.280000000000000000e+02,1.469000000000000057e+02,2.226999999999999886e+02
1.295999999999999943e+02,1.516999999999999886e+02,2.174000000000000057e+02
1.585999999999999943e+02,1.310999999999999943e+02,1.815999999999999943e+02
2.076999999999999886e+02,1.780999999999999943e+02,2.143000000000000114e+02
1.885000000000000000e+02,1.524000000000000057e+02,2.030000000000000000e+02
1.781999999999999886e+02,1.789000000000000057e+02,2.265000000000000000e+02
1.629000000000000057e+02,1.834000000000000057e+02,1.928000000000000114e+02
1.683000000000000114e+02,1.764000000000000057e+02,2.185999999999999943e+02
1.514000000000000057e+02,1.865999999999999943e+02,1.964000000000000057e+02
1.470000000000000000e+02,1.694000000000000057e+02,2.043000000000000114e+02
1.454000000000000057e+02,1.483000000000000114e+02,1.813000000000000114e+02
1.453000000000000114e+02,1.600999999999999943e+02,2.144000000000000057e+02
1.220999999999999943e+02,1.390999999999999943e+02,1.780000000000000000e+02
1.270999999999999943e+02,1.435000000000000000e+02,1.679000000000000057e+02
1.405999999999999943e+02,1.555999999999999943e+02,1.511999999999999886e+02
1.400999999999999943e+02,1.444000000000000057e+02,1.880999999999999943e+02
1.265000000000000000e+02,1.488000000000000114e+02,1.885000000000000000e+02
1.608000000000000114e+02,1.415999999999999943e+02,1.860000000000000000e+02
1.536999999999999886e+02,1.219000000000000057e+02,1.991999999999999886e+02
1.420999999999999943e+02,1.454000000000000057e+02,1.700999999999999943e+02
1.580000000000000000e+02,1.469000000000000057e+02,1.861999999999999886e+02
1.560000000000000000e+02,1.579000000000000057e+02,1.926999999999999886e+02
1.257999999999999972e+02,1.536999999999999886e+02,1.661999999999999886e+02
1.341999999999999886e+02,1.298000000000000114e+02,1.609000000000000057e+02
1.463000000000000114e+02,1.277999999999999972e+02,1.745999999999999943e+02
1.319000000000000057e+02,1.436999999999999886e+02,1.890000000000000000e+02
1.450000000000000000e+02,1.250000000000000000e+02,2.065999999999999943e+02
1.519000000000000057e+02,1.190000000000000000e+02,1.834000000000000057e+02
1.429000000000000057e+02,1.485000000000000000e+02,1.741999999999999886e+02
1.653000000000000114e+02,1.400999999999999943e+02,1.831999999999999886e+02
1.806999999999999886e+02,1.436999999999999886e+02,1.786999999999999886e+02
1.588000000000000114e+02,1.378000000000000114e+02,2.159000000000000057e+02
1.585000000000000000e+02,1.319000000000000057e+02,1.871999999999999886e+02
1.516999999999999886e+02,1.353000000000000114e+02,2.000000000000000000e+02
1.695000000000000000e+02,1.485000000000000000e+02,2.198000000000000114e+02
1.670999999999999943e+02,1.724000000000000057e+02,2.030999999999999943e+02
1.953000000000000114e+02,1.733000000000000114e+02,2.088000000000000114e+02
1.999000000000000057e+02,1.660999999999999943e+02,2.841999999999999886e+02
2.051999999999999886e+02,1.790999999999999943e+02,2.318000000000000114e+02
2.385999999999999943e+02,1.959000000000000057e+02,2.326999999999999886e+02
2.549000000000000057e+02,2.278000000000000114e+02,2.373000000000000114e+02
2.540999999999999943e+02,1.863000000000000114e+02,2.300999999999999943e+02
2.274000000000000057e+02,1.655000000000000000e+02,2.691000000000000227e+02
2.576000000000000227e+02,1.899000000000000057e+02,2.586999999999999886e+02
2.465000000000000000e+02,1.685000000000000000e+02,2.330000000000000000e+02
2.555000000000000000e+02,1.955999999999999943e+02,2.363000000000000114e+02
2.214000000000000057e+02,2.485000000000000000e+02,2.348000000000000114e+02
2.010999999999999943e+02,2.530000000000000000e+02,2.658000000000000114e+02
2.190999999999999943e+02,1.979000000000000057e+02,2.358000000000000114e+02
2.276999999999999886e+02,1.986999999999999886e+02,2.591999999999999886e+02
2.081999999999999886e+02,1.985999999999999943e+02,2.369000000000000057e+02
2.301999999999999886e+02,2.341999999999999886e+02,2.720000000000000000e+02
2.988000000000000114e+02,2.173000000000000114e+02,2.390999999999999943e+02
2.673999999999999773e+02,1.779000000000000057e+02,2.626999999999999886e+02
2.519000000000000057e+02,1.878000000000000114e+02,2.785000000000000000e+02
2.429000000000000057e+02,2.448000000000000114e+02,3.186000000000000227e+02
2.521999999999999886e+02,2.021999999999999886e+02,2.851000000000000227e+02
2.468000000000000114e+02,2.035999999999999943e+02,2.786000000000000227e+02
2.468000000000000114e+02,1.995999999999999943e+02,2.653999999999999773e+02
2.410000000000000000e+02,1.930000000000000000e+02,2.473000000000000114e+02
2.135999999999999943e+02,1.790999999999999943e+02,2.420999999999999943e+02
2.381999999999999886e+02,1.698000000000000114e+02,2.338000000000000114e+02
1.909000000000000057e+02,1.744000000000000057e+02,2.454000000000000057e+02
1.948000000000000114e+02,1.530999999999999943e+02,2.499000000000000057e+02
1.801999999999999886e+02,1.769000000000000057e+02,2.325999999999999943e+02
1.864000000000000057e+02,1.883000000000000114e+02,2.561999999999999886e+02
1.730999999999999943e+02,1.680999999999999943e+02,2.608999999999999773e+02
1.751999999999999886e+02,1.708000000000000114e+02,2.660000000000000000e+02
1.585999999999999943e+02,1.336999999999999886e+02,2.486999999999999886e+02
1.471999999999999886e+02,1.220999999999999943e+02,2.261999999999999886e+02
1.374000000000000057e+02,1.335000000000000000e+02,1.955000000000000000e+02
1.346999999999999886e+02,1.445000000000000000e+02,1.790000000000000000e+02
1.390000000000000000e+02,1.150000000000000000e+02,1.655000000000000000e+02
1.330000000000000000e+02,1.120000000000000000e+02,1.751999999999999886e+02
1.459000000000000057e+02,1.005000000000000000e+02,1.523000000000000114e+02
1.383000000000000114e+02,1.045999999999999943e+02,1.455999999999999943e+02
1.195999999999999943e+02,1.039000000000000057e+02,1.321999999999999886e+02
1.162999999999999972e+02,9.159999999999999432e+01,1.380999999999999943e+02
1.135999999999999943e+02,9.550000000000000000e+01,1.298000000000000114e+02
1.077999999999999972e+02,9.700000000000000000e+01,1.318000000000000114e+02
1.145999999999999943e+02,1.075000000000000000e+02,1.257999999999999972e+02
1.105999999999999943e+02,1.102000000000000028e+02,1.277999999999999972e+02
1.097000000000000028e+02,1.005000000000000000e+02,1.405000000000000000e+02
1.069000000000000057e+02,9.640000000000000568e+01,1.345999999999999943e+02
1.125000000000000000e+02,1.050000000000000000e+02,1.245000000000000000e+02
1.079000000000000057e+02,1.014000000000000057e+02,1.267000000000000028e+02
1.082000000000000028e+02,1.139000000000000057e+02,1.490999999999999943e+02
1.129000000000000057e+02,1.237999999999999972e+02,1.464000000000000057e+02
1.042000000000000028e+02,1.132999999999999972e+02,1.511999999999999886e+02
1.022999999999999972e+02,1.124000000000000057e+02,1.440000000000000000e+02
9.829999999999999716e+01,1.002999999999999972e+02,1.419000000000000057e+02
9.690000000000000568e+01,1.000999999999999943e+02,1.345999999999999943e+02
1.024000000000000057e+02,1.025000000000000000e+02,1.340999999999999943e+02
1.017999999999999972e+02,8.170000000000000284e+01,1.115000000000000000e+02
1.005000000000000000e+02,8.579999999999999716e+01,1.190999999999999943e+02
9.800000000000000000e+01,7.740000000000000568e+01,1.182000000000000028e+02
9.840000000000000568e+01,8.629999999999999716e+01,1.114000000000000057e+02
1.084000000000000057e+02,9.600000000000000000e+01,1.135999999999999943e+02
1.142000000000000028e+02,8.900000000000000000e+01,1.197000000000000028e+02
1.142999999999999972e+02,9.020000000000000284e+01,1.040999999999999943e+02
1.189000000000000057e+02,7.850000000000000000e+01,1.182999999999999972e+02
1.107999999999999972e+02,7.559999999999999432e+01,1.170999999999999943e+02
1.105999999999999943e+02,8.440000000000000568e+01,1.067999999999999972e+02
1.082000000000000028e+02,7.990000000000000568e+01,1.079000000000000057e+02
1.075000000000000000e+02,1.012999999999999972e+02,1.220000000000000000e+02
9.470000000000000284e+01,9.159999999999999432e+01,1.105000000000000000e+02
1.002999999999999972e+02,9.070000000000000284e+01,1.080999999999999943e+02
1.032000000000000028e+02,9.809999999999999432e+01,1.207999999999999972e+02
1.097999999999999972e+02,9.090000000000000568e+01,1.205999999999999943e+02
1.060999999999999943e+02,1.301999999999999886e+02,1.104000000000000057e+02
1.074000000000000057e+02,8.879999999999999716e+01,1.210000000000000000e+02
1.137000000000000028e+02,9.700000000000000000e+01,1.265000000000000000e+02
1.085000000000000000e+02,1.117000000000000028e+02,1.260000000000000000e+02
1.044000000000000057e+02,9.140000000000000568e+01,1.150999999999999943e+02
1.087000000000000028e+02,9.809999999999999432e+01,1.094000000000000057e+02
1.040000000000000000e+02,9.720000000000000284e+01,1.115000000000000000e+02
1.079000000000000057e+02,1.291999999999999886e+02,1.165000000000000000e+02
1.288000000000000114e+02,9.700000000000000000e+01,1.305000000000000000e+02
1.187999999999999972e+02,1.057000000000000028e+02,1.554000000000000057e+02
1.212999999999999972e+02,1.310999999999999943e+02,1.493000000000000114e+02
1.459000000000000057e+02,1.277000000000000028e+02,1.569000000000000057e+02
1.695000000000000000e+02,1.446999999999999886e+02,1.285000000000000000e+02
1.700999999999999943e+02,1.182000000000000028e+02,1.290000000000000000e+02
1.318000000000000114e+02,1.356999999999999886e+02,1.520999999999999943e+02
1.326999999999999886e+02,1.264000000000000057e+02,1.596999999999999886e+02
1.230000000000000000e+02,1.105000000000000000e+02,1.635000000000000000e+02
1.439000000000000057e+02,1.035000000000000000e+02,1.649000000000000057e+02
1.381999999999999886e+02,1.235000000000000000e+02,1.670999999999999943e+02
1.481999999999999886e+02,1.325999999999999943e+02,1.881999999999999886e+02
1.539000000000000057e+02,1.554000000000000057e+02,2.020000000000000000e+02
1.519000000000000057e+02,1.701999999999999886e+02,1.954000000000000057e+02
1.560999999999999943e+02,1.568000000000000114e+02,2.200999999999999943e+02
1.665999999999999943e+02,1.346999999999999886e+02,1.791999999999999886e+02
1.778000000000000114e+02,1.563000000000000114e+02,2.836999999999999886e+02
1.948000000000000114e+02,1.550000000000000000e+02,2.551999999999999886e+02
1.729000000000000057e+02,1.701999999999999886e+02,2.485000000000000000e+02
1.973000000000000114e+02,1.665999999999999943e+02,2.430999999999999943e+02
2.319000000000000057e+02,1.785999999999999943e+02,2.786000000000000227e+02
2.026999999999999886e+02,1.944000000000000057e+02,2.405999999999999943e+02
1.925999999999999943e+02,2.130999999999999943e+02,2.301999999999999886e+02
1.660999999999999943e+02,1.834000000000000057e+02,2.344000000000000057e+02
1.836999999999999886e+02,1.550000000000000000e+02,2.538000000000000114e+02
2.025999999999999943e+02,1.494000000000000057e+02,2.683000000000000114e+02
1.976999999999999886e+02,1.399000000000000057e+02,2.385999999999999943e+02
1.800000000000000000e+02,1.470999999999999943e+02,2.190000000000000000e+02
1.544000000000000057e+02,1.455000000000000000e+02,1.808000000000000114e+02
1.576999999999999886e+02,1.510999999999999943e+02,1.908000000000000114e+02
1.706999999999999886e+02,1.394000000000000057e+02,1.788000000000000114e+02
1.703000000000000114e+02,1.556999999999999886e+02,2.281999999999999886e+02
2.070999999999999943e+02,1.743000000000000114e+02,2.263000000000000114e+02
1.816999999999999886e+02,1.551999999999999886e+02,2.170999999999999943e+02
1.666999999999999886e+02,1.516999999999999886e+02,2.200000000000000000e+02
1.950999999999999943e+02,1.465000000000000000e+02,2.490000000000000000e+02
2.000999999999999943e+02,1.601999999999999886e+02,2.029000000000000057e+02
2.105999999999999943e+02,1.365000000000000000e+02,2.336999999999999886e+02
2.116999999999999886e+02,1.358000000000000114e+02,2.903000000000000114e+02
1.844000000000000057e+02,1.693000000000000114e+02,2.111999999999999886e+02
1.700999999999999943e+02,1.513000000000000114e+02,1.996999999999999886e+02
1.725999999999999943e+02,1.656999999999999886e+02,1.970999999999999943e+02
1.534000000000000057e+02,1.448000000000000114e+02,1.779000000000000057e+02
1.626999999999999886e+02,1.358000000000000114e+02,1.800000000000000000e+02
1.511999999999999886e+02,1.305000000000000000e+02,1.795000000000000000e+02
1.333000000000000114e+02,1.140000000000000000e+02,1.964000000000000057e+02
1.526999999999999886e+02,1.252000000000000028e+02,1.849000000000000057e+02
1.696999999999999886e+02,1.335000000000000000e+02,2.023000000000000114e+02
2.181999999999999886e+02,1.257000000000000028e+02,2.008000000000000114e+02
1.621999999999999886e+02,1.239000000000000057e+02,1.920000000000000000e+02
1.508000000000000114e+02,1.388000000000000114e+02,2.063000000000000114e+02
1.493000000000000114e+02,1.368000000000000114e+02,2.325999999999999943e+02
1.599000000000000057e+02,1.365999999999999943e+02,2.165999999999999943e+02
1.390999999999999943e+02,1.389000000000000057e+02,2.320000000000000000e+02
1.530000000000000000e+02,1.356999999999999886e+02,2.209000000000000057e+02
1.615999999999999943e+02,1.190999999999999943e+02,1.993000000000000114e+02
1.740000000000000000e+02,1.250999999999999943e+02,2.105999999999999943e+02
1.670999999999999943e+02,1.324000000000000057e+02,2.041999999999999886e+02
1.708000000000000114e+02,1.365000000000000000e+02,2.111999999999999886e+02
1.895999999999999943e+02,1.475999999999999943e+02,2.544000000000000057e+02
2.080000000000000000e+02,1.443000000000000114e+02,3.026999999999999886e+02
1.605999999999999943e+02,1.544000000000000057e+02,2.516999999999999886e+02
2.010000000000000000e+02,1.906999999999999886e+02,2.385000000000000000e+02
2.020000000000000000e+02,1.904000000000000057e+02,2.566999999999999886e+02
1.888000000000000114e+02,1.890999999999999943e+02,2.686999999999999886e+02
2.351999999999999886e+02,1.965999999999999943e+02,2.708000000000000114e+02
2.150999999999999943e+02,1.920999999999999943e+02,2.628999999999999773e+02
2.329000000000000057e+02,2.065000000000000000e+02,2.850000000000000000e+02
2.460999999999999943e+02,2.029000000000000057e+02,2.858000000000000114e+02
2.276999999999999886e+02,2.283000000000000114e+02,2.566000000000000227e+02
2.301999999999999886e+02,2.351999999999999886e+02,2.255999999999999943e+02
2.480000000000000000e+02,1.984000000000000057e+02,2.561999999999999886e+02
2.381999999999999886e+02,2.314000000000000057e+02,2.520999999999999943e+02
2.348000000000000114e+02,2.194000000000000057e+02,2.696999999999999886e+02
2.013000000000000114e+02,2.124000000000000057e+02,2.596999999999999886e+02
2.015000000000000000e+02,2.155999999999999943e+02,2.903999999999999773e+02
2.073000000000000114e+02,2.133000000000000114e+02,2.405999999999999943e+02
2.264000000000000057e+02,1.673000000000000114e+02,2.451999999999999886e+02
2.284000000000000057e+02,1.609000000000000057e+02,2.421999999999999886e+02
2.138000000000000114e+02,1.690000000000000000e+02,2.883999999999999773e+02
2.005000000000000000e+02,1.540999999999999943e+02,2.861999999999999886e+02
1.764000000000000057e+02,1.866999999999999886e+02,2.380999999999999943e+02
1.629000000000000057e+02,1.965999999999999943e+02,2.533000000000000114e+02
1.638000000000000114e+02,1.819000000000000057e+02,2.523000000000000114e+02
1.861999999999999886e+02,2.020000000000000000e+02,2.708999999999999773e+02
2.020999999999999943e+02,1.881999999999999886e+02,2.555000000000000000e+02
1.991999999999999886e+02,2.211999999999999886e+02,2.695000000000000000e+02
1.990999999999999943e+02,2.136999999999999886e+02,2.763000000000000114e+02
2.021999999999999886e+02,2.215000000000000000e+02,2.846000000000000227e+02
1.866999999999999886e+02,1.935999999999999943e+02,2.846000000000000227e+02
1.915000000000000000e+02,1.760000000000000000e+02,2.540000000000000000e+02
1.785000000000000000e+02,1.789000000000000057e+02,2.178000000000000114e+02
1.816999999999999886e+02,1.778000000000000114e+02,2.073000000000000114e+02
1.600999999999999943e+02,1.655000000000000000e+02,2.093000000000000114e+02
1.753000000000000114e+02,1.696999999999999886e+02,2.388000000000000114e+02
1.720999999999999943e+02,1.645000000000000000e+02,2.364000000000000057e+02
1.861999999999999886e+02,1.839000000000000057e+02,2.255000000000000000e+02
1.775999999999999943e+02,1.753000000000000114e+02,1.965999999999999943e+02
1.380000000000000000e+02,1.373000000000000114e+02,1.779000000000000057e+02
1.365999999999999943e+02,1.303000000000000114e+02,1.726999999999999886e+02
1.162999999999999972e+02,1.045999999999999943e+02,1.525999999999999943e+02
1.252000000000000028e+02,1.092999999999999972e+02,1.605999999999999943e+02
1.129000000000000057e+02,8.909999999999999432e+01,1.489000000000000057e+02
1.120000000000000000e+02,1.042999999999999972e+02,1.633000000000000114e+02
1.200999999999999943e+02,1.002999999999999972e+02,1.540000000000000000e+02
1.077000000000000028e+02,9.890000000000000568e+01,1.333000000000000114e+02
1.050999999999999943e+02,1.030999999999999943e+02,1.315999999999999943e+02
1.012999999999999972e+02,9.000000000000000000e+01,1.227000000000000028e+02
1.054000000000000057e+02,9.929999999999999716e+01,1.245000000000000000e+02
1.022999999999999972e+02,9.200000000000000000e+01,1.254000000000000057e+02
1.080999999999999943e+02,9.600000000000000000e+01,1.204000000000000057e+02
9.870000000000000284e+01,9.500000000000000000e+01,1.373000000000000114e+02
1.089000000000000057e+02,8.650000000000000000e+01,1.425000000000000000e+02
1.115999999999999943e+02,1.092999999999999972e+02,1.509000000000000057e+02
1.007999999999999972e+02,1.000000000000000000e+02,1.520000000000000000e+02
9.900000000000000000e+01,1.109000000000000057e+02,1.510000000000000000e+02
1.022999999999999972e+02,1.027999999999999972e+02,1.435999999999999943e+02
9.829999999999999716e+01,8.870000000000000284e+01,1.420000000000000000e+02
9.820000000000000284e+01,9.770000000000000284e+01,1.675000000000000000e+02
9.579999999999999716e+01,7.350000000000000000e+01,1.488000000000000114e+02
1.055000000000000000e+02,8.140000000000000568e+01,1.565000000000000000e+02
1.042999999999999972e+02,7.579999999999999716e+01,1.440999999999999943e+02
1.022000000000000028e+02,9.079999999999999716e+01,1.438000000000000114e+02
1.020999999999999943e+02,9.309999999999999432e+01,1.424000000000000057e+02
1.042999999999999972e+02,7.490000000000000568e+01,1.320000000000000000e+02
1.027000000000000028e+02,8.479999999999999716e+01,1.122999999999999972e+02
9.820000000000000284e+01,8.850000000000000000e+01,1.275999999999999943e+02
9.800000000000000000e+01,8.479999999999999716e+01,1.152000000000000028e+02
1.137999999999999972e+02,7.940000000000000568e+01,1.125000000000000000e+02
1.152999999999999972e+02,7.440000000000000568e+01,1.125999999999999943e+02
1.069000000000000057e+02,9.090000000000000568e+01,1.222000000000000028e+02
1.135999999999999943e+02,7.950000000000000000e+01,1.087999999999999972e+02
1.155000000000000000e+02,8.920000000000000284e+01,1.104000000000000057e+02
1.052000000000000028e+02,7.800000000000000000e+01,1.240999999999999943e+02
1.017999999999999972e+02,7.850000000000000000e+01,1.295999999999999943e+02
1.040999999999999943e+02,8.270000000000000284e+01,1.230000000000000000e+02
1.004000000000000057e+02,7.459999999999999432e+01,1.192000000000000028e+02
9.870000000000000284e+01,8.520000000000000284e+01,1.595000000000000000e+02
1.069000000000000057e+02,9.600000000000000000e+01,1.493000000000000114e+02
1.172999999999999972e+02,8.329999999999999716e+01,1.072999999999999972e+02
1.040999999999999943e+02,9.109999999999999432e+01,1.070999999999999943e+02
9.290000000000000568e+01,8.790000000000000568e+01,1.300000000000000000e+02
1.015999999999999943e+02,1.019000000000000057e+02,1.270000000000000000e+02
1.024000000000000057e+02,8.940000000000000568e+01,1.132999999999999972e+02
1.029000000000000057e+02,1.037000000000000028e+02,1.277000000000000028e+02
1.371999999999999886e+02,1.450999999999999943e+02,1.345000000000000000e+02
1.399000000000000057e+02,1.229000000000000057e+02,1.439000000000000057e+02
1.205000000000000000e+02,1.264000000000000057e+02,1.323000000000000114e+02
1.576999999999999886e+02,1.458000000000000114e+02,1.571999999999999886e+02
1.470999999999999943e+02,1.720999999999999943e+02,1.768000000000000114e+02
1.311999999999999886e+02,1.699000000000000057e+02,1.746999999999999886e+02
1.348000000000000114e+02,1.530999999999999943e+02,1.468000000000000114e+02
1.626999999999999886e+02,1.386999999999999886e+02,1.406999999999999886e+02
1.805999999999999943e+02,1.465999999999999943e+02,1.675999999999999943e+02
1.854000000000000057e+02,1.490000000000000000e+02,1.865000000000000000e+02
1.910999999999999943e+02,1.720000000000000000e+02,1.935000000000000000e+02
1.988000000000000114e+02,1.205000000000000000e+02,1.569000000000000057e+02
1.810000000000000000e+02,1.501999999999999886e+02,1.725999999999999943e+02
1.899000000000000057e+02,1.694000000000000057e+02,1.755999999999999943e+02
1.955000000000000000e+02,1.245999999999999943e+02,1.891999999999999886e+02
1.835000000000000000e+02,1.661999999999999886e+02,2.028000000000000114e+02
2.015999999999999943e+02,1.494000000000000057e+02,2.293000000000000114e+02
1.655999999999999943e+02,1.471999999999999886e+02,2.215999999999999943e+02
1.835000000000000000e+02,1.604000000000000057e+02,2.163000000000000114e+02
1.883000000000000114e+02,1.681999999999999886e+02,2.045000000000000000e+02
1.634000000000000057e+02,1.656999999999999886e+02,2.150000000000000000e+02
1.725000000000000000e+02,1.460999999999999943e+02,2.098000000000000114e+02
2.251999999999999886e+02,1.771999999999999886e+02,2.369000000000000057e+02
2.256999999999999886e+02,1.769000000000000057e+02,2.491999999999999886e+02
2.055999999999999943e+02,1.423000000000000114e+02,2.203000000000000114e+02
1.685000000000000000e+02,1.344000000000000057e+02,2.204000000000000057e+02
1.431999999999999886e+02,1.488000000000000114e+02,2.335000000000000000e+02
1.523000000000000114e+02,1.650999999999999943e+02,1.991999999999999886e+02
1.630000000000000000e+02,1.429000000000000057e+02,1.735999999999999943e+02
1.966999999999999886e+02,1.570000000000000000e+02,2.239000000000000057e+02
1.885000000000000000e+02,1.435000000000000000e+02,2.360000000000000000e+02
1.930000000000000000e+02,1.565999999999999943e+02,2.216999999999999886e+02
2.070000000000000000e+02,1.565999999999999943e+02,2.030999999999999943e+02
2.220999999999999943e+02,1.875000000000000000e+02,2.080999999999999943e+02
1.649000000000000057e+02,1.345000000000000000e+02,2.015000000000000000e+02
1.795999999999999943e+02,1.643000000000000114e+02,2.618999999999999773e+02
1.753000000000000114e+02,1.553000000000000114e+02,2.328000000000000114e+02
1.443000000000000114e+02,1.510000000000000000e+02,2.041999999999999886e+02
1.529000000000000057e+02,1.559000000000000057e+02,2.043000000000000114e+02
1.624000000000000057e+02,1.464000000000000057e+02,1.875999999999999943e+02
1.665000000000000000e+02,1.340999999999999943e+02,1.808000000000000114e+02
1.774000000000000057e+02,1.490999999999999943e+02,1.900000000000000000e+02
1.670999999999999943e+02,1.360999999999999943e+02,2.025000000000000000e+02
1.535000000000000000e+02,1.356999999999999886e+02,2.040000000000000000e+02
1.700000000000000000e+02,1.212000000000000028e+02,1.893000000000000114e+02
1.746999999999999886e+02,1.420000000000000000e+02,1.995999999999999943e+02
1.860000000000000000e+02,1.310999999999999943e+02,2.295999999999999943e+02
1.671999999999999886e+02,1.446999999999999886e+02,2.061999999999999886e+02
1.585000000000000000e+02,1.363000000000000114e+02,2.063000000000000114e+02
1.455000000000000000e+02,1.285999999999999943e+02,2.005000000000000000e+02
1.424000000000000057e+02,1.468000000000000114e+02,1.895000000000000000e+02
1.376999999999999886e+02,1.489000000000000057e+02,2.289000000000000057e+02
1.480999999999999943e+02,1.414000000000000057e+02,2.203000000000000114e+02
1.775000000000000000e+02,1.459000000000000057e+02,2.178000000000000114e+02
1.749000000000000057e+02,1.434000000000000057e+02,2.325999999999999943e+02
1.976999999999999886e+02,1.548000000000000114e+02,2.505999999999999943e+02
1.860999999999999943e+02,1.379000000000000057e+02,2.325999999999999943e+02
1.785000000000000000e+02,1.379000000000000057e+02,2.250999999999999943e+02
1.788000000000000114e+02,1.430000000000000000e+02,2.510000000000000000e+02
1.940999999999999943e+02,1.556999999999999886e+02,2.650000000000000000e+02
1.860999999999999943e+02,1.580000000000000000e+02,2.581000000000000227e+02
1.826999999999999886e+02,1.796999999999999886e+02,2.528000000000000114e+02
2.040000000000000000e+02,2.045000000000000000e+02,2.640000000000000000e+02
2.189000000000000057e+02,2.195000000000000000e+02,3.151999999999999886e+02
2.489000000000000057e+02,2.045000000000000000e+02,3.053000000000000114e+02
2.936999999999999886e+02,1.965000000000000000e+02,3.048999999999999773e+02
2.544000000000000057e+02,1.671999999999999886e+02,3.171999999999999886e+02
2.554000000000000057e+02,1.914000000000000057e+02,3.248000000000000114e+02
2.358000000000000114e+02,1.770000000000000000e+02,3.055000000000000000e+02
2.054000000000000057e+02,1.998000000000000114e+02,2.991000000000000227e+02
2.194000000000000057e+02,2.174000000000000057e+02,2.566000000000000227e+02
1.979000000000000057e+02,2.120000000000000000e+02,2.510999999999999943e+02
2.323000000000000114e+02,1.835000000000000000e+02,2.570000000000000000e+02
2.180000000000000000e+02,2.655000000000000000e+02,2.499000000000000057e+02
2.348000000000000114e+02,2.384000000000000057e+02,2.448000000000000114e+02
2.245999999999999943e+02,1.950999999999999943e+02,2.611999999999999886e+02
2.560000000000000000e+02,2.036999999999999886e+02,2.823000000000000114e+02
2.476999999999999886e+02,2.129000000000000057e+02,2.715000000000000000e+02
2.396999999999999886e+02,2.159000000000000057e+02,2.895000000000000000e+02
2.435999999999999943e+02,2.155000000000000000e+02,2.936000000000000227e+02
2.114000000000000057e+02,1.861999999999999886e+02,2.586000000000000227e+02
2.370999999999999943e+02,1.625000000000000000e+02,2.575000000000000000e+02
2.131999999999999886e+02,1.543000000000000114e+02,2.663000000000000114e+02
2.186999999999999886e+02,1.611999999999999886e+02,2.765000000000000000e+02
2.353000000000000114e+02,1.995999999999999943e+02,2.628000000000000114e+02
2.025999999999999943e+02,1.833000000000000114e+02,2.848000000000000114e+02
2.088000000000000114e+02,1.843000000000000114e+02,2.439000000000000057e+02
2.038000000000000114e+02,1.855999999999999943e+02,2.420999999999999943e+02
2.143000000000000114e+02,2.063000000000000114e+02,2.801999999999999886e+02
1.815000000000000000e+02,1.770999999999999943e+02,2.795000000000000000e+02
1.798000000000000114e+02,1.890999999999999943e+02,2.555000000000000000e+02
1.929000000000000057e+02,1.639000000000000057e+02,2.488000000000000114e+02
1.963000000000000114e+02,1.461999999999999886e+02,2.410999999999999943e+02
1.741999999999999886e+02,1.629000000000000057e+02,2.151999999999999886e+02
1.470000000000000000e+02,1.378000000000000114e+02,2.038000000000000114e+02
1.660999999999999943e+02,1.581999999999999886e+02,2.509000000000000057e+02
1.599000000000000057e+02,1.420000000000000000e+02,2.373000000000000114e+02
1.420999999999999943e+02,1.195000000000000000e+02,2.015999999999999943e+02
1.300000000000000000e+02,1.170999999999999943e+02,1.805000000000000000e+02
1.217999999999999972e+02,9.659999999999999432e+01,1.630999999999999943e+02
1.235999999999999943e+02,1.227000000000000028e+02,1.625000000000000000e+02
1.197999999999999972e+02,1.137999999999999972e+02,1.514000000000000057e+02
1.285999999999999943e+02,1.169000000000000057e+02,1.550999999999999943e+02
1.301999999999999886e+02,9.600000000000000000e+01,1.277999999999999972e+02
1.177999999999999972e+02,8.609999999999999432e+01,1.455000000000000000e+02
1.122000000000000028e+02,9.570000000000000284e+01,1.304000000000000057e+02
1.147999999999999972e+02,9.200000000000000000e+01,1.269000000000000057e+02
1.079000000000000057e+02,9.600000000000000000e+01,1.340999999999999943e+02
1.025000000000000000e+02,9.640000000000000568e+01,1.245000000000000000e+02
1.082999999999999972e+02,9.909999999999999432e+01,1.252999999999999972e+02
1.154000000000000057e+02,1.040000000000000000e+02,1.169000000000000057e+02
1.170000000000000000e+02,1.067999999999999972e+02,1.264000000000000057e+02
1.157999999999999972e+02,1.124000000000000057e+02,1.478000000000000114e+02
1.185000000000000000e+02,1.037000000000000028e+02,1.645999999999999943e+02
1.134000000000000057e+02,1.080999999999999943e+02,1.623000000000000114e+02
1.064000000000000057e+02,9.300000000000000000e+01,1.425000000000000000e+02
1.014000000000000057e+02,8.650000000000000000e+01,1.495999999999999943e+02
1.147000000000000028e+02,9.409999999999999432e+01,1.569000000000000057e+02
1.002999999999999972e+02,7.150000000000000000e+01,1.328000000000000114e+02
9.300000000000000000e+01,8.079999999999999716e+01,1.212000000000000028e+02
9.490000000000000568e+01,7.540000000000000568e+01,1.305999999999999943e+02
9.390000000000000568e+01,7.600000000000000000e+01,1.197999999999999972e+02
1.027999999999999972e+02,9.920000000000000284e+01,1.122999999999999972e+02
9.379999999999999716e+01,7.370000000000000284e+01,1.057000000000000028e+02
9.720000000000000284e+01,8.129999999999999716e+01,1.145000000000000000e+02
9.440000000000000568e+01,7.370000000000000284e+01,1.316999999999999886e+02
9.929999999999999716e+01,8.379999999999999716e+01,1.125999999999999943e+02
9.759999999999999432e+01,8.250000000000000000e+01,1.132999999999999972e+02
1.057000000000000028e+02,1.015000000000000000e+02,1.072999999999999972e+02
1.002999999999999972e+02,1.060000000000000000e+02,1.288000000000000114e+02
1.047000000000000028e+02,8.120000000000000284e+01,1.087000000000000028e+02
1.045999999999999943e+02,9.450000000000000000e+01,1.032999999999999972e+02
1.000999999999999943e+02,8.320000000000000284e+01,1.132999999999999972e+02
9.979999999999999716e+01,8.600000000000000000e+01,1.257999999999999972e+02
1.007000000000000028e+02,7.940000000000000568e+01,1.085000000000000000e+02
9.909999999999999432e+01,7.779999999999999716e+01,1.067999999999999972e+02
9.779999999999999716e+01,7.820000000000000284e+01,1.284000000000000057e+02
1.072999999999999972e+02,7.850000000000000000e+01,1.187000000000000028e+02
1.059000000000000057e+02,9.679999999999999716e+01,1.157000000000000028e+02
1.132000000000000028e+02,1.301999999999999886e+02,1.129000000000000057e+02
1.042999999999999972e+02,1.277999999999999972e+02,1.132000000000000028e+02
9.709999999999999432e+01,1.087999999999999972e+02,1.420999999999999943e+02
1.130000000000000000e+02,1.157999999999999972e+02,1.210000000000000000e+02
1.197999999999999972e+02,1.338000000000000114e+02,1.504000000000000057e+02
1.321999999999999886e+02,1.264000000000000057e+02,1.436999999999999886e+02
1.095000000000000000e+02,1.328000000000000114e+02,1.456999999999999886e+02
1.333000000000000114e+02,1.423000000000000114e+02,1.460999999999999943e+02
1.230000000000000000e+02,1.536999999999999886e+02,1.466999999999999886e+02
1.331999999999999886e+02,1.345000000000000000e+02,1.670000000000000000e+02
1.540000000000000000e+02,1.260000000000000000e+02,1.980000000000000000e+02
1.411999999999999886e+02,1.122999999999999972e+02,1.928000000000000114e+02
1.534000000000000057e+02,1.283000000000000114e+02,1.968000000000000114e+02
1.689000000000000057e+02,1.167000000000000028e+02,2.134000000000000057e+02
1.570000000000000000e+02,1.554000000000000057e+02,2.353000000000000114e+02
1.386999999999999886e+02,1.250999999999999943e+02,2.199000000000000057e+02
1.910000000000000000e+02,1.550000000000000000e+02,2.430999999999999943e+02
1.518000000000000114e+02,1.499000000000000057e+02,1.955999999999999943e+02
1.701999999999999886e+02,1.242999999999999972e+02,1.876999999999999886e+02
1.473000000000000114e+02,1.598000000000000114e+02,1.929000000000000057e+02
1.714000000000000057e+02,1.681999999999999886e+02,2.064000000000000057e+02
1.680999999999999943e+02,1.734000000000000057e+02,2.265000000000000000e+02
1.475999999999999943e+02,1.675000000000000000e+02,1.960000000000000000e+02
1.555999999999999943e+02,1.320999999999999943e+02,2.033000000000000114e+02
1.603000000000000114e+02,1.701999999999999886e+02,2.261999999999999886e+02
1.833000000000000114e+02,1.855000000000000000e+02,2.095999999999999943e+02
1.835999999999999943e+02,2.015999999999999943e+02,2.210999999999999943e+02
1.724000000000000057e+02,1.800999999999999943e+02,2.290000000000000000e+02
1.490999999999999943e+02,1.676999999999999886e+02,1.919000000000000057e+02
1.406999999999999886e+02,1.726999999999999886e+02,1.935000000000000000e+02
1.284000000000000057e+02,1.776999999999999886e+02,2.016999999999999886e+02
1.324000000000000057e+02,1.620999999999999943e+02,1.920999999999999943e+02
1.839000000000000057e+02,1.644000000000000057e+02,1.893000000000000114e+02
1.865000000000000000e+02,1.523000000000000114e+02,2.180999999999999943e+02
2.125999999999999943e+02,1.780000000000000000e+02,2.309000000000000057e+02
2.265000000000000000e+02,1.946999999999999886e+02,2.099000000000000057e+02
2.094000000000000057e+02,1.658000000000000114e+02,2.048000000000000114e+02
1.904000000000000057e+02,1.774000000000000057e+02,2.114000000000000057e+02
1.610000000000000000e+02,1.885999999999999943e+02,2.240999999999999943e+02
1.720000000000000000e+02,1.828000000000000114e+02,1.969000000000000057e+02
1.755999999999999943e+02,1.775000000000000000e+02,2.380000000000000000e+02
1.740000000000000000e+02,1.676999999999999886e+02,2.588999999999999773e+02
1.723000000000000114e+02,1.993000000000000114e+02,2.338000000000000114e+02
1.755999999999999943e+02,1.608000000000000114e+02,2.034000000000000057e+02
1.484000000000000057e+02,1.535000000000000000e+02,1.730000000000000000e+02
1.475999999999999943e+02,1.695999999999999943e+02,1.825000000000000000e+02
1.715000000000000000e+02,1.970000000000000000e+02,2.450999999999999943e+02
1.831999999999999886e+02,1.670000000000000000e+02,2.346999999999999886e+02
1.480000000000000000e+02,1.673000000000000114e+02,2.374000000000000057e+02
1.654000000000000057e+02,1.465000000000000000e+02,2.100000000000000000e+02
1.330999999999999943e+02,1.318000000000000114e+02,2.090000000000000000e+02
1.441999999999999886e+02,1.614000000000000057e+02,1.920999999999999943e+02
1.408000000000000114e+02,1.913000000000000114e+02,2.046999999999999886e+02
1.403000000000000114e+02,1.691999999999999886e+02,1.969000000000000057e+02
1.354000000000000057e+02,1.619000000000000057e+02,1.975999999999999943e+02
1.806999999999999886e+02,2.005999999999999943e+02,2.405000000000000000e+02
1.508000000000000114e+02,1.888000000000000114e+02,2.409000000000000057e+02
1.548000000000000114e+02,1.518000000000000114e+02,2.311999999999999886e+02
2.009000000000000057e+02,1.594000000000000057e+02,2.203000000000000114e+02
1.570000000000000000e+02,1.595000000000000000e+02,1.991999999999999886e+02
1.500999999999999943e+02,1.498000000000000114e+02,1.928000000000000114e+02
1.633000000000000114e+02,1.529000000000000057e+02,1.840000000000000000e+02
1.585999999999999943e+02,1.426999999999999886e+02,1.974000000000000057e+02
1.596999999999999886e+02,1.573000000000000114e+02,1.913000000000000114e+02
1.616999999999999886e+02,1.546999999999999886e+02,2.270000000000000000e+02
1.785999999999999943e+02,1.545999999999999943e+02,2.388000000000000114e+02
2.065999999999999943e+02,1.710999999999999943e+02,2.085999999999999943e+02
1.941999999999999886e+02,1.835999999999999943e+02,2.184000000000000057e+02
1.791999999999999886e+02,1.656999999999999886e+02,2.195000000000000000e+02
2.128000000000000114e+02,2.135000000000000000e+02,2.450999999999999943e+02
2.060000000000000000e+02,1.828000000000000114e+02,2.405000000000000000e+02
2.114000000000000057e+02,1.880999999999999943e+02,2.270999999999999943e+02
2.305000000000000000e+02,2.024000000000000057e+02,2.333000000000000114e+02
2.583000000000000114e+02,1.754000000000000057e+02,2.205000000000000000e+02
2.451999999999999886e+02,2.003000000000000114e+02,2.440999999999999943e+02
2.191999999999999886e+02,2.035999999999999943e+02,2.210000000000000000e+02
2.064000000000000057e+02,2.021999999999999886e+02,2.601999999999999886e+02
2.095999999999999943e+02,2.090999999999999943e+02,2.840000000000000000e+02
1.888000000000000114e+02,2.194000000000000057e+02,2.500999999999999943e+02
1.995999999999999943e+02,2.000000000000000000e+02,2.405999999999999943e+02
2.006999999999999886e+02,2.154000000000000057e+02,2.738000000000000114e+02
2.075000000000000000e+02,2.141999999999999886e+02,2.986999999999999886e+02
2.380999999999999943e+02,1.863000000000000114e+02,2.705000000000000000e+02
2.339000000000000057e+02,1.918000000000000114e+02,2.535999999999999943e+02
2.368000000000000114e+02,1.866999999999999886e+02,2.575000000000000000e+02
2.210999999999999943e+02,1.970000000000000000e+02,2.270000000000000000e+02
1.980999999999999943e+02,2.073000000000000114e+02,2.811000000000000227e+02
1.841999999999999886e+02,2.375999999999999943e+02,2.409000000000000057e+02
2.105000000000000000e+02,2.318000000000000114e+02,2.505999999999999943e+02
2.038000000000000114e+02,1.478000000000000114e+02,2.696000000000000227e+02
2.130999999999999943e+02,1.816999999999999886e+02,2.433000000000000114e+02
1.999000000000000057e+02,1.660999999999999943e+02,2.405000000000000000e+02
1.944000000000000057e+02,1.651999999999999886e+02,2.250999999999999943e+02
2.045000000000000000e+02,1.441999999999999886e+02,2.274000000000000057e+02
2.049000000000000057e+02,1.324000000000000057e+02,2.300000000000000000e+02
1.938000000000000114e+02,1.564000000000000057e+02,2.049000000000000057e+02
1.634000000000000057e+02,1.380000000000000000e+02,2.333000000000000114e+02
1.643000000000000114e+02,1.513000000000000114e+02,2.145999999999999943e+02
1.561999999999999886e+02,1.494000000000000057e+02,1.855999999999999943e+02
1.559000000000000057e+02,1.625000000000000000e+02,1.949000000000000057e+02
1.664000000000000057e+02,1.834000000000000057e+02,2.293000000000000114e+02
1.655000000000000000e+02,1.172000000000000028e+02,2.030999999999999943e+02
1.850000000000000000e+02,1.306999999999999886e+02,1.935000000000000000e+02
1.870000000000000000e+02,1.242000000000000028e+02,1.745000000000000000e+02
1.871999999999999886e+02,1.265000000000000000e+02,1.824000000000000057e+02
1.571999999999999886e+02,1.224000000000000057e+02,1.591999999999999886e+02
1.586999999999999886e+02,1.072999999999999972e+02,1.531999999999999886e+02
1.636999999999999886e+02,1.020999999999999943e+02,1.593000000000000114e+02
1.670999999999999943e+02,9.590000000000000568e+01,1.499000000000000057e+02
1.589000000000000057e+02,8.770000000000000284e+01,1.348000000000000114e+02
1.546999999999999886e+02,8.900000000000000000e+01,1.300999999999999943e+02
1.519000000000000057e+02,7.579999999999999716e+01,1.443000000000000114e+02
1.486999999999999886e+02,9.490000000000000568e+01,1.403000000000000114e+02
1.380999999999999943e+02,9.170000000000000284e+01,1.217000000000000028e+02
1.411999999999999886e+02,9.509999999999999432e+01,1.199000000000000057e+02
1.539000000000000057e+02,9.650000000000000000e+01,1.365000000000000000e+02
1.395000000000000000e+02,8.559999999999999432e+01,1.359000000000000057e+02
1.360000000000000000e+02,1.107999999999999972e+02,1.525000000000000000e+02
1.369000000000000057e+02,1.032999999999999972e+02,1.571999999999999886e+02
1.090000000000000000e+02,1.012999999999999972e+02,1.569000000000000057e+02
1.017000000000000028e+02,9.740000000000000568e+01,1.480000000000000000e+02
9.759999999999999432e+01,8.179999999999999716e+01,1.451999999999999886e+02
1.020000000000000000e+02,8.800000000000000000e+01,1.264000000000000057e+02
9.390000000000000568e+01,7.820000000000000284e+01,1.485000000000000000e+02
9.800000000000000000e+01,7.990000000000000568e+01,1.249000000000000057e+02
9.840000000000000568e+01,7.379999999999999716e+01,1.112000000000000028e+02
1.020999999999999943e+02,8.329999999999999716e+01,1.165999999999999943e+02
9.770000000000000284e+01,7.950000000000000000e+01,1.074000000000000057e+02
9.479999999999999716e+01,6.790000000000000568e+01,1.130999999999999943e+02
9.429999999999999716e+01,9.100000000000000000e+01,1.120999999999999943e+02
9.459999999999999432e+01,7.250000000000000000e+01,1.069000000000000057e+02
1.010999999999999943e+02,8.159999999999999432e+01,1.097000000000000028e+02
9.920000000000000284e+01,7.690000000000000568e+01,1.175000000000000000e+02
1.017000000000000028e+02,7.959999999999999432e+01,1.022000000000000028e+02
9.759999999999999432e+01,7.950000000000000000e+01,1.052000000000000028e+02
1.009000000000000057e+02,8.129999999999999716e+01,1.084000000000000057e+02
9.409999999999999432e+01,9.000000000000000000e+01,1.170000000000000000e+02
9.879999999999999716e+01,7.220000000000000284e+01,1.100000000000000000e+02
9.240000000000000568e+01,8.300000000000000000e+01,1.122000000000000028e+02
9.409999999999999432e+01,7.079999999999999716e+01,1.165000000000000000e+02
1.109000000000000057e+02,7.209999999999999432e+01,1.147999999999999972e+02
9.679999999999999716e+01,7.520000000000000284e+01,9.840000000000000568e+01
9.909999999999999432e+01,8.070000000000000284e+01,1.227000000000000028e+02
1.032999999999999972e+02,7.950000000000000000e+01,1.215999999999999943e+02
1.049000000000000057e+02,7.850000000000000000e+01,1.109000000000000057e+02
9.990000000000000568e+01,7.970000000000000284e+01,1.147000000000000028e+02
1.075999999999999943e+02,1.004000000000000057e+02,1.132999999999999972e+02
1.064000000000000057e+02,9.059999999999999432e+01,1.069000000000000057e+02
1.107000000000000028e+02,9.240000000000000568e+01,1.300999999999999943e+02
1.265000000000000000e+02,9.609999999999999432e+01,1.464000000000000057e+02
1.135000000000000000e+02,9.959999999999999432e+01,1.640999999999999943e+02
1.400000000000000000e+02,9.179999999999999716e+01,1.286999999999999886e+02
1.245000000000000000e+02,9.729999999999999716e+01,1.334000000000000057e+02
1.284000000000000057e+02,8.720000000000000284e+01,1.341999999999999886e+02
1.164000000000000057e+02,1.020999999999999943e+02,1.364000000000000057e+02
1.419000000000000057e+02,1.227000000000000028e+02,1.566999999999999886e+02
1.385999999999999943e+02,1.464000000000000057e+02,1.833000000000000114e+02
1.524000000000000057e+02,1.614000000000000057e+02,2.150999999999999943e+02
1.495999999999999943e+02,1.419000000000000057e+02,2.001999999999999886e+02
1.398000000000000114e+02,1.771999999999999886e+02,2.070999999999999943e+02
1.455999999999999943e+02,1.561999999999999886e+02,1.795000000000000000e+02
1.594000000000000057e+02,1.705000000000000000e+02,1.886999999999999886e+02
1.789000000000000057e+02,1.395000000000000000e+02,1.891999999999999886e+02
1.786999999999999886e+02,1.786999999999999886e+02,1.736999999999999886e+02
1.760000000000000000e+02,1.489000000000000057e+02,1.850000000000000000e+02
1.938000000000000114e+02,1.359000000000000057e+02,1.761999999999999886e+02
2.045999999999999943e+02,1.431999999999999886e+02,2.368000000000000114e+02
1.726999999999999886e+02,1.579000000000000057e+02,2.214000000000000057e+02
1.580000000000000000e+02,2.070999999999999943e+02,2.329000000000000057e+02
1.680999999999999943e+02,1.819000000000000057e+02,2.271999999999999886e+02
1.734000000000000057e+02,1.754000000000000057e+02,2.406999999999999886e+02
2.301999999999999886e+02,2.388000000000000114e+02,2.771000000000000227e+02
1.926999999999999886e+02,2.529000000000000057e+02,2.595000000000000000e+02
1.993000000000000114e+02,1.930999999999999943e+02,2.578999999999999773e+02
1.876999999999999886e+02,2.370999999999999943e+02,2.430000000000000000e+02
2.034000000000000057e+02,2.469000000000000057e+02,2.493000000000000114e+02
1.643000000000000114e+02,1.674000000000000057e+02,2.115999999999999943e+02
1.876999999999999886e+02,1.871999999999999886e+02,2.376999999999999886e+02
2.020000000000000000e+02,1.919000000000000057e+02,2.145999999999999943e+02
2.135000000000000000e+02,2.063000000000000114e+02,2.430000000000000000e+02
2.064000000000000057e+02,1.955999999999999943e+02,2.340000000000000000e+02
1.991999999999999886e+02,1.946999999999999886e+02,2.559000000000000057e+02
1.906999999999999886e+02,1.993000000000000114e+02,2.611999999999999886e+02
1.986999999999999886e+02,1.766999999999999886e+02,2.310000000000000000e+02
1.711999999999999886e+02,1.915999999999999943e+02,1.990000000000000000e+02
1.845000000000000000e+02,1.538000000000000114e+02,1.985999999999999943e+02
2.176999999999999886e+02,1.754000000000000057e+02,1.880999999999999943e+02
2.256999999999999886e+02,1.730000000000000000e+02,1.908000000000000114e+02
1.828000000000000114e+02,1.458000000000000114e+02,2.246999999999999886e+02
1.946999999999999886e+02,1.601999999999999886e+02,1.955000000000000000e+02
1.981999999999999886e+02,1.544000000000000057e+02,1.819000000000000057e+02
2.123000000000000114e+02,1.731999999999999886e+02,1.814000000000000057e+02
2.000000000000000000e+02,1.915000000000000000e+02,1.903000000000000114e+02
1.590000000000000000e+02,1.596999999999999886e+02,1.935000000000000000e+02
1.673000000000000114e+02,1.655000000000000000e+02,1.863000000000000114e+02
1.855999999999999943e+02,1.610999999999999943e+02,1.825999999999999943e+02
1.745999999999999943e+02,1.561999999999999886e+02,1.754000000000000057e+02
1.969000000000000057e+02,1.803000000000000114e+02,1.910999999999999943e+02
2.045000000000000000e+02,2.773000000000000114e+02,2.169000000000000057e+02
2.325000000000000000e+02,1.835999999999999943e+02,2.220000000000000000e+02
2.098000000000000114e+02,1.600000000000000000e+02,2.030000000000000000e+02
1.806999999999999886e+02,1.556999999999999886e+02,1.951999999999999886e+02
1.805999999999999943e+02,1.715999999999999943e+02,2.070000000000000000e+02
1.630999999999999943e+02,1.776999999999999886e+02,2.129000000000000057e+02
1.745999999999999943e+02,1.671999999999999886e+02,2.260999999999999943e+02
1.625000000000000000e+02,1.555000000000000000e+02,2.058000000000000114e+02
1.891999999999999886e+02,1.651999999999999886e+02,2.215000000000000000e+02
1.749000000000000057e+02,1.521999999999999886e+02,1.954000000000000057e+02
1.935000000000000000e+02,1.616999999999999886e+02,2.294000000000000057e+02
1.905999999999999943e+02,1.855999999999999943e+02,2.250999999999999943e+02
1.923000000000000114e+02,1.984000000000000057e+02,2.275999999999999943e+02
2.140000000000000000e+02,2.133000000000000114e+02,2.593000000000000114e+02
2.016999999999999886e+02,1.876999999999999886e+02,2.243000000000000114e+02
2.039000000000000057e+02,1.776999999999999886e+02,2.184000000000000057e+02
2.140000000000000000e+02,1.773000000000000114e+02,2.555000000000000000e+02
2.520999999999999943e+02,2.011999999999999886e+02,2.990000000000000000e+02
2.050999999999999943e+02,1.568000000000000114e+02,2.240999999999999943e+02
1.986999999999999886e+02,1.503000000000000114e+02,2.046999999999999886e+02
2.325000000000000000e+02,1.876999999999999886e+02,2.101999999999999886e+02
2.194000000000000057e+02,1.695000000000000000e+02,2.185000000000000000e+02
1.969000000000000057e+02,1.476999999999999886e+02,2.330999999999999943e+02
2.036999999999999886e+02,1.714000000000000057e+02,2.838999999999999773e+02
2.193000000000000114e+02,1.873000000000000114e+02,2.498000000000000114e+02
1.805000000000000000e+02,1.775999999999999943e+02,2.593000000000000114e+02
2.246999999999999886e+02,1.826999999999999886e+02,2.553000000000000114e+02
2.743000000000000114e+02,1.806999999999999886e+02,2.358000000000000114e+02
2.095999999999999943e+02,1.670000000000000000e+02,2.313000000000000114e+02
1.924000000000000057e+02,1.725000000000000000e+02,2.414000000000000057e+02
2.170000000000000000e+02,1.750000000000000000e+02,2.268000000000000114e+02
1.970000000000000000e+02,1.581999999999999886e+02,2.256999999999999886e+02
1.844000000000000057e+02,1.783000000000000114e+02,2.236999999999999886e+02
1.885000000000000000e+02,1.598000000000000114e+02,2.288000000000000114e+02
1.738000000000000114e+02,1.515999999999999943e+02,2.070000000000000000e+02
1.859000000000000057e+02,1.925999999999999943e+02,2.065000000000000000e+02
2.040999999999999943e+02,1.945000000000000000e+02,2.359000000000000057e+02
2.074000000000000057e+02,1.880000000000000000e+02,2.244000000000000057e+02
1.790000000000000000e+02,1.634000000000000057e+02,2.580000000000000000e+02
1.864000000000000057e+02,1.696999999999999886e+02,2.186999999999999886e+02
1.714000000000000057e+02,1.671999999999999886e+02,2.138000000000000114e+02
1.620999999999999943e+02,1.413000000000000114e+02,1.983000000000000114e+02
1.756999999999999886e+02,1.451999999999999886e+02,2.124000000000000057e+02
1.859000000000000057e+02,1.455999999999999943e+02,2.081999999999999886e+02
1.625000000000000000e+02,1.645000000000000000e+02,1.765999999999999943e+02
1.645000000000000000e+02,1.703000000000000114e+02,1.955000000000000000e+02
1.541999999999999886e+02,1.329000000000000057e+02,1.880000000000000000e+02
1.546999999999999886e+02,1.579000000000000057e+02,1.863000000000000114e+02
1.625000000000000000e+02,1.420000000000000000e+02,1.911999999999999886e+02
1.585999999999999943e+02,1.450999999999999943e+02,1.864000000000000057e+02
1.296999999999999886e+02,1.383000000000000114e+02,1.805000000000000000e+02
1.379000000000000057e+02,1.370999999999999943e+02,1.766999999999999886e+02
1.232999999999999972e+02,1.255999999999999943e+02,1.639000000000000057e+02
1.531999999999999886e+02,1.301999999999999886e+02,1.711999999999999886e+02
1.530999999999999943e+02,1.182000000000000028e+02,1.640000000000000000e+02
1.493000000000000114e+02,1.132000000000000028e+02,1.690999999999999943e+02
1.490000000000000000e+02,1.060999999999999943e+02,1.579000000000000057e+02
1.573000000000000114e+02,9.700000000000000000e+01,1.738000000000000114e+02
1.724000000000000057e+02,1.410999999999999943e+02,1.541999999999999886e+02
1.510999999999999943e+02,1.600999999999999943e+02,1.396999999999999886e+02
1.563000000000000114e+02,1.568000000000000114e+02,1.438000000000000114e+02
1.569000000000000057e+02,1.579000000000000057e+02,1.394000000000000057e+02
1.666999999999999886e+02,1.556999999999999886e+02,1.580999999999999943e+02
1.634000000000000057e+02,1.599000000000000057e+02,1.530000000000000000e+02
1.620000000000000000e+02,1.475999999999999943e+02,1.785000000000000000e+02
1.405000000000000000e+02,1.470000000000000000e+02,1.676999999999999886e+02
1.395999999999999943e+02,1.416999999999999886e+02,1.589000000000000057e+02
1.490000000000000000e+02,1.365000000000000000e+02,1.560000000000000000e+02
1.450000000000000000e+02,1.451999999999999886e+02,1.433000000000000114e+02
1.388000000000000114e+02,1.192000000000000028e+02,1.411999999999999886e+02
1.094000000000000057e+02,8.929999999999999716e+01,1.197000000000000028e+02
1.050000000000000000e+02,8.279999999999999716e+01,1.225000000000000000e+02
1.032999999999999972e+02,9.050000000000000000e+01,1.175000000000000000e+02
9.829999999999999716e+01,1.025999999999999943e+02,1.230000000000000000e+02
1.004000000000000057e+02,7.590000000000000568e+01,1.237999999999999972e+02
1.002000000000000028e+02,8.400000000000000000e+01,1.167999999999999972e+02
9.870000000000000284e+01,8.400000000000000000e+01,1.095000000000000000e+02
9.900000000000000000e+01,7.640000000000000568e+01,1.267000000000000028e+02
9.890000000000000568e+01,8.740000000000000568e+01,1.184000000000000057e+02
9.709999999999999432e+01,7.520000000000000284e+01,1.298000000000000114e+02
9.909999999999999432e+01,1.045000000000000000e+02,1.247999999999999972e+02
1.015999999999999943e+02,9.970000000000000284e+01,1.260000000000000000e+02
1.055999999999999943e+02,9.509999999999999432e+01,1.035999999999999943e+02
1.087000000000000028e+02,9.700000000000000000e+01,1.092000000000000028e+02
1.140999999999999943e+02,7.700000000000000000e+01,1.217000000000000028e+02
1.132000000000000028e+02,8.340000000000000568e+01,1.087000000000000028e+02
1.172999999999999972e+02,8.020000000000000284e+01,1.115999999999999943e+02
1.129000000000000057e+02,8.309999999999999432e+01,1.065999999999999943e+02
1.097999999999999972e+02,8.550000000000000000e+01,1.055000000000000000e+02
1.007999999999999972e+02,7.970000000000000284e+01,1.132999999999999972e+02
1.060999999999999943e+02,8.700000000000000000e+01,1.044000000000000057e+02
1.077999999999999972e+02,8.390000000000000568e+01,1.067000000000000028e+02
1.010000000000000000e+02,9.359999999999999432e+01,9.920000000000000284e+01
1.084000000000000057e+02,9.950000000000000000e+01,1.089000000000000057e+02
1.077000000000000028e+02,8.740000000000000568e+01,1.192999999999999972e+02
1.114000000000000057e+02,9.750000000000000000e+01,1.418000000000000114e+02
1.164000000000000057e+02,8.359999999999999432e+01,1.399000000000000057e+02
1.175000000000000000e+02,1.070999999999999943e+02,1.324000000000000057e+02
1.269000000000000057e+02,1.074000000000000057e+02,1.559000000000000057e+02
1.127999999999999972e+02,1.025000000000000000e+02,1.460999999999999943e+02
1.170999999999999943e+02,9.450000000000000000e+01,1.746999999999999886e+02
1.478000000000000114e+02,9.229999999999999716e+01,1.543000000000000114e+02
1.277000000000000028e+02,9.779999999999999716e+01,1.585999999999999943e+02
1.074000000000000057e+02,9.520000000000000284e+01,1.830999999999999943e+02
1.290999999999999943e+02,1.002000000000000028e+02,1.689000000000000057e+02
1.395000000000000000e+02,1.535000000000000000e+02,2.016999999999999886e+02
1.895000000000000000e+02,1.801999999999999886e+02,2.311999999999999886e+02
1.953000000000000114e+02,1.603000000000000114e+02,2.181999999999999886e+02
1.878000000000000114e+02,1.526999999999999886e+02,1.998000000000000114e+02
1.686999999999999886e+02,1.460000000000000000e+02,2.009000000000000057e+02
1.826999999999999886e+02,1.115999999999999943e+02,1.710000000000000000e+02
2.153000000000000114e+02,1.394000000000000057e+02,2.385000000000000000e+02
2.301999999999999886e+02,1.711999999999999886e+02,2.406999999999999886e+02
2.256999999999999886e+02,1.189000000000000057e+02,2.079000000000000057e+02
1.876999999999999886e+02,1.275000000000000000e+02,2.215999999999999943e+02
1.875999999999999943e+02,1.750000000000000000e+02,2.198000000000000114e+02
1.885999999999999943e+02,1.524000000000000057e+02,2.090000000000000000e+02
1.698000000000000114e+02,1.736999999999999886e+02,1.981999999999999886e+02
2.236999999999999886e+02,2.210000000000000000e+02,2.335000000000000000e+02
2.054000000000000057e+02,1.880000000000000000e+02,2.743000000000000114e+02
2.350999999999999943e+02,1.698000000000000114e+02,2.469000000000000057e+02
2.171999999999999886e+02,1.451999999999999886e+02,2.086999999999999886e+02
1.590999999999999943e+02,1.618000000000000114e+02,1.800000000000000000e+02
1.969000000000000057e+02,1.643000000000000114e+02,2.174000000000000057e+02
2.099000000000000057e+02,1.585999999999999943e+02,2.283000000000000114e+02
2.179000000000000057e+02,1.700000000000000000e+02,2.269000000000000057e+02
2.219000000000000057e+02,2.120999999999999943e+02,2.211999999999999886e+02
2.216999999999999886e+02,1.690000000000000000e+02,1.835000000000000000e+02
1.798000000000000114e+02,1.850000000000000000e+02,2.020999999999999943e+02
1.934000000000000057e+02,1.994000000000000057e+02,2.269000000000000057e+02
2.116999999999999886e+02,1.770000000000000000e+02,2.005000000000000000e+02
1.760999999999999943e+02,1.800999999999999943e+02,1.980000000000000000e+02
1.810000000000000000e+02,1.861999999999999886e+02,1.836999999999999886e+02
1.806999999999999886e+02,1.805999999999999943e+02,2.050000000000000000e+02
2.108000000000000114e+02,1.330000000000000000e+02,1.985999999999999943e+02
1.666999999999999886e+02,1.583000000000000114e+02,1.725999999999999943e+02
1.818000000000000114e+02,1.940000000000000000e+02,1.674000000000000057e+02
1.705000000000000000e+02,1.849000000000000057e+02,1.598000000000000114e+02
1.946999999999999886e+02,1.803000000000000114e+02,1.696999999999999886e+02
1.931999999999999886e+02,1.820999999999999943e+02,1.831999999999999886e+02
1.675000000000000000e+02,1.585999999999999943e+02,1.815999999999999943e+02
1.715999999999999943e+02,1.505000000000000000e+02,1.940999999999999943e+02
1.749000000000000057e+02,1.691999999999999886e+02,2.029000000000000057e+02
1.606999999999999886e+02,1.393000000000000114e+02,1.789000000000000057e+02
1.799000000000000057e+02,1.890999999999999943e+02,2.374000000000000057e+02
1.769000000000000057e+02,1.495999999999999943e+02,2.110000000000000000e+02
1.856999999999999886e+02,1.591999999999999886e+02,2.290000000000000000e+02
1.838000000000000114e+02,1.699000000000000057e+02,2.055999999999999943e+02
2.104000000000000057e+02,1.873000000000000114e+02,2.406999999999999886e+02
1.994000000000000057e+02,1.555000000000000000e+02,2.464000000000000057e+02
1.934000000000000057e+02,1.393000000000000114e+02,2.269000000000000057e+02
2.120999999999999943e+02,1.284000000000000057e+02,2.424000000000000057e+02
1.910999999999999943e+02,1.394000000000000057e+02,2.871999999999999886e+02
1.975999999999999943e+02,1.673000000000000114e+02,2.736000000000000227e+02
1.680999999999999943e+02,1.428000000000000114e+02,2.275999999999999943e+02
1.814000000000000057e+02,1.535000000000000000e+02,2.325999999999999943e+02
1.724000000000000057e+02,1.560000000000000000e+02,2.468000000000000114e+02
1.846999999999999886e+02,1.570999999999999943e+02,2.209000000000000057e+02
2.230999999999999943e+02,1.731999999999999886e+02,2.601999999999999886e+02
2.030999999999999943e+02,1.696999999999999886e+02,2.695000000000000000e+02
1.790999999999999943e+02,1.588000000000000114e+02,2.785000000000000000e+02
1.840000000000000000e+02,1.714000000000000057e+02,2.626999999999999886e+02
1.810999999999999943e+02,1.991999999999999886e+02,2.405000000000000000e+02
1.806999999999999886e+02,2.174000000000000057e+02,2.486999999999999886e+02
1.848000000000000114e+02,2.104000000000000057e+02,2.731999999999999886e+02
2.141999999999999886e+02,2.050000000000000000e+02,2.798000000000000114e+02
2.304000000000000057e+02,2.248000000000000114e+02,2.828000000000000114e+02
2.158000000000000114e+02,2.006999999999999886e+02,2.745000000000000000e+02
2.070999999999999943e+02,2.213000000000000114e+02,2.898999999999999773e+02
1.960999999999999943e+02,1.871999999999999886e+02,2.570000000000000000e+02
1.996999999999999886e+02,2.190999999999999943e+02,2.315999999999999943e+02
2.390999999999999943e+02,1.736999999999999886e+02,2.520999999999999943e+02
2.311999999999999886e+02,1.604000000000000057e+02,2.400999999999999943e+02
2.149000000000000057e+02,1.679000000000000057e+02,2.491999999999999886e+02
2.223000000000000114e+02,1.880999999999999943e+02,2.743999999999999773e+02
2.495000000000000000e+02,1.985000000000000000e+02,2.853999999999999773e+02
2.330999999999999943e+02,1.941999999999999886e+02,2.690000000000000000e+02
2.141999999999999886e+02,1.829000000000000057e+02,2.920000000000000000e+02
1.806999999999999886e+02,1.788000000000000114e+02,2.495000000000000000e+02
1.839000000000000057e+02,1.730000000000000000e+02,2.535999999999999943e+02
2.014000000000000057e+02,1.575999999999999943e+02,2.384000000000000057e+02
1.941999999999999886e+02,1.835000000000000000e+02,2.201999999999999886e+02
1.810999999999999943e+02,1.535999999999999943e+02,2.113000000000000114e+02
1.765000000000000000e+02,1.608000000000000114e+02,2.621000000000000227e+02
1.700000000000000000e+02,1.755000000000000000e+02,2.355999999999999943e+02
1.655999999999999943e+02,1.615000000000000000e+02,2.423000000000000114e+02
1.760999999999999943e+02,1.436999999999999886e+02,2.168000000000000114e+02
1.765000000000000000e+02,1.379000000000000057e+02,1.946999999999999886e+02
1.741999999999999886e+02,1.365000000000000000e+02,1.971999999999999886e+02
1.485000000000000000e+02,1.215999999999999943e+02,1.906999999999999886e+02
1.473000000000000114e+02,1.239000000000000057e+02,1.710999999999999943e+02
1.481999999999999886e+02,1.260000000000000000e+02,1.760000000000000000e+02
1.490000000000000000e+02,1.209000000000000057e+02,1.809000000000000057e+02
1.371999999999999886e+02,1.055999999999999943e+02,1.780999999999999943e+02
1.240000000000000000e+02,9.740000000000000568e+01,1.525999999999999943e+02
1.272999999999999972e+02,1.230999999999999943e+02,1.645999999999999943e+02
1.480999999999999943e+02,1.252999999999999972e+02,1.438000000000000114e+02
1.594000000000000057e+02,1.069000000000000057e+02,1.365000000000000000e+02
1.501999999999999886e+02,1.092999999999999972e+02,1.440999999999999943e+02
1.540000000000000000e+02,1.035000000000000000e+02,1.443000000000000114e+02
1.418000000000000114e+02,8.079999999999999716e+01,1.394000000000000057e+02
1.430000000000000000e+02,8.409999999999999432e+01,1.415999999999999943e+02
1.420999999999999943e+02,8.850000000000000000e+01,1.245999999999999943e+02
1.385000000000000000e+02,1.055000000000000000e+02,1.240999999999999943e+02
1.355999999999999943e+02,9.209999999999999432e+01,1.210999999999999943e+02
1.360999999999999943e+02,1.027999999999999972e+02,1.259000000000000057e+02
1.385999999999999943e+02,9.140000000000000568e+01,1.349000000000000057e+02
1.376999999999999886e+02,1.000999999999999943e+02,1.448000000000000114e+02
1.551999999999999886e+02,1.132000000000000028e+02,1.486999999999999886e+02
1.445999999999999943e+02,1.029000000000000057e+02,1.521999999999999886e+02
1.383000000000000114e+02,9.179999999999999716e+01,1.476999999999999886e+02
1.365999999999999943e+02,1.007000000000000028e+02,1.476999999999999886e+02
1.365000000000000000e+02,9.220000000000000284e+01,1.254000000000000057e+02
1.384000000000000057e+02,8.329999999999999716e+01,1.290999999999999943e+02
1.438000000000000114e+02,8.429999999999999716e+01,1.313000000000000114e+02
1.439000000000000057e+02,8.920000000000000284e+01,1.244000000000000057e+02
1.182999999999999972e+02,8.640000000000000568e+01,1.172000000000000028e+02
1.185000000000000000e+02,1.122000000000000028e+02,1.257999999999999972e+02
1.154000000000000057e+02,9.600000000000000000e+01,1.304000000000000057e+02
1.157999999999999972e+02,8.090000000000000568e+01,1.190000000000000000e+02
1.195000000000000000e+02,8.679999999999999716e+01,1.368000000000000114e+02
1.215000000000000000e+02,9.490000000000000568e+01,1.385000000000000000e+02
1.110000000000000000e+02,8.579999999999999716e+01,1.300999999999999943e+02
1.155999999999999943e+02,8.729999999999999716e+01,1.227000000000000028e+02
1.227999999999999972e+02,9.640000000000000568e+01,1.224000000000000057e+02
1.135999999999999943e+02,8.659999999999999432e+01,1.252999999999999972e+02
1.167999999999999972e+02,9.690000000000000568e+01,1.162999999999999972e+02
1.112000000000000028e+02,9.979999999999999716e+01,1.210999999999999943e+02
1.160000000000000000e+02,8.870000000000000284e+01,1.172000000000000028e+02
1.132999999999999972e+02,9.659999999999999432e+01,1.124000000000000057e+02
1.110999999999999943e+02,9.309999999999999432e+01,1.182000000000000028e+02
1.129000000000000057e+02,7.859999999999999432e+01,1.117999999999999972e+02
1.135999999999999943e+02,7.929999999999999716e+01,1.270999999999999943e+02
1.139000000000000057e+02,1.075000000000000000e+02,1.380999999999999943e+02
1.195000000000000000e+02,9.000000000000000000e+01,1.255999999999999943e+02
1.212999999999999972e+02,9.500000000000000000e+01,1.468000000000000114e+02
1.092999999999999972e+02,1.057999999999999972e+02,1.386999999999999886e+02
1.129000000000000057e+02,9.529999999999999716e+01,1.159000000000000057e+02
1.275000000000000000e+02,1.000000000000000000e+02,1.306999999999999886e+02
1.090000000000000000e+02,1.107000000000000028e+02,1.449000000000000057e+02
1.092000000000000028e+02,1.309000000000000057e+02,1.403000000000000114e+02
1.202999999999999972e+02,1.247999999999999972e+02,1.661999999999999886e+02
1.277999999999999972e+02,1.516999999999999886e+02,1.655999999999999943e+02
1.365999999999999943e+02,1.225999999999999943e+02,1.901999999999999886e+02
1.748000000000000114e+02,1.094000000000000057e+02,1.835999999999999943e+02
1.430999999999999943e+02,1.230999999999999943e+02,1.935000000000000000e+02
1.200000000000000000e+02,1.122000000000000028e+02,1.603000000000000114e+02
1.368000000000000114e+02,1.197000000000000028e+02,1.824000000000000057e+02
1.714000000000000057e+02,1.526999999999999886e+02,1.795999999999999943e+02
1.343000000000000114e+02,1.316999999999999886e+02,1.895000000000000000e+02
1.630999999999999943e+02,1.673000000000000114e+02,1.871999999999999886e+02
1.520000000000000000e+02,1.803000000000000114e+02,2.009000000000000057e+02
1.876999999999999886e+02,1.540999999999999943e+02,2.006999999999999886e+02
1.911999999999999886e+02,1.801999999999999886e+02,2.415000000000000000e+02
1.888000000000000114e+02,1.599000000000000057e+02,2.081999999999999886e+02
1.780999999999999943e+02,1.955999999999999943e+02,2.335000000000000000e+02
1.719000000000000057e+02,1.776999999999999886e+02,2.390999999999999943e+02
1.516999999999999886e+02,1.520000000000000000e+02,2.238000000000000114e+02
1.570000000000000000e+02,1.336999999999999886e+02,2.290999999999999943e+02
1.674000000000000057e+02,1.531999999999999886e+02,2.038000000000000114e+02
1.690999999999999943e+02,1.217000000000000028e+02,2.058000000000000114e+02
1.525000000000000000e+02,1.471999999999999886e+02,2.105000000000000000e+02
1.624000000000000057e+02,1.483000000000000114e+02,1.964000000000000057e+02
1.625000000000000000e+02,1.675999999999999943e+02,1.880000000000000000e+02
1.764000000000000057e+02,1.643000000000000114e+02,2.056999999999999886e+02
2.190000000000000000e+02,1.914000000000000057e+02,2.480999999999999943e+02
1.864000000000000057e+02,1.770999999999999943e+02,2.409000000000000057e+02
1.803000000000000114e+02,1.680999999999999943e+02,2.325999999999999943e+02
2.069000000000000057e+02,1.895999999999999943e+02,2.588999999999999773e+02
1.799000000000000057e+02,1.686999999999999886e+02,2.224000000000000057e+02
1.730999999999999943e+02,1.801999999999999886e+02,2.316999999999999886e+02
1.810999999999999943e+02,1.676999999999999886e+02,2.648999999999999773e+02
2.115000000000000000e+02,1.591999999999999886e+02,2.793000000000000114e+02
1.970000000000000000e+02,1.871999999999999886e+02,2.413000000000000114e+02
1.981999999999999886e+02,1.894000000000000057e+02,2.385999999999999943e+02
1.899000000000000057e+02,1.744000000000000057e+02,2.370000000000000000e+02
1.924000000000000057e+02,1.778000000000000114e+02,2.549000000000000057e+02
1.603000000000000114e+02,1.760000000000000000e+02,2.214000000000000057e+02
1.485999999999999943e+02,1.730000000000000000e+02,2.001999999999999886e+02
1.653000000000000114e+02,1.745999999999999943e+02,1.859000000000000057e+02
1.585000000000000000e+02,1.556999999999999886e+02,2.153000000000000114e+02
1.925000000000000000e+02,1.610999999999999943e+02,1.803000000000000114e+02
1.688000000000000114e+02,1.820999999999999943e+02,1.864000000000000057e+02
1.703000000000000114e+02,1.899000000000000057e+02,1.880000000000000000e+02
1.799000000000000057e+02,1.836999999999999886e+02,1.990000000000000000e+02
1.575000000000000000e+02,1.651999999999999886e+02,2.076999999999999886e+02
1.505999999999999943e+02,1.555000000000000000e+02,2.325999999999999943e+02
1.805999999999999943e+02,1.480999999999999943e+02,2.310999999999999943e+02
1.804000000000000057e+02,1.648000000000000114e+02,2.104000000000000057e+02
1.935999999999999943e+02,1.769000000000000057e+02,2.066999999999999886e+02
1.955999999999999943e+02,1.840000000000000000e+02,2.076999999999999886e+02
1.606999999999999886e+02,1.730999999999999943e+02,2.200999999999999943e+02
1.691999999999999886e+02,1.661999999999999886e+02,2.070000000000000000e+02
1.793000000000000114e+02,1.549000000000000057e+02,2.111999999999999886e+02
1.569000000000000057e+02,1.505000000000000000e+02,2.075000000000000000e+02
1.510000000000000000e+02,1.600999999999999943e+02,1.840999999999999943e+02
1.666999999999999886e+02,1.709000000000000057e+02,1.945999999999999943e+02
1.778000000000000114e+02,1.806999999999999886e+02,1.844000000000000057e+02
1.735999999999999943e+02,1.498000000000000114e+02,2.125999999999999943e+02
1.575000000000000000e+02,1.561999999999999886e+02,2.190000000000000000e+02
1.859000000000000057e+02,1.664000000000000057e+02,2.116999999999999886e+02
1.919000000000000057e+02,1.600999999999999943e+02,2.701000000000000227e+02
2.261999999999999886e+02,1.655999999999999943e+02,2.545999999999999943e+02
2.088000000000000114e+02,1.820000000000000000e+02,2.646999999999999886e+02
2.319000000000000057e+02,1.876999999999999886e+02,2.641999999999999886e+02
2.510000000000000000e+02,2.125000000000000000e+02,2.601999999999999886e+02
2.556999999999999886e+02,1.991999999999999886e+02,2.459000000000000057e+02
2.053000000000000114e+02,2.158000000000000114e+02,2.298000000000000114e+02
2.055000000000000000e+02,1.705999999999999943e+02,2.233000000000000114e+02
2.280999999999999943e+02,1.975000000000000000e+02,2.305999999999999943e+02
2.303000000000000114e+02,1.938000000000000114e+02,2.383000000000000114e+02
2.521999999999999886e+02,1.964000000000000057e+02,2.626000000000000227e+02
2.310000000000000000e+02,1.903000000000000114e+02,2.661000000000000227e+02
2.376999999999999886e+02,2.070000000000000000e+02,2.515000000000000000e+02
2.370000000000000000e+02,2.425999999999999943e+02,2.361999999999999886e+02
2.671999999999999886e+02,2.110000000000000000e+02,2.374000000000000057e+02
2.501999999999999886e+02,1.704000000000000057e+02,2.550999999999999943e+02
2.753000000000000114e+02,1.875000000000000000e+02,2.718000000000000114e+02
2.406999999999999886e+02,1.870000000000000000e+02,2.968000000000000114e+02
2.336999999999999886e+02,1.415999999999999943e+02,3.006000000000000227e+02
2.468000000000000114e+02,1.716999999999999886e+02,2.716000000000000227e+02
2.270999999999999943e+02,1.925000000000000000e+02,2.658999999999999773e+02
1.931999999999999886e+02,2.076999999999999886e+02,2.328000000000000114e+02
1.768000000000000114e+02,2.114000000000000057e+02,2.414000000000000057e+02
1.908000000000000114e+02,1.796999999999999886e+02,2.623999999999999773e+02
1.984000000000000057e+02,1.550999999999999943e+02,2.795000000000000000e+02
1.975999999999999943e+02,1.460999999999999943e+02,2.760000000000000000e+02
2.015999999999999943e+02,1.491999999999999886e+02,2.260000000000000000e+02
1.968000000000000114e+02,1.574000000000000057e+02,1.911999999999999886e+02
1.905999999999999943e+02,1.466999999999999886e+02,1.890999999999999943e+02
1.800000000000000000e+02,2.110999999999999943e+02,1.965000000000000000e+02
1.815999999999999943e+02,1.639000000000000057e+02,2.029000000000000057e+02
1.710999999999999943e+02,1.426999999999999886e+02,1.890999999999999943e+02
1.740000000000000000e+02,1.326999999999999886e+02,1.835999999999999943e+02
1.579000000000000057e+02,1.320999999999999943e+02,1.815999999999999943e+02
1.410999999999999943e+02,1.057999999999999972e+02,1.655000000000000000e+02
1.395000000000000000e+02,1.055999999999999943e+02,1.708000000000000114e+02
1.459000000000000057e+02,1.232000000000000028e+02,1.805999999999999943e+02
1.359000000000000057e+02,1.084000000000000057e+02,1.595000000000000000e+02
1.370000000000000000e+02,1.170000000000000000e+02,1.649000000000000057e+02
1.418000000000000114e+02,1.180999999999999943e+02,1.740000000000000000e+02
1.515999999999999943e+02,1.170000000000000000e+02,1.574000000000000057e+02
1.305000000000000000e+02,1.214000000000000057e+02,1.530000000000000000e+02
1.184000000000000057e+02,1.022000000000000028e+02,1.543000000000000114e+02
1.160000000000000000e+02,9.729999999999999716e+01,1.360000000000000000e+02
1.102000000000000028e+02,9.740000000000000568e+01,1.293000000000000114e+02
1.100999999999999943e+02,9.029999999999999716e+01,1.368000000000000114e+02
1.162000000000000028e+02,1.025999999999999943e+02,1.319000000000000057e+02
1.065000000000000000e+02,1.102000000000000028e+02,1.200000000000000000e+02
1.007000000000000028e+02,1.005000000000000000e+02,1.290999999999999943e+02
1.065000000000000000e+02,1.092999999999999972e+02,1.380999999999999943e+02
1.115000000000000000e+02,1.132000000000000028e+02,1.494000000000000057e+02
1.052999999999999972e+02,1.087999999999999972e+02,1.474000000000000057e+02
1.124000000000000057e+02,1.192000000000000028e+02,1.410999999999999943e+02
1.105999999999999943e+02,1.035000000000000000e+02,1.403000000000000114e+02
1.070999999999999943e+02,9.720000000000000284e+01,1.360000000000000000e+02
1.047000000000000028e+02,8.620000000000000284e+01,1.436999999999999886e+02
1.102999999999999972e+02,7.729999999999999716e+01,1.480000000000000000e+02
1.055000000000000000e+02,8.350000000000000000e+01,1.639000000000000057e+02
1.045999999999999943e+02,8.120000000000000284e+01,1.555000000000000000e+02
1.039000000000000057e+02,9.279999999999999716e+01,1.341999999999999886e+02
1.017999999999999972e+02,9.190000000000000568e+01,1.160000000000000000e+02
1.025000000000000000e+02,7.679999999999999716e+01,1.192999999999999972e+02
1.045999999999999943e+02,8.140000000000000568e+01,1.165000000000000000e+02
9.820000000000000284e+01,7.529999999999999716e+01,1.122999999999999972e+02
1.040000000000000000e+02,7.229999999999999716e+01,1.187000000000000028e+02
1.052000000000000028e+02,8.279999999999999716e+01,1.299000000000000057e+02
1.055999999999999943e+02,7.250000000000000000e+01,1.232999999999999972e+02
1.049000000000000057e+02,8.140000000000000568e+01,1.155000000000000000e+02
1.050000000000000000e+02,8.379999999999999716e+01,1.142000000000000028e+02
1.010000000000000000e+02,1.017999999999999972e+02,1.281999999999999886e+02
1.115999999999999943e+02,9.350000000000000000e+01,1.536999999999999886e+02
1.122999999999999972e+02,7.790000000000000568e+01,1.219000000000000057e+02
1.180999999999999943e+02,8.779999999999999716e+01,1.205000000000000000e+02
1.057000000000000028e+02,8.240000000000000568e+01,1.374000000000000057e+02
1.067000000000000028e+02,8.050000000000000000e+01,1.167999999999999972e+02
1.119000000000000057e+02,9.500000000000000000e+01,1.235999999999999943e+02
1.259000000000000057e+02,8.779999999999999716e+01,1.257000000000000028e+02
1.320999999999999943e+02,1.112000000000000028e+02,1.285000000000000000e+02
1.189000000000000057e+02,1.495000000000000000e+02,1.162999999999999972e+02
1.085999999999999943e+02,1.005000000000000000e+02,1.341999999999999886e+02
1.242999999999999972e+02,1.019000000000000057e+02,1.500000000000000000e+02
1.145000000000000000e+02,1.042999999999999972e+02,1.663000000000000114e+02
1.172000000000000028e+02,1.380999999999999943e+02,1.560000000000000000e+02
1.274000000000000057e+02,1.383000000000000114e+02,1.813000000000000114e+02
1.336999999999999886e+02,1.693000000000000114e+02,1.751999999999999886e+02
1.311999999999999886e+02,1.300000000000000000e+02,1.585999999999999943e+02
1.439000000000000057e+02,1.235999999999999943e+02,1.620000000000000000e+02
1.252999999999999972e+02,1.269000000000000057e+02,1.654000000000000057e+02
1.125000000000000000e+02,1.464000000000000057e+02,1.614000000000000057e+02
1.365999999999999943e+02,1.127999999999999972e+02,1.970000000000000000e+02
1.445000000000000000e+02,1.175000000000000000e+02,2.216999999999999886e+02
1.500999999999999943e+02,1.110000000000000000e+02,2.068000000000000114e+02
1.177999999999999972e+02,1.286999999999999886e+02,2.065999999999999943e+02
1.345999999999999943e+02,1.069000000000000057e+02,2.103000000000000114e+02
1.413000000000000114e+02,1.140999999999999943e+02,2.025999999999999943e+02
1.385999999999999943e+02,1.375000000000000000e+02,2.203000000000000114e+02
1.386999999999999886e+02,1.354000000000000057e+02,1.654000000000000057e+02
1.373000000000000114e+02,1.573000000000000114e+02,1.688000000000000114e+02
1.500000000000000000e+02,1.205999999999999943e+02,1.783000000000000114e+02
1.394000000000000057e+02,1.235999999999999943e+02,1.861999999999999886e+02
1.380000000000000000e+02,1.336999999999999886e+02,1.986999999999999886e+02
1.709000000000000057e+02,1.978000000000000114e+02,2.281999999999999886e+02
1.713000000000000114e+02,2.029000000000000057e+02,2.590000000000000000e+02
1.539000000000000057e+02,1.860000000000000000e+02,2.024000000000000057e+02
1.560999999999999943e+02,1.679000000000000057e+02,1.976999999999999886e+02
1.751999999999999886e+02,1.431999999999999886e+02,1.768000000000000114e+02
1.498000000000000114e+02,1.594000000000000057e+02,1.825999999999999943e+02
1.451999999999999886e+02,1.640999999999999943e+02,1.751999999999999886e+02
1.595000000000000000e+02,1.405000000000000000e+02,1.635999999999999943e+02
1.610000000000000000e+02,1.681999999999999886e+02,1.825999999999999943e+02
1.573000000000000114e+02,1.388000000000000114e+02,2.045999999999999943e+02
1.646999999999999886e+02,1.645999999999999943e+02,1.875000000000000000e+02
1.549000000000000057e+02,1.750999999999999943e+02,1.765999999999999943e+02
1.553000000000000114e+02,1.513000000000000114e+02,2.074000000000000057e+02
1.458000000000000114e+02,1.505999999999999943e+02,2.190000000000000000e+02
1.484000000000000057e+02,1.546999999999999886e+02,2.360999999999999943e+02
1.585999999999999943e+02,1.274000000000000057e+02,2.143000000000000114e+02
1.570000000000000000e+02,1.443000000000000114e+02,2.088000000000000114e+02
1.605000000000000000e+02,1.325999999999999943e+02,1.714000000000000057e+02
1.818000000000000114e+02,1.684000000000000057e+02,2.030999999999999943e+02
1.925000000000000000e+02,1.623000000000000114e+02,2.090000000000000000e+02
1.669000000000000057e+02,1.930999999999999943e+02,1.780000000000000000e+02
1.580999999999999943e+02,1.541999999999999886e+02,2.331999999999999886e+02
1.510000000000000000e+02,1.465000000000000000e+02,1.925000000000000000e+02
1.616999999999999886e+02,1.494000000000000057e+02,1.495000000000000000e+02
1.483000000000000114e+02,1.418000000000000114e+02,1.835999999999999943e+02
1.425999999999999943e+02,1.636999999999999886e+02,1.919000000000000057e+02
1.529000000000000057e+02,1.656999999999999886e+02,1.793000000000000114e+02
1.678000000000000114e+02,1.501999999999999886e+02,1.660999999999999943e+02
1.923000000000000114e+02,1.620999999999999943e+02,1.755999999999999943e+02
1.838000000000000114e+02,1.559000000000000057e+02,2.043000000000000114e+02
1.711999999999999886e+02,1.410999999999999943e+02,2.003000000000000114e+02
1.683000000000000114e+02,1.445999999999999943e+02,2.324000000000000057e+02
2.285999999999999943e+02,1.569000000000000057e+02,2.506999999999999886e+02
1.955000000000000000e+02,1.479000000000000057e+02,2.119000000000000057e+02
1.970999999999999943e+02,1.350000000000000000e+02,2.286999999999999886e+02
2.090000000000000000e+02,1.465999999999999943e+02,2.384000000000000057e+02
2.514000000000000057e+02,1.565000000000000000e+02,2.043000000000000114e+02
1.940999999999999943e+02,1.708000000000000114e+02,1.925000000000000000e+02
1.966999999999999886e+02,1.730999999999999943e+02,2.136999999999999886e+02
1.849000000000000057e+02,1.715000000000000000e+02,2.260999999999999943e+02
1.975000000000000000e+02,1.575999999999999943e+02,2.050000000000000000e+02
2.089000000000000057e+02,1.570000000000000000e+02,2.211999999999999886e+02
2.265000000000000000e+02,1.675999999999999943e+02,2.481999999999999886e+02
2.280000000000000000e+02,1.671999999999999886e+02,2.576999999999999886e+02
1.973000000000000114e+02,1.731999999999999886e+02,2.373000000000000114e+02
2.421999999999999886e+02,1.774000000000000057e+02,2.285000000000000000e+02
2.388000000000000114e+02,1.810000000000000000e+02,2.164000000000000057e+02
1.990999999999999943e+02,1.955999999999999943e+02,2.808999999999999773e+02
1.959000000000000057e+02,1.855999999999999943e+02,2.995000000000000000e+02
2.221999999999999886e+02,1.626999999999999886e+02,2.968000000000000114e+02
2.250999999999999943e+02,1.829000000000000057e+02,3.033999999999999773e+02
2.578000000000000114e+02,1.620000000000000000e+02,3.011999999999999886e+02
2.733000000000000114e+02,2.001999999999999886e+02,2.768999999999999773e+02
2.833000000000000114e+02,2.648999999999999773e+02,2.828000000000000114e+02
2.640000000000000000e+02,2.338000000000000114e+02,2.658000000000000114e+02
2.445999999999999943e+02,1.985000000000000000e+02,2.810000000000000000e+02
2.691000000000000227e+02,2.118000000000000114e+02,2.816999999999999886e+02
2.350999999999999943e+02,1.661999999999999886e+02,2.925000000000000000e+02
2.241999999999999886e+02,1.836999999999999886e+02,2.514000000000000057e+02
2.076999999999999886e+02,1.785000000000000000e+02,2.971000000000000227e+02
1.845000000000000000e+02,1.599000000000000057e+02,2.820000000000000000e+02
1.970000000000000000e+02,1.743000000000000114e+02,2.515000000000000000e+02
2.228000000000000114e+02,1.499000000000000057e+02,2.616000000000000227e+02
2.100000000000000000e+02,1.510000000000000000e+02,2.768999999999999773e+02
1.988000000000000114e+02,1.568000000000000114e+02,2.596999999999999886e+02
1.945999999999999943e+02,1.655999999999999943e+02,2.650000000000000000e+02
2.066999999999999886e+02,1.546999999999999886e+02,2.673000000000000114e+02
2.144000000000000057e+02,1.454000000000000057e+02,2.370000000000000000e+02
1.850999999999999943e+02,1.391999999999999886e+02,2.565000000000000000e+02
1.870000000000000000e+02,1.668000000000000114e+02,2.470000000000000000e+02
1.921999999999999886e+02,1.766999999999999886e+02,2.635000000000000000e+02
1.815999999999999943e+02,1.195000000000000000e+02,2.503000000000000114e+02
1.928000000000000114e+02,1.596999999999999886e+02,2.229000000000000057e+02
2.110000000000000000e+02,1.441999999999999886e+02,2.056999999999999886e+02
1.773000000000000114e+02,1.613000000000000114e+02,1.924000000000000057e+02
1.893000000000000114e+02,1.805999999999999943e+02,1.870999999999999943e+02
1.845000000000000000e+02,1.668000000000000114e+02,1.935000000000000000e+02
1.814000000000000057e+02,1.255000000000000000e+02,1.925999999999999943e+02
1.685000000000000000e+02,1.237999999999999972e+02,1.773000000000000114e+02
1.660000000000000000e+02,1.215999999999999943e+02,2.026999999999999886e+02
1.785000000000000000e+02,1.405999999999999943e+02,1.890999999999999943e+02
1.591999999999999886e+02,1.165000000000000000e+02,1.639000000000000057e+02
1.693000000000000114e+02,1.197999999999999972e+02,1.493000000000000114e+02
1.714000000000000057e+02,1.150000000000000000e+02,1.435000000000000000e+02
1.525999999999999943e+02,1.014000000000000057e+02,1.471999999999999886e+02
1.746999999999999886e+02,1.020999999999999943e+02,1.474000000000000057e+02
1.763000000000000114e+02,9.359999999999999432e+01,1.543000000000000114e+02
1.900000000000000000e+02,9.429999999999999716e+01,1.469000000000000057e+02
1.878000000000000114e+02,1.017000000000000028e+02,1.396999999999999886e+02
1.803000000000000114e+02,1.059000000000000057e+02,1.270000000000000000e+02
1.751999999999999886e+02,1.099000000000000057e+02,1.202000000000000028e+02
1.708000000000000114e+02,1.005999999999999943e+02,1.345000000000000000e+02
1.725000000000000000e+02,1.057999999999999972e+02,1.616999999999999886e+02
1.741999999999999886e+02,1.194000000000000057e+02,1.479000000000000057e+02
1.831999999999999886e+02,1.150999999999999943e+02,1.380000000000000000e+02
1.815999999999999943e+02,1.199000000000000057e+02,1.441999999999999886e+02
1.788000000000000114e+02,1.020999999999999943e+02,1.395999999999999943e+02
1.830999999999999943e+02,9.650000000000000000e+01,1.490000000000000000e+02
1.791999999999999886e+02,1.065000000000000000e+02,1.550999999999999943e+02
1.819000000000000057e+02,9.600000000000000000e+01,1.594000000000000057e+02
1.748000000000000114e+02,9.690000000000000568e+01,1.479000000000000057e+02
1.669000000000000057e+02,8.679999999999999716e+01,1.690000000000000000e+02
1.670000000000000000e+02,8.220000000000000284e+01,1.368000000000000114e+02
1.691999999999999886e+02,8.990000000000000568e+01,1.215000000000000000e+02
1.751999999999999886e+02,8.059999999999999432e+01,1.320000000000000000e+02
1.533000000000000114e+02,9.250000000000000000e+01,1.373000000000000114e+02
1.534000000000000057e+02,8.959999999999999432e+01,1.229000000000000057e+02
1.486999999999999886e+02,7.790000000000000568e+01,1.205000000000000000e+02
1.505000000000000000e+02,8.900000000000000000e+01,1.429000000000000057e+02
1.401999999999999886e+02,9.159999999999999432e+01,1.353000000000000114e+02
1.368000000000000114e+02,8.890000000000000568e+01,1.260999999999999943e+02
1.370999999999999943e+02,8.990000000000000568e+01,1.415999999999999943e+02
1.369000000000000057e+02,9.050000000000000000e+01,1.333000000000000114e+02
1.360000000000000000e+02,9.120000000000000284e+01,1.346999999999999886e+02
1.165000000000000000e+02,8.050000000000000000e+01,1.371999999999999886e+02
1.019000000000000057e+02,8.959999999999999432e+01,1.385000000000000000e+02
1.057999999999999972e+02,1.110000000000000000e+02,1.235000000000000000e+02
1.105000000000000000e+02,7.640000000000000568e+01,1.345999999999999943e+02
1.242999999999999972e+02,1.019000000000000057e+02,1.306999999999999886e+02
1.167000000000000028e+02,1.000000000000000000e+02,1.212999999999999972e+02
1.130999999999999943e+02,9.040000000000000568e+01,1.269000000000000057e+02
1.277000000000000028e+02,1.017999999999999972e+02,1.464000000000000057e+02
1.110999999999999943e+02,1.100999999999999943e+02,1.375000000000000000e+02
1.391999999999999886e+02,8.809999999999999432e+01,1.147000000000000028e+02
1.378000000000000114e+02,1.298000000000000114e+02,1.408000000000000114e+02
1.249000000000000057e+02,1.225999999999999943e+02,1.640000000000000000e+02
1.393000000000000114e+02,1.490000000000000000e+02,1.493000000000000114e+02
1.376999999999999886e+02,1.385999999999999943e+02,1.300000000000000000e+02
1.610999999999999943e+02,1.214000000000000057e+02,1.579000000000000057e+02
1.524000000000000057e+02,1.109000000000000057e+02,1.575000000000000000e+02
1.305000000000000000e+02,1.476999999999999886e+02,1.950000000000000000e+02
1.410000000000000000e+02,1.315999999999999943e+02,1.784000000000000057e+02
1.466999999999999886e+02,1.360000000000000000e+02,1.965000000000000000e+02
1.299000000000000057e+02,1.300999999999999943e+02,1.976999999999999886e+02
1.348000000000000114e+02,1.222999999999999972e+02,1.881999999999999886e+02
1.418000000000000114e+02,1.549000000000000057e+02,1.978000000000000114e+02
1.445000000000000000e+02,1.474000000000000057e+02,1.956999999999999886e+02
1.533000000000000114e+02,1.319000000000000057e+02,2.081999999999999886e+02
1.655000000000000000e+02,1.424000000000000057e+02,2.246999999999999886e+02
1.549000000000000057e+02,1.555999999999999943e+02,1.835999999999999943e+02
1.257000000000000028e+02,1.464000000000000057e+02,1.829000000000000057e+02
1.300999999999999943e+02,1.818000000000000114e+02,1.723000000000000114e+02
1.603000000000000114e+02,2.024000000000000057e+02,2.205999999999999943e+02
1.675000000000000000e+02,1.593000000000000114e+02,2.646999999999999886e+02
1.413000000000000114e+02,1.350999999999999943e+02,2.070999999999999943e+02
1.553000000000000114e+02,1.343000000000000114e+02,2.070999999999999943e+02
1.579000000000000057e+02,1.450000000000000000e+02,2.028000000000000114e+02
1.770000000000000000e+02,1.296999999999999886e+02,2.048000000000000114e+02
1.618000000000000114e+02,1.455000000000000000e+02,1.914000000000000057e+02
1.569000000000000057e+02,1.836999999999999886e+02,2.095999999999999943e+02
1.995000000000000000e+02,1.875999999999999943e+02,2.375000000000000000e+02
1.653000000000000114e+02,1.553000000000000114e+02,2.388000000000000114e+02
1.694000000000000057e+02,1.360999999999999943e+02,2.079000000000000057e+02
1.421999999999999886e+02,1.308000000000000114e+02,2.198000000000000114e+02
2.030000000000000000e+02,1.300000000000000000e+02,1.998000000000000114e+02
2.099000000000000057e+02,1.599000000000000057e+02,1.906999999999999886e+02
1.925999999999999943e+02,2.019000000000000057e+02,2.591000000000000227e+02
1.955000000000000000e+02,2.180999999999999943e+02,2.341999999999999886e+02
1.883000000000000114e+02,1.705999999999999943e+02,2.595000000000000000e+02
1.795000000000000000e+02,1.391999999999999886e+02,2.504000000000000057e+02
1.826999999999999886e+02,1.543000000000000114e+02,2.035999999999999943e+02
1.725999999999999943e+02,1.620999999999999943e+02,2.009000000000000057e+02
1.794000000000000057e+02,1.589000000000000057e+02,2.033000000000000114e+02
1.775000000000000000e+02,1.481999999999999886e+02,2.211999999999999886e+02
2.055000000000000000e+02,1.601999999999999886e+02,2.413000000000000114e+02
2.031999999999999886e+02,1.799000000000000057e+02,2.665000000000000000e+02
2.015999999999999943e+02,1.585999999999999943e+02,2.643999999999999773e+02
1.739000000000000057e+02,1.788000000000000114e+02,2.598999999999999773e+02
1.914000000000000057e+02,1.821999999999999886e+02,2.623000000000000114e+02
1.859000000000000057e+02,1.719000000000000057e+02,2.786000000000000227e+02
1.881999999999999886e+02,1.800000000000000000e+02,2.485999999999999943e+02
1.948000000000000114e+02,1.540000000000000000e+02,2.215000000000000000e+02
1.570999999999999943e+02,1.505999999999999943e+02,2.159000000000000057e+02
1.628000000000000114e+02,1.539000000000000057e+02,2.134000000000000057e+02
1.884000000000000057e+02,1.390000000000000000e+02,2.366999999999999886e+02
1.714000000000000057e+02,1.390999999999999943e+02,2.101999999999999886e+02
1.634000000000000057e+02,1.385999999999999943e+02,2.145999999999999943e+02
1.744000000000000057e+02,1.249000000000000057e+02,2.006999999999999886e+02
2.028000000000000114e+02,1.189000000000000057e+02,2.136999999999999886e+02
2.121999999999999886e+02,1.490000000000000000e+02,2.593000000000000114e+02
1.969000000000000057e+02,1.511999999999999886e+02,2.490000000000000000e+02
2.110000000000000000e+02,1.416999999999999886e+02,2.273000000000000114e+02
2.336999999999999886e+02,1.765000000000000000e+02,2.545000000000000000e+02
1.928000000000000114e+02,1.409000000000000057e+02,2.798000000000000114e+02
1.829000000000000057e+02,1.346999999999999886e+02,2.571999999999999886e+02
1.996999999999999886e+02,1.370999999999999943e+02,2.325999999999999943e+02
2.020999999999999943e+02,1.356999999999999886e+02,2.450999999999999943e+02
2.169000000000000057e+02,1.443000000000000114e+02,2.588000000000000114e+02
2.165000000000000000e+02,1.578000000000000114e+02,2.661000000000000227e+02
2.138000000000000114e+02,1.460000000000000000e+02,2.746000000000000227e+02
2.573999999999999773e+02,1.689000000000000057e+02,2.711000000000000227e+02
2.576000000000000227e+02,1.763000000000000114e+02,2.843000000000000114e+02
2.596999999999999886e+02,1.586999999999999886e+02,2.178000000000000114e+02
2.113000000000000114e+02,1.800000000000000000e+02,2.475000000000000000e+02
1.930999999999999943e+02,2.078000000000000114e+02,2.501999999999999886e+02
2.264000000000000057e+02,2.240000000000000000e+02,2.673000000000000114e+02
2.478000000000000114e+02,2.050000000000000000e+02,2.476999999999999886e+02
2.273000000000000114e+02,2.034000000000000057e+02,2.700000000000000000e+02
2.180000000000000000e+02,2.571000000000000227e+02,2.696999999999999886e+02
2.201999999999999886e+02,2.335000000000000000e+02,3.006999999999999886e+02
2.163000000000000114e+02,2.175999999999999943e+02,2.826000000000000227e+02
2.193000000000000114e+02,2.198000000000000114e+02,2.858999999999999773e+02
1.850000000000000000e+02,1.950999999999999943e+02,2.878999999999999773e+02
2.109000000000000057e+02,1.910000000000000000e+02,2.788000000000000114e+02
2.095999999999999943e+02,1.499000000000000057e+02,2.606000000000000227e+02
2.463000000000000114e+02,1.610999999999999943e+02,2.530000000000000000e+02
2.475999999999999943e+02,1.793000000000000114e+02,2.653000000000000114e+02
2.206999999999999886e+02,1.764000000000000057e+02,2.813000000000000114e+02
2.340000000000000000e+02,2.124000000000000057e+02,2.818999999999999773e+02
2.225999999999999943e+02,2.041999999999999886e+02,2.608000000000000114e+02
2.080999999999999943e+02,1.801999999999999886e+02,2.549000000000000057e+02
1.948000000000000114e+02,1.935000000000000000e+02,2.756000000000000227e+02
1.860999999999999943e+02,1.801999999999999886e+02,2.535000000000000000e+02
1.876999999999999886e+02,1.870000000000000000e+02,2.283000000000000114e+02
1.723000000000000114e+02,1.695000000000000000e+02,2.371999999999999886e+02
1.678000000000000114e+02,1.775000000000000000e+02,2.331999999999999886e+02
1.645000000000000000e+02,1.604000000000000057e+02,2.050999999999999943e+02
1.628000000000000114e+02,1.348000000000000114e+02,2.180999999999999943e+02
1.810000000000000000e+02,1.483000000000000114e+02,2.338000000000000114e+02
1.915000000000000000e+02,1.368000000000000114e+02,1.896999999999999886e+02
1.593000000000000114e+02,1.309000000000000057e+02,1.780999999999999943e+02
1.476999999999999886e+02,1.264000000000000057e+02,1.669000000000000057e+02
1.550000000000000000e+02,1.207999999999999972e+02,1.783000000000000114e+02
1.486999999999999886e+02,1.285999999999999943e+02,1.885999999999999943e+02
1.420000000000000000e+02,1.069000000000000057e+02,1.570999999999999943e+02
1.277000000000000028e+02,1.162000000000000028e+02,1.603000000000000114e+02
1.440999999999999943e+02,1.155999999999999943e+02,1.356999999999999886e+02
1.493000000000000114e+02,1.147999999999999972e+02,1.439000000000000057e+02
1.453000000000000114e+02,1.155999999999999943e+02,1.539000000000000057e+02
1.650000000000000000e+02,9.979999999999999716e+01,1.520000000000000000e+02
1.685999999999999943e+02,1.020000000000000000e+02,1.325000000000000000e+02
1.701999999999999886e+02,9.470000000000000284e+01,1.385000000000000000e+02
1.846999999999999886e+02,9.779999999999999716e+01,1.420000000000000000e+02
1.838000000000000114e+02,1.120000000000000000e+02,1.501999999999999886e+02
1.793000000000000114e+02,9.900000000000000000e+01,1.364000000000000057e+02
1.795999999999999943e+02,1.154000000000000057e+02,1.290999999999999943e+02
1.675999999999999943e+02,9.979999999999999716e+01,1.535999999999999943e+02
1.720000000000000000e+02,1.207999999999999972e+02,1.680000000000000000e+02
1.723000000000000114e+02,1.152000000000000028e+02,1.426999999999999886e+02
1.613000000000000114e+02,1.102999999999999972e+02,1.394000000000000057e+02
1.575000000000000000e+02,1.100999999999999943e+02,1.334000000000000057e+02
1.608000000000000114e+02,9.570000000000000284e+01,1.458000000000000114e+02
1.670000000000000000e+02,1.032000000000000028e+02,1.470000000000000000e+02
1.653000000000000114e+02,9.579999999999999716e+01,1.438000000000000114e+02
1.693000000000000114e+02,9.390000000000000568e+01,1.373000000000000114e+02
1.655999999999999943e+02,8.640000000000000568e+01,1.485000000000000000e+02
1.654000000000000057e+02,7.790000000000000568e+01,1.483000000000000114e+02
1.595999999999999943e+02,9.429999999999999716e+01,1.406999999999999886e+02
1.601999999999999886e+02,7.440000000000000568e+01,1.182999999999999972e+02
1.558000000000000114e+02,8.559999999999999432e+01,1.184000000000000057e+02
1.556999999999999886e+02,7.470000000000000284e+01,1.152999999999999972e+02
1.586999999999999886e+02,8.150000000000000000e+01,1.089000000000000057e+02
1.645999999999999943e+02,8.520000000000000284e+01,1.120999999999999943e+02
1.693000000000000114e+02,7.759999999999999432e+01,1.220000000000000000e+02
1.706999999999999886e+02,8.620000000000000284e+01,1.180000000000000000e+02
1.681999999999999886e+02,8.159999999999999432e+01,1.089000000000000057e+02
1.556999999999999886e+02,9.370000000000000284e+01,1.209000000000000057e+02
1.350999999999999943e+02,8.329999999999999716e+01,1.267999999999999972e+02
1.375000000000000000e+02,9.200000000000000000e+01,1.275999999999999943e+02
1.244000000000000057e+02,8.959999999999999432e+01,1.255999999999999943e+02
1.262000000000000028e+02,7.820000000000000284e+01,1.410999999999999943e+02
1.284000000000000057e+02,9.359999999999999432e+01,1.070000000000000000e+02
1.310999999999999943e+02,8.200000000000000000e+01,1.335999999999999943e+02
1.296999999999999886e+02,1.052000000000000028e+02,1.388000000000000114e+02
1.107000000000000028e+02,1.050000000000000000e+02,1.232000000000000028e+02
1.057999999999999972e+02,1.009000000000000057e+02,1.501999999999999886e+02
1.082000000000000028e+02,1.077000000000000028e+02,1.565000000000000000e+02
1.147999999999999972e+02,9.540000000000000568e+01,1.105999999999999943e+02
1.227999999999999972e+02,1.185000000000000000e+02,1.245000000000000000e+02
1.184000000000000057e+02,1.120000000000000000e+02,1.509000000000000057e+02
1.306999999999999886e+02,1.625999999999999943e+02,1.441999999999999886e+02
1.430000000000000000e+02,1.264000000000000057e+02,1.523000000000000114e+02
1.484000000000000057e+02,1.281999999999999886e+02,1.530999999999999943e+02
1.826999999999999886e+02,1.359000000000000057e+02,1.710000000000000000e+02
1.259000000000000057e+02,1.105000000000000000e+02,1.459000000000000057e+02
1.195000000000000000e+02,1.110000000000000000e+02,1.510000000000000000e+02
1.326999999999999886e+02,1.344000000000000057e+02,1.495000000000000000e+02
1.509000000000000057e+02,1.240999999999999943e+02,1.560000000000000000e+02
1.540000000000000000e+02,1.222999999999999972e+02,2.200000000000000000e+02
1.725000000000000000e+02,1.257999999999999972e+02,1.665999999999999943e+02
1.701999999999999886e+02,1.300000000000000000e+02,1.736999999999999886e+02
1.951999999999999886e+02,1.698000000000000114e+02,2.186999999999999886e+02
2.008000000000000114e+02,1.878000000000000114e+02,3.196999999999999886e+02
1.809000000000000057e+02,1.215000000000000000e+02,2.330999999999999943e+02
1.991999999999999886e+02,1.375000000000000000e+02,2.005999999999999943e+02
1.830999999999999943e+02,1.433000000000000114e+02,2.246999999999999886e+02
1.686999999999999886e+02,1.618000000000000114e+02,2.535999999999999943e+02
1.630000000000000000e+02,1.630999999999999943e+02,1.966999999999999886e+02
1.833000000000000114e+02,1.524000000000000057e+02,2.028000000000000114e+02
1.861999999999999886e+02,1.544000000000000057e+02,2.233000000000000114e+02
1.918000000000000114e+02,1.410999999999999943e+02,2.185000000000000000e+02
1.795000000000000000e+02,1.710000000000000000e+02,2.135000000000000000e+02
2.004000000000000057e+02,1.656999999999999886e+02,2.103000000000000114e+02
1.631999999999999886e+02,1.634000000000000057e+02,2.188000000000000114e+02
1.445999999999999943e+02,1.746999999999999886e+02,2.251999999999999886e+02
1.331999999999999886e+02,1.840999999999999943e+02,2.016999999999999886e+02
1.700000000000000000e+02,1.938000000000000114e+02,2.550000000000000000e+02
1.715999999999999943e+02,1.631999999999999886e+02,2.394000000000000057e+02
1.730999999999999943e+02,1.683000000000000114e+02,2.260999999999999943e+02
1.646999999999999886e+02,1.560999999999999943e+02,2.860000000000000000e+02
2.030000000000000000e+02,1.366999999999999886e+02,2.636999999999999886e+02
1.975999999999999943e+02,1.648000000000000114e+02,2.365999999999999943e+02
1.640999999999999943e+02,1.668000000000000114e+02,2.220000000000000000e+02
1.650999999999999943e+02,1.709000000000000057e+02,2.053000000000000114e+02
1.619000000000000057e+02,1.599000000000000057e+02,2.264000000000000057e+02
1.390999999999999943e+02,1.520000000000000000e+02,2.446999999999999886e+02
1.559000000000000057e+02,1.534000000000000057e+02,2.738999999999999773e+02
1.500000000000000000e+02,1.493000000000000114e+02,2.408000000000000114e+02
1.558000000000000114e+02,1.778000000000000114e+02,2.140000000000000000e+02
1.704000000000000057e+02,1.530999999999999943e+02,2.271999999999999886e+02
1.533000000000000114e+02,1.470000000000000000e+02,2.366999999999999886e+02
1.624000000000000057e+02,1.680000000000000000e+02,2.238000000000000114e+02
1.684000000000000057e+02,1.741999999999999886e+02,2.016999999999999886e+02
1.886999999999999886e+02,1.560000000000000000e+02,1.805000000000000000e+02
1.888000000000000114e+02,1.549000000000000057e+02,2.190000000000000000e+02
1.785999999999999943e+02,1.544000000000000057e+02,2.300999999999999943e+02
1.689000000000000057e+02,1.490000000000000000e+02,2.608999999999999773e+02
1.535999999999999943e+02,1.461999999999999886e+02,2.258000000000000114e+02
1.668000000000000114e+02,1.286999999999999886e+02,1.950000000000000000e+02
1.480999999999999943e+02,1.346999999999999886e+02,2.344000000000000057e+02
1.648000000000000114e+02,1.661999999999999886e+02,2.144000000000000057e+02
1.545999999999999943e+02,1.510999999999999943e+02,1.953000000000000114e+02
1.469000000000000057e+02,1.500999999999999943e+02,1.763000000000000114e+02
1.420999999999999943e+02,1.521999999999999886e+02,1.950000000000000000e+02
1.558000000000000114e+02,1.569000000000000057e+02,2.033000000000000114e+02
1.675000000000000000e+02,1.514000000000000057e+02,2.213000000000000114e+02
1.650999999999999943e+02,1.563000000000000114e+02,2.240000000000000000e+02
1.764000000000000057e+02,1.565999999999999943e+02,2.510000000000000000e+02
1.951999999999999886e+02,1.520999999999999943e+02,2.500999999999999943e+02
2.213000000000000114e+02,1.726999999999999886e+02,2.645000000000000000e+02
2.416999999999999886e+02,1.640000000000000000e+02,2.626000000000000227e+02
2.250000000000000000e+02,1.673000000000000114e+02,2.541999999999999886e+02
2.379000000000000057e+02,1.720999999999999943e+02,2.760000000000000000e+02
2.465999999999999943e+02,1.823000000000000114e+02,2.606999999999999886e+02
2.820000000000000000e+02,1.889000000000000057e+02,2.978000000000000114e+02
2.540999999999999943e+02,1.896999999999999886e+02,3.126999999999999886e+02
2.508000000000000114e+02,1.840000000000000000e+02,3.023999999999999773e+02
2.415999999999999943e+02,2.075000000000000000e+02,2.893999999999999773e+02
2.549000000000000057e+02,2.305999999999999943e+02,2.940000000000000000e+02
2.995000000000000000e+02,1.958000000000000114e+02,3.346999999999999886e+02
2.796000000000000227e+02,2.014000000000000057e+02,3.233000000000000114e+02
2.444000000000000057e+02,1.676999999999999886e+02,3.260000000000000000e+02
2.259000000000000057e+02,1.600000000000000000e+02,2.861000000000000227e+02
2.755000000000000000e+02,1.823000000000000114e+02,3.158000000000000114e+02
2.675000000000000000e+02,1.668000000000000114e+02,2.868000000000000114e+02
2.573000000000000114e+02,1.800999999999999943e+02,3.111999999999999886e+02
2.279000000000000057e+02,1.909000000000000057e+02,3.351000000000000227e+02
2.288000000000000114e+02,1.719000000000000057e+02,2.978999999999999773e+02
2.070000000000000000e+02,1.735999999999999943e+02,2.891000000000000227e+02
1.668000000000000114e+02,1.730999999999999943e+02,2.921999999999999886e+02
1.783000000000000114e+02,1.489000000000000057e+02,2.970000000000000000e+02
1.976999999999999886e+02,1.440999999999999943e+02,3.371999999999999886e+02
1.876999999999999886e+02,1.735999999999999943e+02,3.145000000000000000e+02
1.965999999999999943e+02,2.040000000000000000e+02,2.751999999999999886e+02
2.180999999999999943e+02,2.106999999999999886e+02,2.455999999999999943e+02
1.973000000000000114e+02,2.239000000000000057e+02,2.351999999999999886e+02
1.891999999999999886e+02,2.583999999999999773e+02,2.766000000000000227e+02
1.839000000000000057e+02,1.900999999999999943e+02,2.656999999999999886e+02
1.771999999999999886e+02,1.839000000000000057e+02,2.450999999999999943e+02
1.806999999999999886e+02,1.708000000000000114e+02,2.374000000000000057e+02
1.916999999999999886e+02,1.455999999999999943e+02,2.036999999999999886e+02
1.963000000000000114e+02,1.343000000000000114e+02,2.175000000000000000e+02
1.518000000000000114e+02,1.286999999999999886e+02,2.145999999999999943e+02
1.785999999999999943e+02,1.314000000000000057e+02,1.885000000000000000e+02
1.734000000000000057e+02,1.275999999999999943e+02,1.980000000000000000e+02
1.453000000000000114e+02,1.254000000000000057e+02,2.075999999999999943e+02
1.476999999999999886e+02,1.210000000000000000e+02,1.736999999999999886e+02
1.315999999999999943e+02,1.192999999999999972e+02,1.925000000000000000e+02
1.353000000000000114e+02,1.440000000000000000e+02,1.803000000000000114e+02
1.303000000000000114e+02,1.286999999999999886e+02,1.935000000000000000e+02
1.300000000000000000e+02,1.313000000000000114e+02,1.683000000000000114e+02
1.197999999999999972e+02,1.205000000000000000e+02,1.625999999999999943e+02
1.207999999999999972e+02,1.002999999999999972e+02,1.684000000000000057e+02
1.197000000000000028e+02,1.019000000000000057e+02,1.501999999999999886e+02
1.391999999999999886e+02,1.030000000000000000e+02,1.480999999999999943e+02
1.445000000000000000e+02,9.220000000000000284e+01,1.526999999999999886e+02
1.536999999999999886e+02,9.040000000000000568e+01,1.244000000000000057e+02
1.325999999999999943e+02,1.014000000000000057e+02,1.296999999999999886e+02
1.330000000000000000e+02,1.059000000000000057e+02,1.333000000000000114e+02
1.330999999999999943e+02,1.020000000000000000e+02,1.368000000000000114e+02
1.359000000000000057e+02,1.057999999999999972e+02,1.519000000000000057e+02
1.300000000000000000e+02,1.132999999999999972e+02,1.686999999999999886e+02
1.284000000000000057e+02,1.149000000000000057e+02,1.410999999999999943e+02
1.262999999999999972e+02,1.112999999999999972e+02,1.309000000000000057e+02
1.249000000000000057e+02,9.800000000000000000e+01,1.393000000000000114e+02
1.264000000000000057e+02,1.030000000000000000e+02,1.330000000000000000e+02
1.410000000000000000e+02,9.409999999999999432e+01,1.333000000000000114e+02
1.320999999999999943e+02,9.550000000000000000e+01,1.164000000000000057e+02
1.370999999999999943e+02,9.379999999999999716e+01,1.285000000000000000e+02
1.305000000000000000e+02,7.520000000000000284e+01,1.376999999999999886e+02
1.315000000000000000e+02,8.850000000000000000e+01,1.330000000000000000e+02
1.281999999999999886e+02,8.409999999999999432e+01,1.275000000000000000e+02
1.300000000000000000e+02,8.320000000000000284e+01,1.335999999999999943e+02
1.300000000000000000e+02,7.820000000000000284e+01,1.274000000000000057e+02
1.215000000000000000e+02,7.670000000000000284e+01,1.363000000000000114e+02
1.160000000000000000e+02,8.470000000000000284e+01,1.235999999999999943e+02
1.214000000000000057e+02,7.829999999999999716e+01,1.204000000000000057e+02
1.062000000000000028e+02,8.629999999999999716e+01,1.288000000000000114e+02
1.010999999999999943e+02,7.570000000000000284e+01,1.187000000000000028e+02
1.007000000000000028e+02,7.909999999999999432e+01,1.112000000000000028e+02
9.370000000000000284e+01,9.400000000000000000e+01,1.094000000000000057e+02
9.670000000000000284e+01,8.290000000000000568e+01,1.252999999999999972e+02
1.037000000000000028e+02,1.027000000000000028e+02,1.375000000000000000e+02
1.055000000000000000e+02,7.820000000000000284e+01,1.260999999999999943e+02
1.037999999999999972e+02,8.220000000000000284e+01,1.082999999999999972e+02
9.790000000000000568e+01,8.179999999999999716e+01,1.105999999999999943e+02
1.047000000000000028e+02,7.609999999999999432e+01,1.202000000000000028e+02
1.104000000000000057e+02,8.820000000000000284e+01,1.107999999999999972e+02
1.120999999999999943e+02,8.279999999999999716e+01,1.062000000000000028e+02
1.072000000000000028e+02,8.529999999999999716e+01,1.182000000000000028e+02
9.920000000000000284e+01,1.247000000000000028e+02,1.291999999999999886e+02
1.099000000000000057e+02,1.306999999999999886e+02,1.144000000000000057e+02
1.281999999999999886e+02,1.554000000000000057e+02,1.247000000000000028e+02
1.084000000000000057e+02,1.663000000000000114e+02,1.365000000000000000e+02
1.455000000000000000e+02,1.254000000000000057e+02,1.465999999999999943e+02
1.167999999999999972e+02,1.626999999999999886e+02,1.615999999999999943e+02
1.142999999999999972e+02,1.876999999999999886e+02,1.878000000000000114e+02
1.360999999999999943e+02,1.260000000000000000e+02,1.818000000000000114e+02
1.270000000000000000e+02,1.375000000000000000e+02,1.485999999999999943e+02
1.316999999999999886e+02,1.391999999999999886e+02,1.815000000000000000e+02
1.270000000000000000e+02,1.350000000000000000e+02,2.275999999999999943e+02
1.539000000000000057e+02,1.418000000000000114e+02,1.940000000000000000e+02
2.034000000000000057e+02,1.269000000000000057e+02,2.405999999999999943e+02
1.966999999999999886e+02,1.345000000000000000e+02,1.706999999999999886e+02
1.836999999999999886e+02,1.653000000000000114e+02,2.016999999999999886e+02
2.050999999999999943e+02,1.439000000000000057e+02,1.909000000000000057e+02
2.184000000000000057e+02,2.190000000000000000e+02,2.160999999999999943e+02
2.335000000000000000e+02,2.259000000000000057e+02,1.993000000000000114e+02
2.224000000000000057e+02,1.885999999999999943e+02,2.136999999999999886e+02
1.674000000000000057e+02,1.660000000000000000e+02,2.124000000000000057e+02
1.613000000000000114e+02,1.510000000000000000e+02,1.741999999999999886e+02
1.835999999999999943e+02,1.436999999999999886e+02,2.001999999999999886e+02
1.865999999999999943e+02,1.486999999999999886e+02,2.170000000000000000e+02
1.448000000000000114e+02,1.556999999999999886e+02,2.005000000000000000e+02
1.434000000000000057e+02,1.495999999999999943e+02,1.970000000000000000e+02
2.018000000000000114e+02,1.799000000000000057e+02,2.265000000000000000e+02
1.805999999999999943e+02,2.118000000000000114e+02,2.089000000000000057e+02
1.845000000000000000e+02,2.051999999999999886e+02,1.954000000000000057e+02
1.560000000000000000e+02,1.705000000000000000e+02,1.776999999999999886e+02
1.573000000000000114e+02,1.611999999999999886e+02,1.754000000000000057e+02
1.910000000000000000e+02,1.933000000000000114e+02,1.773000000000000114e+02
2.033000000000000114e+02,2.074000000000000057e+02,1.986999999999999886e+02
1.985999999999999943e+02,1.695000000000000000e+02,1.885999999999999943e+02
2.190999999999999943e+02,1.966999999999999886e+02,1.924000000000000057e+02
2.348000000000000114e+02,2.209000000000000057e+02,2.553000000000000114e+02
2.223000000000000114e+02,1.996999999999999886e+02,2.100000000000000000e+02
1.844000000000000057e+02,1.925999999999999943e+02,1.831999999999999886e+02
1.805000000000000000e+02,2.045000000000000000e+02,1.915000000000000000e+02
1.431999999999999886e+02,1.950000000000000000e+02,1.779000000000000057e+02
1.671999999999999886e+02,1.795000000000000000e+02,1.746999999999999886e+02
1.674000000000000057e+02,1.728000000000000114e+02,1.929000000000000057e+02
1.625999999999999943e+02,1.998000000000000114e+02,1.845000000000000000e+02
1.625999999999999943e+02,1.849000000000000057e+02,1.780999999999999943e+02
1.848000000000000114e+02,1.730000000000000000e+02,1.726999999999999886e+02
2.003000000000000114e+02,1.844000000000000057e+02,2.033000000000000114e+02
1.903000000000000114e+02,1.735999999999999943e+02,1.958000000000000114e+02
1.460000000000000000e+02,1.660999999999999943e+02,1.500000000000000000e+02
1.889000000000000057e+02,1.803000000000000114e+02,1.765999999999999943e+02
1.715000000000000000e+02,1.696999999999999886e+02,1.900999999999999943e+02
1.820999999999999943e+02,1.641999999999999886e+02,1.698000000000000114e+02
1.626999999999999886e+02,1.780999999999999943e+02,1.644000000000000057e+02
1.451999999999999886e+02,1.646999999999999886e+02,1.851999999999999886e+02
1.495999999999999943e+02,1.705999999999999943e+02,2.206999999999999886e+02
1.519000000000000057e+02,1.489000000000000057e+02,2.038000000000000114e+02
1.501999999999999886e+02,1.476999999999999886e+02,2.193000000000000114e+02
1.848000000000000114e+02,1.825999999999999943e+02,1.978000000000000114e+02
1.991999999999999886e+02,1.724000000000000057e+02,2.039000000000000057e+02
2.025999999999999943e+02,1.715000000000000000e+02,2.030000000000000000e+02
1.801999999999999886e+02,1.575000000000000000e+02,2.415999999999999943e+02
1.789000000000000057e+02,1.630000000000000000e+02,1.901999999999999886e+02
1.838000000000000114e+02,1.826999999999999886e+02,2.025999999999999943e+02
1.720999999999999943e+02,1.774000000000000057e+02,1.874000000000000057e+02
1.915999999999999943e+02,1.821999999999999886e+02,2.103000000000000114e+02
2.024000000000000057e+02,1.514000000000000057e+02,2.410000000000000000e+02
2.360000000000000000e+02,1.514000000000000057e+02,2.590000000000000000e+02
2.145000000000000000e+02,1.721999999999999886e+02,2.400000000000000000e+02
2.105000000000000000e+02,1.835999999999999943e+02,2.383000000000000114e+02
2.131999999999999886e+02,1.814000000000000057e+02,2.040000000000000000e+02
2.549000000000000057e+02,2.216999999999999886e+02,2.154000000000000057e+02
2.385000000000000000e+02,2.105000000000000000e+02,2.418000000000000114e+02
2.318000000000000114e+02,2.113000000000000114e+02,2.866000000000000227e+02
2.690000000000000000e+02,2.006999999999999886e+02,2.360999999999999943e+02
2.630000000000000000e+02,1.834000000000000057e+02,2.070999999999999943e+02
2.368000000000000114e+02,2.040999999999999943e+02,2.035999999999999943e+02
2.430000000000000000e+02,1.908000000000000114e+02,2.310999999999999943e+02
2.251999999999999886e+02,1.834000000000000057e+02,2.416999999999999886e+02
2.295000000000000000e+02,1.554000000000000057e+02,2.626999999999999886e+02
2.345999999999999943e+02,1.651999999999999886e+02,2.661999999999999886e+02
2.590000000000000000e+02,1.880000000000000000e+02,2.470999999999999943e+02
2.396999999999999886e+02,1.735000000000000000e+02,2.746999999999999886e+02
2.218000000000000114e+02,2.020999999999999943e+02,2.855000000000000000e+02
2.259000000000000057e+02,1.903000000000000114e+02,2.866000000000000227e+02
2.099000000000000057e+02,1.819000000000000057e+02,2.728000000000000114e+02
2.398000000000000114e+02,1.639000000000000057e+02,2.701999999999999886e+02
2.373000000000000114e+02,1.926999999999999886e+02,2.808000000000000114e+02
2.415000000000000000e+02,1.695000000000000000e+02,2.701000000000000227e+02
2.233000000000000114e+02,1.695999999999999943e+02,2.544000000000000057e+02
2.349000000000000057e+02,1.765999999999999943e+02,2.676999999999999886e+02
2.159000000000000057e+02,1.695000000000000000e+02,2.596999999999999886e+02
2.025999999999999943e+02,1.646999999999999886e+02,2.415999999999999943e+02
2.289000000000000057e+02,1.649000000000000057e+02,2.284000000000000057e+02
2.214000000000000057e+02,1.659000000000000057e+02,2.668999999999999773e+02
2.010000000000000000e+02,1.461999999999999886e+02,2.915000000000000000e+02
1.835000000000000000e+02,1.420999999999999943e+02,2.410000000000000000e+02
1.735000000000000000e+02,1.495000000000000000e+02,1.825999999999999943e+02
1.585000000000000000e+02,1.295000000000000000e+02,1.851999999999999886e+02
1.530999999999999943e+02,1.262000000000000028e+02,1.890999999999999943e+02
1.464000000000000057e+02,1.358000000000000114e+02,1.979000000000000057e+02
1.471999999999999886e+02,1.227000000000000028e+02,1.705000000000000000e+02
1.669000000000000057e+02,1.105999999999999943e+02,1.681999999999999886e+02
1.504000000000000057e+02,1.212000000000000028e+02,1.630999999999999943e+02
1.564000000000000057e+02,1.160999999999999943e+02,1.734000000000000057e+02
1.244000000000000057e+02,1.212000000000000028e+02,1.614000000000000057e+02
1.205000000000000000e+02,1.175999999999999943e+02,1.709000000000000057e+02
1.290999999999999943e+02,1.114000000000000057e+02,1.994000000000000057e+02
1.212000000000000028e+02,1.444000000000000057e+02,1.714000000000000057e+02
1.229000000000000057e+02,1.219000000000000057e+02,1.568000000000000114e+02
1.175999999999999943e+02,1.120999999999999943e+02,1.445999999999999943e+02
1.179000000000000057e+02,1.125000000000000000e+02,1.366999999999999886e+02
1.070999999999999943e+02,1.000999999999999943e+02,1.399000000000000057e+02
1.082999999999999972e+02,1.586999999999999886e+02,1.280000000000000000e+02
1.107000000000000028e+02,1.490999999999999943e+02,1.272000000000000028e+02
1.085000000000000000e+02,1.584000000000000057e+02,1.460999999999999943e+02
1.195000000000000000e+02,1.525999999999999943e+02,1.464000000000000057e+02
1.105999999999999943e+02,1.319000000000000057e+02,1.503000000000000114e+02
1.042000000000000028e+02,1.505999999999999943e+02,1.523000000000000114e+02
1.060999999999999943e+02,1.538000000000000114e+02,1.595000000000000000e+02
1.025999999999999943e+02,1.505999999999999943e+02,1.503000000000000114e+02
1.034000000000000057e+02,1.364000000000000057e+02,1.285000000000000000e+02
9.820000000000000284e+01,1.328000000000000114e+02,1.295000000000000000e+02
1.000000000000000000e+02,1.504000000000000057e+02,1.252999999999999972e+02
9.850000000000000000e+01,1.301999999999999886e+02,1.114000000000000057e+02
1.025999999999999943e+02,1.285999999999999943e+02,1.257000000000000028e+02
1.025999999999999943e+02,1.195999999999999943e+02,1.313000000000000114e+02
9.990000000000000568e+01,1.204000000000000057e+02,1.257000000000000028e+02
9.850000000000000000e+01,1.035000000000000000e+02,1.380999999999999943e+02
9.659999999999999432e+01,7.590000000000000568e+01,1.197000000000000028e+02
9.920000000000000284e+01,8.370000000000000284e+01,1.120000000000000000e+02
1.082000000000000028e+02,7.720000000000000284e+01,1.244000000000000057e+02
9.879999999999999716e+01,7.940000000000000568e+01,1.305999999999999943e+02
9.779999999999999716e+01,8.090000000000000568e+01,1.157999999999999972e+02
1.000999999999999943e+02,7.550000000000000000e+01,1.117000000000000028e+02
1.030999999999999943e+02,8.559999999999999432e+01,1.077999999999999972e+02
1.002999999999999972e+02,7.409999999999999432e+01,1.169000000000000057e+02
9.870000000000000284e+01,9.229999999999999716e+01,1.089000000000000057e+02
9.570000000000000284e+01,8.029999999999999716e+01,1.159000000000000057e+02
1.037000000000000028e+02,7.740000000000000568e+01,1.137999999999999972e+02
1.065999999999999943e+02,9.159999999999999432e+01,1.180999999999999943e+02
1.069000000000000057e+02,7.820000000000000284e+01,1.120999999999999943e+02
1.044000000000000057e+02,8.420000000000000284e+01,1.215999999999999943e+02
1.057999999999999972e+02,7.620000000000000284e+01,1.140999999999999943e+02
1.097000000000000028e+02,8.790000000000000568e+01,1.119000000000000057e+02
1.025999999999999943e+02,7.850000000000000000e+01,1.160000000000000000e+02
1.025000000000000000e+02,8.679999999999999716e+01,1.055999999999999943e+02
9.959999999999999432e+01,8.909999999999999432e+01,1.012000000000000028e+02
9.620000000000000284e+01,9.400000000000000000e+01,1.070000000000000000e+02
1.117999999999999972e+02,1.027000000000000028e+02,1.172999999999999972e+02
1.104000000000000057e+02,9.440000000000000568e+01,1.321999999999999886e+02
1.200999999999999943e+02,1.022000000000000028e+02,1.164000000000000057e+02
1.269000000000000057e+02,9.620000000000000284e+01,1.363000000000000114e+02
1.430999999999999943e+02,9.820000000000000284e+01,1.212000000000000028e+02
1.435999999999999943e+02,1.097000000000000028e+02,1.262000000000000028e+02
1.711999999999999886e+02,1.311999999999999886e+02,1.363000000000000114e+02
1.570000000000000000e+02,1.277000000000000028e+02,1.549000000000000057e+02
1.529000000000000057e+02,1.394000000000000057e+02,2.146999999999999886e+02
1.684000000000000057e+02,1.170999999999999943e+02,1.736999999999999886e+02
1.525000000000000000e+02,1.250999999999999943e+02,2.148000000000000114e+02
1.464000000000000057e+02,1.351999999999999886e+02,1.949000000000000057e+02
1.840999999999999943e+02,1.281999999999999886e+02,1.685000000000000000e+02
1.720999999999999943e+02,1.985000000000000000e+02,1.906999999999999886e+02
1.665999999999999943e+02,1.443000000000000114e+02,1.875999999999999943e+02
1.668000000000000114e+02,2.111999999999999886e+02,1.673000000000000114e+02
1.970000000000000000e+02,1.918000000000000114e+02,1.709000000000000057e+02
1.595999999999999943e+02,1.364000000000000057e+02,1.695000000000000000e+02
1.725999999999999943e+02,1.728000000000000114e+02,2.480000000000000000e+02
2.081999999999999886e+02,2.293000000000000114e+02,2.435000000000000000e+02
2.104000000000000057e+02,1.814000000000000057e+02,2.628999999999999773e+02
1.800999999999999943e+02,1.801999999999999886e+02,2.303000000000000114e+02
1.916999999999999886e+02,1.267999999999999972e+02,2.378000000000000114e+02
1.933000000000000114e+02,1.494000000000000057e+02,1.910000000000000000e+02
1.986999999999999886e+02,1.345999999999999943e+02,2.271999999999999886e+02
1.964000000000000057e+02,2.086999999999999886e+02,1.730000000000000000e+02
1.775999999999999943e+02,1.841999999999999886e+02,1.741999999999999886e+02
1.588000000000000114e+02,1.523000000000000114e+02,1.954000000000000057e+02
1.851999999999999886e+02,2.254000000000000057e+02,1.665000000000000000e+02
1.989000000000000057e+02,1.660000000000000000e+02,1.735999999999999943e+02
2.145000000000000000e+02,1.500000000000000000e+02,1.919000000000000057e+02
2.066999999999999886e+02,1.718000000000000114e+02,1.815999999999999943e+02
1.725999999999999943e+02,1.844000000000000057e+02,2.085999999999999943e+02
1.765999999999999943e+02,1.645000000000000000e+02,1.880000000000000000e+02
1.856999999999999886e+02,1.675999999999999943e+02,1.486999999999999886e+02
1.860999999999999943e+02,1.720000000000000000e+02,2.009000000000000057e+02
1.610000000000000000e+02,1.484000000000000057e+02,1.800999999999999943e+02
1.720999999999999943e+02,1.635000000000000000e+02,1.559000000000000057e+02
1.701999999999999886e+02,1.760999999999999943e+02,1.739000000000000057e+02
1.670999999999999943e+02,1.605000000000000000e+02,2.144000000000000057e+02
1.925999999999999943e+02,1.734000000000000057e+02,1.903000000000000114e+02
1.830999999999999943e+02,1.590000000000000000e+02,1.998000000000000114e+02
1.974000000000000057e+02,2.309000000000000057e+02,1.989000000000000057e+02
1.850999999999999943e+02,1.928000000000000114e+02,1.865999999999999943e+02
1.881999999999999886e+02,1.500999999999999943e+02,1.661999999999999886e+02
2.063000000000000114e+02,1.556999999999999886e+02,2.154000000000000057e+02
1.965000000000000000e+02,1.495000000000000000e+02,2.136999999999999886e+02
2.020000000000000000e+02,1.370000000000000000e+02,2.011999999999999886e+02
2.091999999999999886e+02,1.460999999999999943e+02,2.328000000000000114e+02
1.971999999999999886e+02,1.303000000000000114e+02,2.505999999999999943e+02
1.781999999999999886e+02,1.373000000000000114e+02,2.024000000000000057e+02
1.865000000000000000e+02,1.450999999999999943e+02,2.080000000000000000e+02
2.155000000000000000e+02,1.561999999999999886e+02,2.171999999999999886e+02
2.891000000000000227e+02,1.855999999999999943e+02,1.969000000000000057e+02
2.253000000000000114e+02,1.764000000000000057e+02,1.814000000000000057e+02
2.353000000000000114e+02,1.910999999999999943e+02,2.106999999999999886e+02
2.050999999999999943e+02,1.655999999999999943e+02,2.476999999999999886e+02
2.214000000000000057e+02,1.664000000000000057e+02,2.253000000000000114e+02
2.210000000000000000e+02,1.651999999999999886e+02,2.129000000000000057e+02
2.230000000000000000e+02,1.586999999999999886e+02,2.060000000000000000e+02
2.150000000000000000e+02,1.753000000000000114e+02,1.911999999999999886e+02
1.915999999999999943e+02,1.874000000000000057e+02,1.830000000000000000e+02
1.825999999999999943e+02,1.631999999999999886e+02,2.535999999999999943e+02
1.718000000000000114e+02,1.728000000000000114e+02,2.234000000000000057e+02
1.706999999999999886e+02,1.660999999999999943e+02,2.375999999999999943e+02
2.126999999999999886e+02,1.835999999999999943e+02,2.315000000000000000e+02
2.205999999999999943e+02,1.865999999999999943e+02,2.510999999999999943e+02
2.328000000000000114e+02,2.065999999999999943e+02,2.299000000000000057e+02
2.230000000000000000e+02,2.005000000000000000e+02,2.253000000000000114e+02
1.875000000000000000e+02,2.038000000000000114e+02,2.426999999999999886e+02
2.081999999999999886e+02,1.965999999999999943e+02,2.470000000000000000e+02
2.040999999999999943e+02,2.138000000000000114e+02,2.554000000000000057e+02
1.941999999999999886e+02,2.196999999999999886e+02,2.430999999999999943e+02
2.149000000000000057e+02,1.775000000000000000e+02,2.645000000000000000e+02
2.100000000000000000e+02,1.734000000000000057e+02,2.818999999999999773e+02
2.239000000000000057e+02,2.065000000000000000e+02,2.688999999999999773e+02
2.158000000000000114e+02,1.953000000000000114e+02,2.199000000000000057e+02
2.173000000000000114e+02,2.571000000000000227e+02,2.528000000000000114e+02
2.055000000000000000e+02,1.820000000000000000e+02,2.561000000000000227e+02
2.210000000000000000e+02,2.021999999999999886e+02,2.778000000000000114e+02
2.200999999999999943e+02,1.718000000000000114e+02,2.438000000000000114e+02
2.123000000000000114e+02,1.703000000000000114e+02,2.345999999999999943e+02
2.070000000000000000e+02,1.828000000000000114e+02,2.681000000000000227e+02
2.033000000000000114e+02,1.733000000000000114e+02,2.518000000000000114e+02
1.619000000000000057e+02,1.973000000000000114e+02,2.410000000000000000e+02
2.114000000000000057e+02,1.991999999999999886e+02,2.863000000000000114e+02
2.145000000000000000e+02,1.684000000000000057e+02,2.731000000000000227e+02
1.955999999999999943e+02,1.630999999999999943e+02,2.523000000000000114e+02
1.663000000000000114e+02,1.455000000000000000e+02,2.565000000000000000e+02
2.048000000000000114e+02,1.415999999999999943e+02,2.433000000000000114e+02
1.880000000000000000e+02,1.234000000000000057e+02,2.445999999999999943e+02
1.710000000000000000e+02,1.668000000000000114e+02,2.600000000000000000e+02
1.584000000000000057e+02,1.561999999999999886e+02,2.481999999999999886e+02
1.540000000000000000e+02,1.319000000000000057e+02,2.140999999999999943e+02
1.655999999999999943e+02,1.483000000000000114e+02,2.025999999999999943e+02
1.594000000000000057e+02,1.490999999999999943e+02,2.089000000000000057e+02
1.523000000000000114e+02,1.435999999999999943e+02,1.945000000000000000e+02
1.420999999999999943e+02,1.117000000000000028e+02,1.900999999999999943e+02
1.331999999999999886e+02,1.219000000000000057e+02,1.795999999999999943e+02
1.338000000000000114e+02,1.289000000000000057e+02,1.633000000000000114e+02
1.375000000000000000e+02,1.119000000000000057e+02,1.745999999999999943e+02
1.593000000000000114e+02,1.125999999999999943e+02,1.810999999999999943e+02
1.374000000000000057e+02,9.170000000000000284e+01,1.758000000000000114e+02
1.220999999999999943e+02,1.062999999999999972e+02,1.589000000000000057e+02
1.175999999999999943e+02,9.140000000000000568e+01,1.754000000000000057e+02
1.195999999999999943e+02,9.559999999999999432e+01,1.711999999999999886e+02
1.159000000000000057e+02,9.100000000000000000e+01,1.630999999999999943e+02
1.277999999999999972e+02,8.459999999999999432e+01,1.490000000000000000e+02
1.107000000000000028e+02,9.200000000000000000e+01,1.508000000000000114e+02
1.185999999999999943e+02,9.290000000000000568e+01,1.294000000000000057e+02
1.112999999999999972e+02,1.037999999999999972e+02,1.506999999999999886e+02
1.077000000000000028e+02,9.240000000000000568e+01,1.345999999999999943e+02
1.090000000000000000e+02,1.007000000000000028e+02,1.461999999999999886e+02
1.140999999999999943e+02,1.080999999999999943e+02,1.430999999999999943e+02
9.759999999999999432e+01,1.100999999999999943e+02,1.398000000000000114e+02
9.900000000000000000e+01,1.172999999999999972e+02,1.361999999999999886e+02
9.650000000000000000e+01,9.640000000000000568e+01,1.339000000000000057e+02
1.017999999999999972e+02,1.080000000000000000e+02,1.269000000000000057e+02
9.820000000000000284e+01,9.290000000000000568e+01,1.255000000000000000e+02
9.650000000000000000e+01,9.890000000000000568e+01,1.265000000000000000e+02
1.015000000000000000e+02,9.459999999999999432e+01,1.305999999999999943e+02
9.690000000000000568e+01,8.909999999999999432e+01,1.570000000000000000e+02
9.920000000000000284e+01,9.529999999999999716e+01,1.440000000000000000e+02
9.440000000000000568e+01,7.759999999999999432e+01,1.346999999999999886e+02
1.032000000000000028e+02,9.340000000000000568e+01,1.170000000000000000e+02
9.459999999999999432e+01,7.779999999999999716e+01,1.244000000000000057e+02
9.890000000000000568e+01,8.320000000000000284e+01,1.316999999999999886e+02
9.979999999999999716e+01,8.540000000000000568e+01,1.165999999999999943e+02
1.022999999999999972e+02,8.500000000000000000e+01,1.254000000000000057e+02
1.049000000000000057e+02,9.150000000000000000e+01,1.269000000000000057e+02
9.940000000000000568e+01,9.279999999999999716e+01,1.130999999999999943e+02
1.020000000000000000e+02,9.520000000000000284e+01,1.222000000000000028e+02
9.409999999999999432e+01,9.279999999999999716e+01,1.310999999999999943e+02
1.020000000000000000e+02,1.020999999999999943e+02,1.179000000000000057e+02
1.020999999999999943e+02,8.140000000000000568e+01,1.308000000000000114e+02
1.308000000000000114e+02,8.609999999999999432e+01,1.227999999999999972e+02
1.280000000000000000e+02,8.559999999999999432e+01,1.075999999999999943e+02
1.295000000000000000e+02,8.350000000000000000e+01,1.147000000000000028e+02
1.295000000000000000e+02,8.450000000000000000e+01,1.092000000000000028e+02
1.267999999999999972e+02,7.840000000000000568e+01,1.190000000000000000e+02
1.225999999999999943e+02,9.740000000000000568e+01,1.105000000000000000e+02
9.929999999999999716e+01,8.420000000000000284e+01,1.127000000000000028e+02
1.024000000000000057e+02,9.640000000000000568e+01,1.207999999999999972e+02
9.890000000000000568e+01,9.720000000000000284e+01,1.122999999999999972e+02
9.979999999999999716e+01,9.940000000000000568e+01,1.159000000000000057e+02
1.077999999999999972e+02,8.500000000000000000e+01,1.230000000000000000e+02
1.012000000000000028e+02,8.840000000000000568e+01,1.249000000000000057e+02
1.037999999999999972e+02,9.550000000000000000e+01,1.355999999999999943e+02
1.132000000000000028e+02,1.585000000000000000e+02,1.346999999999999886e+02
1.285000000000000000e+02,1.429000000000000057e+02,1.280999999999999943e+02
1.272000000000000028e+02,1.077999999999999972e+02,1.463000000000000114e+02
1.164000000000000057e+02,1.005000000000000000e+02,1.336999999999999886e+02
1.265999999999999943e+02,1.037999999999999972e+02,1.475999999999999943e+02
1.365000000000000000e+02,9.809999999999999432e+01,1.435999999999999943e+02
1.179000000000000057e+02,1.379000000000000057e+02,1.284000000000000057e+02
1.265000000000000000e+02,1.529000000000000057e+02,1.821999999999999886e+02
1.433000000000000114e+02,1.443000000000000114e+02,2.185999999999999943e+02
1.563000000000000114e+02,1.189000000000000057e+02,2.200999999999999943e+02
1.526999999999999886e+02,1.413000000000000114e+02,2.380000000000000000e+02
1.453000000000000114e+02,1.800000000000000000e+02,1.758000000000000114e+02
1.385999999999999943e+02,1.998000000000000114e+02,1.659000000000000057e+02
1.544000000000000057e+02,1.724000000000000057e+02,1.614000000000000057e+02
1.553000000000000114e+02,1.495000000000000000e+02,2.230000000000000000e+02
1.409000000000000057e+02,1.470999999999999943e+02,1.966999999999999886e+02
1.526999999999999886e+02,1.365999999999999943e+02,1.830999999999999943e+02
2.229000000000000057e+02,1.723000000000000114e+02,2.220999999999999943e+02
1.909000000000000057e+02,1.550999999999999943e+02,2.271999999999999886e+02
1.991999999999999886e+02,1.686999999999999886e+02,2.233000000000000114e+02
2.241999999999999886e+02,1.530999999999999943e+02,1.844000000000000057e+02
1.668000000000000114e+02,2.118000000000000114e+02,1.945999999999999943e+02
2.160999999999999943e+02,1.763000000000000114e+02,1.770000000000000000e+02
2.055999999999999943e+02,1.490999999999999943e+02,1.654000000000000057e+02
2.029000000000000057e+02,1.965999999999999943e+02,1.704000000000000057e+02
2.195000000000000000e+02,1.775000000000000000e+02,1.758000000000000114e+02
2.114000000000000057e+02,2.011999999999999886e+02,1.935000000000000000e+02
2.200000000000000000e+02,1.948000000000000114e+02,1.845999999999999943e+02
1.998000000000000114e+02,1.778000000000000114e+02,1.851999999999999886e+02
2.356999999999999886e+02,1.906999999999999886e+02,2.003000000000000114e+02
2.234000000000000057e+02,1.955999999999999943e+02,1.850999999999999943e+02
1.879000000000000057e+02,1.875999999999999943e+02,2.295000000000000000e+02
1.991999999999999886e+02,1.745999999999999943e+02,2.436999999999999886e+02
1.845000000000000000e+02,1.608000000000000114e+02,2.546999999999999886e+02
1.820999999999999943e+02,1.818000000000000114e+02,3.321000000000000227e+02
1.663000000000000114e+02,1.853000000000000114e+02,3.075000000000000000e+02
1.865000000000000000e+02,1.766999999999999886e+02,2.523000000000000114e+02
1.880999999999999943e+02,1.540999999999999943e+02,2.094000000000000057e+02
1.509000000000000057e+02,1.345999999999999943e+02,2.258000000000000114e+02
1.655000000000000000e+02,1.383000000000000114e+02,2.070000000000000000e+02
1.504000000000000057e+02,1.425999999999999943e+02,1.754000000000000057e+02
1.650000000000000000e+02,1.551999999999999886e+02,1.934000000000000057e+02
1.581999999999999886e+02,1.741999999999999886e+02,2.053000000000000114e+02
1.746999999999999886e+02,1.645999999999999943e+02,1.910999999999999943e+02
1.850000000000000000e+02,1.581999999999999886e+02,1.825999999999999943e+02
1.835999999999999943e+02,1.589000000000000057e+02,1.684000000000000057e+02
1.825000000000000000e+02,1.626999999999999886e+02,2.040000000000000000e+02
1.629000000000000057e+02,1.803000000000000114e+02,2.188000000000000114e+02
1.699000000000000057e+02,1.618000000000000114e+02,2.456999999999999886e+02
1.750999999999999943e+02,1.671999999999999886e+02,2.083000000000000114e+02
1.698000000000000114e+02,1.503000000000000114e+02,2.090000000000000000e+02
1.765000000000000000e+02,1.371999999999999886e+02,2.010999999999999943e+02
2.065999999999999943e+02,1.760999999999999943e+02,2.108000000000000114e+02
1.984000000000000057e+02,1.731999999999999886e+02,2.196999999999999886e+02
2.095000000000000000e+02,1.760999999999999943e+02,2.044000000000000057e+02
2.195000000000000000e+02,2.045999999999999943e+02,2.011999999999999886e+02
2.018000000000000114e+02,2.010000000000000000e+02,1.844000000000000057e+02
2.160000000000000000e+02,2.013000000000000114e+02,2.270000000000000000e+02
1.893000000000000114e+02,1.940999999999999943e+02,2.385000000000000000e+02
2.198000000000000114e+02,1.776999999999999886e+02,2.319000000000000057e+02
2.334000000000000057e+02,1.950000000000000000e+02,2.663000000000000114e+02
2.738000000000000114e+02,2.125999999999999943e+02,2.374000000000000057e+02
2.250000000000000000e+02,2.008000000000000114e+02,2.476999999999999886e+02
2.165000000000000000e+02,1.920000000000000000e+02,2.353000000000000114e+02
2.099000000000000057e+02,1.809000000000000057e+02,2.374000000000000057e+02
2.485000000000000000e+02,1.880000000000000000e+02,2.643999999999999773e+02
2.446999999999999886e+02,2.076999999999999886e+02,2.761000000000000227e+02
2.261999999999999886e+02,2.233000000000000114e+02,2.781999999999999886e+02
2.583000000000000114e+02,2.356999999999999886e+02,2.831000000000000227e+02
2.090000000000000000e+02,2.490000000000000000e+02,3.056000000000000227e+02
2.036999999999999886e+02,2.571999999999999886e+02,2.990000000000000000e+02
1.915999999999999943e+02,1.993000000000000114e+02,2.868000000000000114e+02
2.038000000000000114e+02,1.785999999999999943e+02,2.921000000000000227e+02
1.973000000000000114e+02,1.461999999999999886e+02,2.700000000000000000e+02
1.849000000000000057e+02,1.581999999999999886e+02,2.716000000000000227e+02
1.883000000000000114e+02,1.533000000000000114e+02,2.651999999999999886e+02
2.230999999999999943e+02,1.468000000000000114e+02,2.701999999999999886e+02
2.344000000000000057e+02,1.953000000000000114e+02,2.458000000000000114e+02
1.945999999999999943e+02,1.815999999999999943e+02,2.275999999999999943e+02
1.965999999999999943e+02,1.925000000000000000e+02,2.325000000000000000e+02
1.876999999999999886e+02,2.205999999999999943e+02,2.274000000000000057e+02
1.919000000000000057e+02,1.660999999999999943e+02,2.568999999999999773e+02
2.105000000000000000e+02,1.836999999999999886e+02,2.340000000000000000e+02
1.744000000000000057e+02,1.485000000000000000e+02,2.239000000000000057e+02
1.600999999999999943e+02,1.705999999999999943e+02,2.108000000000000114e+02
1.700999999999999943e+02,1.651999999999999886e+02,2.040000000000000000e+02
1.610000000000000000e+02,1.415999999999999943e+02,1.926999999999999886e+02
1.585000000000000000e+02,1.488000000000000114e+02,1.738000000000000114e+02
1.540999999999999943e+02,1.227999999999999972e+02,2.088000000000000114e+02
1.401999999999999886e+02,1.403000000000000114e+02,1.901999999999999886e+02
1.424000000000000057e+02,1.379000000000000057e+02,1.721999999999999886e+02
1.313000000000000114e+02,1.335999999999999943e+02,1.705000000000000000e+02
1.300000000000000000e+02,1.255999999999999943e+02,1.815000000000000000e+02
1.470999999999999943e+02,1.110999999999999943e+02,1.641999999999999886e+02
1.555000000000000000e+02,1.177999999999999972e+02,1.605000000000000000e+02
1.370999999999999943e+02,1.069000000000000057e+02,1.558000000000000114e+02
1.225000000000000000e+02,1.087000000000000028e+02,1.504000000000000057e+02
1.150000000000000000e+02,1.175000000000000000e+02,1.554000000000000057e+02
1.175999999999999943e+02,9.440000000000000568e+01,1.465000000000000000e+02
1.371999999999999886e+02,1.012999999999999972e+02,1.335999999999999943e+02
1.719000000000000057e+02,8.879999999999999716e+01,1.411999999999999886e+02
1.545999999999999943e+02,8.809999999999999432e+01,1.439000000000000057e+02
1.414000000000000057e+02,9.270000000000000284e+01,1.137999999999999972e+02
1.470999999999999943e+02,8.229999999999999716e+01,1.235000000000000000e+02
1.341999999999999886e+02,9.900000000000000000e+01,1.122000000000000028e+02
1.330999999999999943e+02,9.729999999999999716e+01,1.077000000000000028e+02
1.401999999999999886e+02,1.095999999999999943e+02,1.102000000000000028e+02
1.480999999999999943e+02,1.274000000000000057e+02,1.214000000000000057e+02
1.364000000000000057e+02,1.152000000000000028e+02,1.355000000000000000e+02
1.369000000000000057e+02,1.180999999999999943e+02,1.361999999999999886e+02
1.420999999999999943e+02,1.095000000000000000e+02,1.235000000000000000e+02
1.376999999999999886e+02,1.187000000000000028e+02,1.264000000000000057e+02
1.358000000000000114e+02,1.069000000000000057e+02,1.289000000000000057e+02
1.410000000000000000e+02,9.690000000000000568e+01,1.360000000000000000e+02
1.455000000000000000e+02,9.709999999999999432e+01,1.320999999999999943e+02
1.409000000000000057e+02,8.820000000000000284e+01,1.345000000000000000e+02
1.444000000000000057e+02,9.179999999999999716e+01,1.197999999999999972e+02
1.455000000000000000e+02,8.150000000000000000e+01,1.284000000000000057e+02
1.429000000000000057e+02,8.859999999999999432e+01,1.325000000000000000e+02
1.281999999999999886e+02,8.090000000000000568e+01,1.212999999999999972e+02
1.222000000000000028e+02,8.940000000000000568e+01,1.232999999999999972e+02
1.069000000000000057e+02,8.520000000000000284e+01,1.100999999999999943e+02
1.017000000000000028e+02,7.250000000000000000e+01,1.127999999999999972e+02
1.007999999999999972e+02,8.500000000000000000e+01,1.150999999999999943e+02
9.600000000000000000e+01,7.190000000000000568e+01,1.042999999999999972e+02
1.042000000000000028e+02,8.640000000000000568e+01,1.112999999999999972e+02
9.570000000000000284e+01,8.329999999999999716e+01,1.157000000000000028e+02
1.000000000000000000e+02,7.679999999999999716e+01,1.129000000000000057e+02
1.084000000000000057e+02,9.429999999999999716e+01,1.077000000000000028e+02
9.909999999999999432e+01,7.600000000000000000e+01,1.082000000000000028e+02
1.010999999999999943e+02,8.779999999999999716e+01,1.135000000000000000e+02
1.075000000000000000e+02,7.759999999999999432e+01,1.192000000000000028e+02
1.094000000000000057e+02,8.109999999999999432e+01,1.204000000000000057e+02
1.405000000000000000e+02,7.990000000000000568e+01,1.065000000000000000e+02
1.105999999999999943e+02,8.150000000000000000e+01,1.127999999999999972e+02
1.092000000000000028e+02,8.500000000000000000e+01,1.155999999999999943e+02
1.087000000000000028e+02,9.540000000000000568e+01,1.185999999999999943e+02
1.187000000000000028e+02,9.679999999999999716e+01,1.095000000000000000e+02
1.112999999999999972e+02,8.259999999999999432e+01,1.049000000000000057e+02
1.224000000000000057e+02,1.122999999999999972e+02,1.152999999999999972e+02
1.144000000000000057e+02,1.115000000000000000e+02,1.598000000000000114e+02
1.450000000000000000e+02,1.348000000000000114e+02,1.491999999999999886e+02
1.303000000000000114e+02,1.300999999999999943e+02,1.539000000000000057e+02
1.464000000000000057e+02,1.788000000000000114e+02,1.783000000000000114e+02
1.500999999999999943e+02,1.350000000000000000e+02,1.776999999999999886e+02
1.911999999999999886e+02,1.823000000000000114e+02,2.179000000000000057e+02
1.616999999999999886e+02,1.441999999999999886e+02,2.125999999999999943e+02
1.455999999999999943e+02,1.468000000000000114e+02,1.885999999999999943e+02
1.614000000000000057e+02,1.528000000000000114e+02,2.191999999999999886e+02
1.485000000000000000e+02,1.578000000000000114e+02,1.865000000000000000e+02
1.444000000000000057e+02,1.505999999999999943e+02,1.769000000000000057e+02
1.769000000000000057e+02,1.435000000000000000e+02,1.834000000000000057e+02
1.485000000000000000e+02,1.719000000000000057e+02,1.985000000000000000e+02
1.588000000000000114e+02,1.340000000000000000e+02,2.145000000000000000e+02
1.898000000000000114e+02,1.455000000000000000e+02,2.205999999999999943e+02
2.070000000000000000e+02,1.373000000000000114e+02,2.005999999999999943e+02
1.915999999999999943e+02,1.556999999999999886e+02,2.060000000000000000e+02
1.856999999999999886e+02,1.520000000000000000e+02,2.011999999999999886e+02
1.816999999999999886e+02,1.641999999999999886e+02,1.916999999999999886e+02
1.736999999999999886e+02,1.420999999999999943e+02,1.929000000000000057e+02
2.003000000000000114e+02,1.581999999999999886e+02,1.789000000000000057e+02
1.933000000000000114e+02,1.521999999999999886e+02,1.901999999999999886e+02
1.815000000000000000e+02,1.500999999999999943e+02,1.834000000000000057e+02
1.881999999999999886e+02,1.284000000000000057e+02,2.095999999999999943e+02
1.760000000000000000e+02,1.496999999999999886e+02,2.021999999999999886e+02
1.820000000000000000e+02,2.153000000000000114e+02,2.505000000000000000e+02
1.915999999999999943e+02,1.525000000000000000e+02,2.333000000000000114e+02
1.613000000000000114e+02,1.724000000000000057e+02,2.228000000000000114e+02
1.515000000000000000e+02,1.470999999999999943e+02,2.425000000000000000e+02
1.885999999999999943e+02,1.736999999999999886e+02,2.456999999999999886e+02
1.999000000000000057e+02,1.644000000000000057e+02,2.501999999999999886e+02
1.968000000000000114e+02,1.923000000000000114e+02,2.658999999999999773e+02
2.084000000000000057e+02,2.205000000000000000e+02,2.621000000000000227e+02
1.921999999999999886e+02,2.155000000000000000e+02,2.464000000000000057e+02
2.440999999999999943e+02,1.683000000000000114e+02,2.441999999999999886e+02
2.266999999999999886e+02,1.720000000000000000e+02,2.074000000000000057e+02
2.040000000000000000e+02,1.853000000000000114e+02,2.176999999999999886e+02
1.675000000000000000e+02,1.601999999999999886e+02,2.051999999999999886e+02
1.754000000000000057e+02,1.810000000000000000e+02,2.364000000000000057e+02
1.599000000000000057e+02,1.509000000000000057e+02,2.164000000000000057e+02
1.953000000000000114e+02,1.628000000000000114e+02,2.224000000000000057e+02
1.959000000000000057e+02,1.423000000000000114e+02,2.085999999999999943e+02
2.183000000000000114e+02,1.374000000000000057e+02,2.036999999999999886e+02
1.856999999999999886e+02,1.444000000000000057e+02,2.206999999999999886e+02
1.405999999999999943e+02,1.310999999999999943e+02,2.434000000000000057e+02
1.556999999999999886e+02,1.301999999999999886e+02,2.540999999999999943e+02
1.748000000000000114e+02,1.050999999999999943e+02,2.399000000000000057e+02
1.740999999999999943e+02,1.255000000000000000e+02,2.281999999999999886e+02
1.723000000000000114e+02,1.250000000000000000e+02,2.230000000000000000e+02
1.654000000000000057e+02,1.259000000000000057e+02,2.129000000000000057e+02
1.828000000000000114e+02,1.366999999999999886e+02,2.215999999999999943e+02
1.675000000000000000e+02,1.485999999999999943e+02,2.250000000000000000e+02
1.560000000000000000e+02,1.504000000000000057e+02,2.135999999999999943e+02
1.519000000000000057e+02,1.370000000000000000e+02,1.884000000000000057e+02
1.739000000000000057e+02,1.454000000000000057e+02,1.915999999999999943e+02
1.590000000000000000e+02,1.495000000000000000e+02,1.884000000000000057e+02
1.711999999999999886e+02,1.295000000000000000e+02,2.020999999999999943e+02
1.803000000000000114e+02,1.358000000000000114e+02,1.838000000000000114e+02
1.864000000000000057e+02,1.391999999999999886e+02,1.861999999999999886e+02
1.828000000000000114e+02,1.474000000000000057e+02,2.215000000000000000e+02
1.916999999999999886e+02,1.510999999999999943e+02,2.255000000000000000e+02
1.915000000000000000e+02,1.673000000000000114e+02,2.061999999999999886e+02
2.090000000000000000e+02,1.975000000000000000e+02,2.299000000000000057e+02
1.909000000000000057e+02,1.690999999999999943e+02,2.536999999999999886e+02
2.125000000000000000e+02,1.963000000000000114e+02,2.474000000000000057e+02
2.111999999999999886e+02,1.799000000000000057e+02,2.560000000000000000e+02
2.058000000000000114e+02,1.854000000000000057e+02,2.890000000000000000e+02
2.196999999999999886e+02,2.285999999999999943e+02,2.716999999999999886e+02
2.405999999999999943e+02,2.451999999999999886e+02,2.358000000000000114e+02
2.220999999999999943e+02,2.270000000000000000e+02,2.451999999999999886e+02
2.094000000000000057e+02,2.306999999999999886e+02,3.118000000000000114e+02
2.071999999999999886e+02,2.434000000000000057e+02,2.891000000000000227e+02
2.240000000000000000e+02,2.678000000000000114e+02,3.106999999999999886e+02
2.875000000000000000e+02,2.948000000000000114e+02,3.018000000000000114e+02
2.591000000000000227e+02,2.175999999999999943e+02,2.578999999999999773e+02
3.035000000000000000e+02,2.318000000000000114e+02,3.151000000000000227e+02
2.591999999999999886e+02,2.448000000000000114e+02,2.921000000000000227e+02
2.530000000000000000e+02,2.405000000000000000e+02,3.123000000000000114e+02
2.445999999999999943e+02,2.113000000000000114e+02,3.148999999999999773e+02
2.244000000000000057e+02,2.115000000000000000e+02,2.813000000000000114e+02
2.423000000000000114e+02,2.104000000000000057e+02,3.021000000000000227e+02
2.470000000000000000e+02,1.969000000000000057e+02,2.911000000000000227e+02
2.456999999999999886e+02,2.394000000000000057e+02,2.756999999999999886e+02
2.848999999999999773e+02,2.010000000000000000e+02,3.380000000000000000e+02
2.593999999999999773e+02,2.423000000000000114e+02,3.115000000000000000e+02
2.380000000000000000e+02,2.116999999999999886e+02,3.036999999999999886e+02
2.261999999999999886e+02,1.820000000000000000e+02,3.061999999999999886e+02
2.228000000000000114e+02,1.680000000000000000e+02,3.228000000000000114e+02
2.190000000000000000e+02,1.569000000000000057e+02,2.463000000000000114e+02
2.033000000000000114e+02,1.505999999999999943e+02,2.315000000000000000e+02
1.916999999999999886e+02,1.663000000000000114e+02,2.480000000000000000e+02
1.860000000000000000e+02,1.810999999999999943e+02,2.296999999999999886e+02
1.881999999999999886e+02,1.515999999999999943e+02,2.275999999999999943e+02
1.721999999999999886e+02,1.345000000000000000e+02,2.088000000000000114e+02
1.731999999999999886e+02,1.384000000000000057e+02,1.986999999999999886e+02
1.598000000000000114e+02,1.620999999999999943e+02,1.959000000000000057e+02
1.390000000000000000e+02,1.445000000000000000e+02,1.821999999999999886e+02
1.510000000000000000e+02,1.325999999999999943e+02,2.043000000000000114e+02
1.538000000000000114e+02,1.480999999999999943e+02,1.894000000000000057e+02
1.349000000000000057e+02,1.215999999999999943e+02,1.650999999999999943e+02
1.339000000000000057e+02,1.195999999999999943e+02,1.723000000000000114e+02
1.257000000000000028e+02,1.025000000000000000e+02,2.181999999999999886e+02
1.400000000000000000e+02,1.017999999999999972e+02,1.688000000000000114e+02
1.459000000000000057e+02,1.000999999999999943e+02,1.850999999999999943e+02
1.142000000000000028e+02,1.000000000000000000e+02,1.545999999999999943e+02
1.177000000000000028e+02,9.970000000000000284e+01,1.448000000000000114e+02
1.400999999999999943e+02,8.220000000000000284e+01,1.310000000000000000e+02
1.408000000000000114e+02,9.290000000000000568e+01,1.330000000000000000e+02
